filename,split,sha256,num_objects
000001.png,train,001682ba1b478c3b91f7903d2b8a10c96ec0beec51f022b1fb369efca17088ee,2
000001_bright.png,train,2b45888ec92cb4124afc71cac33edcf327f97f2cf89bdf9cd7bc1fb68e6aa25e,2
000001_clahe.png,train,78e46d19e2df9438cb6b3ac41511d34716784578d6a3da51a0ddc7f37fb3bfe9,2
000001_fliph.png,train,c8966608960a0c4e42ee1c931d5015b18f188114e938e50cba311f8c283b190d,2
000001_rot90.png,train,9ff53f1433deeaf6857d0c118159b56e2b4b007d8d06c655eb95825ade746f28,2
000003.png,train,fadd97f766f9de19acb0792e4fa83ef081a4f43bc36f7da79b702bcbc65f843c,2
000003_bright.png,train,4a7e7287c978895d53f1eb88e40a72cd11d5f2fb6b565529db975fefc7dd0a7d,2
000003_clahe.png,train,e37da7e42247796076f3f4b40840384c713cc8cd1a6151f76fa935a52e9811af,2
000003_fliph.png,train,674c8006e407b2bbcc49402afac7627fc47e2da863543a201cacd24f589b814c,2
000003_rot90.png,train,6177f1359db37c0ebd15b0c222bab9fd544180290048b2c7f1c0e1434d0be7fe,2
000007.png,train,6b6b6636ca6ab593ae0dafa2b12d4b5abe83879a4cccbfba8a89ee9678bf717b,1
000007_bright.png,train,27c36c759b0d0eb74f561e91839db78e28344810a0a4ab93f996a96bfd1c1ef3,1
000007_clahe.png,train,105619aca572dc4a694018178dcb4a8c44993c2a0087e5826780d4bef8f3e78b,1
000007_fliph.png,train,da82b7103944b929b8a0e5f9bf6e66991891cb7eaa4f53cd7005dc91aeffa2eb,1
000007_rot90.png,train,9ed0409b1761d4023b7ef0908213f6c28ef32ba614e82a2275bbf7c8f851791e,1
000013.png,train,e5798aed9a857a6e604bef57f2340584a79a451959371f3ed3f027486245b578,1
000013_bright.png,train,b51e02435d1d0f35fc506c44024afd0ae1865c49f0a3f58fac6a9c3a65b2a83f,1
000013_clahe.png,train,71d7b8d09105b23886b071a58058aa52920f8892abbe98a5ef68217077b46513,1
000013_fliph.png,train,13806b5d981745be190d7bbb235f23efbd365047e6d0c74f5be9943fa0639586,1
000013_rot90.png,train,da77ae77fdb92788cdb57b85a5badd30d17a1dd04044b2d41257b2f7309cee0d,1
000014.png,train,0a816aad3f37fa668d2e50bed47310a552286bf25795ce1dbc8cd11d091c9c8a,4
000014_bright.png,train,6af67e16bbf857784c5aed4d05ec34e5470c3c25d167c38b62d8ebc73d298e5d,4
000014_clahe.png,train,42fdab864d66c43d2144ede95f13d6c73ff8a0e00699095b89b5898ac44166d2,4
000014_fliph.png,train,a75961badf4d872f84064f58b846d54ab868adf369088a1e07029132c2213885,4
000014_rot90.png,train,9402c45272e3274a308153a75b4b22b14d22b60ee58f3bcce4ec9faba5e15413,4
000015.png,train,32de22f2053fadb9737f771520925f83a6e8ef46fd99956c02be4d517bd38a55,10
000015_bright.png,train,8e928cfb1cbd4b7aabe7e43c59974597c684a3e72a0e895fd6ad4c5f7db39fcf,10
000015_clahe.png,train,f95cb1645b1de5a6c2936d2ee808acbcfe8dcef8ebf85605a03e3b980fd30c5b,10
000015_fliph.png,train,df5d8f74f550b3b0e18eab165efddd8fdab18d8f3d8f120215ee7fc76909ac47,10
000015_rot90.png,train,e25fbd38912cc0c4b76eb8a099e8831afae0293f141c589b68cdfb3bd8fd15a9,10
000016.png,train,005d458c6bbe4737842f5bdade4b5d713d0049489514fa673a7bcf3033ecfd57,10
000016_bright.png,train,394f0f06b4c2464feb3a59bade23f38a5722e71e586845d94dbb0e1999572b55,10
000016_clahe.png,train,c21af5a5c8abb6bd25dbedac2aed3cc24c4c8cabdb53ca90998558e979a2cebd,10
000016_fliph.png,train,6e16a66fe2da276eddd7663bf41ee541ec557aa55f56ba8339ed2164449ff266,10
000016_rot90.png,train,492777c2f72cf2627663520552b052b960ff3311ec60b041e351cf7ed50e51aa,10
000019.png,train,cbc23045b4a6678b1c808a2164eebea260f491342c2f4ac666d38d9db918a3f6,1
000019_bright.png,train,01d6f25e18605433eed18122072d5a78ebf9be59706201fba4a6e5232fcad14b,1
000019_clahe.png,train,88158d8efe1f4cdaca9330fae63dd48eacf16564ef0b14235281b6c326a4055c,1
000019_fliph.png,train,ecbceb1a460e233d2b5862d392dfda970f27951e57de9496d2e3d0217c875e21,1
000019_rot90.png,train,6fd7f408b48d980edc1c6487e322d7b0aef4a620459276f6dbd4ae5a903ce526,1
000021.png,train,dc1e69e984db23c698794b59301b9af54109c7c8ad2ac0395d733339c7a4bc39,1
000021_bright.png,train,bde0d069f4e8fcda54d781b5cd45f902345c9abf950acd1b4fcb2392095f9d85,1
000021_clahe.png,train,9c3b14c3c53a94e35ab510939bca61bb5e745c6c187a2a4810551954d96b85f5,1
000021_fliph.png,train,da080a16060cbee6760ba9c5ee8070eedc76a065b8c93ce0926ac3b424b3b9da,1
000021_rot90.png,train,0e35390f7a1dcede1e4b0d02bfa30bf889fcd9f35ac03231b35a3904db7fd0db,1
000022.png,train,eb7e0eef0e6d053527952fdc08a1df32825491e538cdfe0a3232c6e1c2eee47f,4
000022_bright.png,train,92f574d0782933f613761e629fb0172dd3300f196063f0fe7a8f7ec48dff5c9a,4
000022_clahe.png,train,07d0c7a5ace1672e87f7956bf91a117f2d18e277120e78a8b54bcc00bc40f789,4
000022_fliph.png,train,5e870bf728ea0e0ded6955e23aec3a00827a759f52d73ff49933395c31eff01b,4
000022_rot90.png,train,30c273a59791abd75a538c8d2b20a11874a1cf55cbe379aaff9ac5e5dea1c43b,4
000023.png,train,507ef46521ded943cdfa395f6c0f13a9868fc415f0827ef2711e95d7e39bbb4c,6
000023_bright.png,train,27e2dc63f6b2c9d3769031bf8a6bddbfe63937dd5a4390cff94d09861c13a929,6
000023_clahe.png,train,3a88d3144b7673d16b286ccddf2e2f017d046ca02a68de4b8e9656ccd8dc03bb,6
000023_fliph.png,train,85bc8f70e773bb84d5bb915d2668526c07bf433172319710ad2942369a20ccb2,6
000023_rot90.png,train,ef6f69e16d9a6517af642e1777fe56fada972dd8b5b449e183a43e332b5ce1b5,6
000024.png,train,48f4f8b9ec0084dc35a96c71e0c7d638f242389eb8dd62ec399c780a16d43077,5
000024_bright.png,train,5c50f91f46a270d3184882e366ae934874e396eb0e6de69fc51e113051004790,5
000024_clahe.png,train,443dfe0f861ac8549b97c8c60d4b2b9c9dab3d3c231d2790729c1a2f2af3bdf9,5
000024_fliph.png,train,1878ebe0df59e4feaffbcec51fdff141ffdbf52cd8caebd574290b85d3a82ea6,5
000024_rot90.png,train,3df8e4e64cd4649befa2e322e71181ecd07a7a7955bd40ee549a54f41d6a1e4d,5
000025.png,train,dba3debebff970af19ae95412338396939390fc1409410986c63fc3028748b1f,1
000025_bright.png,train,88f2495216442e3b374e3a5e25d3f69cb7143138b3fefee135cde579f6dde804,1
000025_clahe.png,train,5f53fa86966bbdb5036d748aa7b8e3033415b8559279300c4bc89e2da3dc8e1a,1
000025_fliph.png,train,8f84ff6677a64df4a3c56edf8eaa1ea6db8180ad7f30cb5e86f5c145b4fe9f97,1
000025_rot90.png,train,df519779895bbc88bff8503a6cd8077a6a8e3e772440fcd4294cdb787b09cd1d,1
000027.png,train,3637c8c6fa1d8882556275b43663e261c0a188183292ad78db04195437f86bd0,1
000027_bright.png,train,7861da1ccab1cda5db14fcd1d012fd51197f31544f04f5caa676b662c4347c11,1
000027_clahe.png,train,89de3b876130aec6a6e8fb8bb9c591b833b9cd2f219423487f16bb0628b0bf54,1
000027_fliph.png,train,55f4dd9fcba8959a45fa346c67e23db5c9d916cc9ee026e6f753ab1a159c7e25,1
000027_rot90.png,train,3f23d12dbbac75bd9c92c3017da9d005ad2425f345371f16e74aada7402aa8f2,1
000029.png,train,21b698d4725a554512f78c104579d33aacb8cbb1e21f1663d8aa996d2367faef,1
000029_bright.png,train,394f9ca86401fa63db385eefa299a141559529f02af02051130a65ba73f8c40c,1
000029_clahe.png,train,a19f58e0d0bd26f998cf5ebd928b9806d49acd088eae42645b6ee71ea540c173,1
000029_fliph.png,train,5e45116d9109315e71bdfa3f828c3c5ede5d6bdd2bc147663c71932fae646071,1
000029_rot90.png,train,135147cffa47f5d5cf28983b25b763d0b49f730cde035a7f2e31201dc5af792d,1
000030.png,train,4c07879068cea73d5e1910f074521d1cd850b07d645f11eceffa1b80d782db34,1
000030_bright.png,train,29e05d51b82edd999cc3791edf70a462b4d4e95d20ec302080813cf76a1f8780,1
000030_clahe.png,train,cbe3279e4948182250a629397c9af9d09c1561e51a5f65c114c3bf081fd59504,1
000030_fliph.png,train,00a4d1a4dc5a2340b00182aac0da9299ea3ce1b3f4ef252d68d63b95c18bab37,1
000030_rot90.png,train,7695bce5d076de3a9af504477f7249fc357ca81e98405faea30ec9a97d333f37,1
000031.png,train,d3bee98b5ab9faa8454fd039205dc9e4e4d1fdf9b8fb419c66c0a21149ecab77,1
000031_bright.png,train,98ed5c2fb698271c503fd816c0767c9160aed12b848e058ca0a1df477c3784de,1
000031_clahe.png,train,5c4bc47f2b4da5ba7333e6f196f80db175d42c50839c9a87b7f93efabb22c7e0,1
000031_fliph.png,train,9eb26016dae6b3b0fee24dba95bece35d4716b392ecc0ccbb7ad8289ba6ea7a7,1
000031_rot90.png,train,ac6e32847ed349a4680c5b4970c54c132a24fed7f5b739e14e9d0143239e2f58,1
000032.png,train,962bf79ee74db599246be6cb7f4833beaf9cc14985fbe48a1d94c35da104282f,1
000032_bright.png,train,2aa699af9528c8c4c8ce64c5e166de8111ebaf200f1180ede7c9c94f570963b3,1
000032_clahe.png,train,16dcd7aef57a469656633ee273117435c0ebe3b96c10df7e365363fbee1a58d4,1
000032_fliph.png,train,4328a33397a3b4114c9aba40aac26211d620d626e90c3eee6daaa0f10f031d68,1
000032_rot90.png,train,108ff197a0a406be42047cc50dadf7bdbc21ae3ade020897a3b1594e938e8cea,1
000034.png,train,56c1274c0a1f9d8f642b4e683b040f30e64bc451f46f229b7a5505de293aa91d,1
000034_bright.png,train,f5e4379fd34a64811bdc04d8560a97a71906068d2df2aed3f1126fb25e58118c,1
000034_clahe.png,train,b4ff701996471c9cd9a5592b5320493db669ff19b108e5f4521b14568eb44126,1
000034_fliph.png,train,8f58aeb8db0002942d27d4b84e9a70289d92a9b42c2590fa77c13f0913d72516,1
000034_rot90.png,train,c8af956bd7f60da051bbe794b391ca9863750faa6413c270417c2d033629fb6d,1
000035.png,train,bd88a8a66ff9d73231bfbe9cdb1e7c42c23c38c56ced9a8be4db46c045f2e430,1
000035_bright.png,train,0b4ca1b518a98c7afbea071df617f571941ba8c7c22220b117eb134ff78b00c6,1
000035_clahe.png,train,82a5cef8fb5d147c2a3742bbe38989cdd4c8dda175d5e168e3203ccbacdedf76,1
000035_fliph.png,train,79199740fe32d5c8658f28e323b572b66c12220d3f0f2b06d211077e1c4b0d34,1
000035_rot90.png,train,e85476fb1ebdbd7302822e4de91f1a4ee489675ef77e09ad7291c65b7b0d3793,1
000037.png,train,29aebdc4469565e3dd5adde520fe803da14ea12a401ff1f894561257e2ca26a1,1
000037_bright.png,train,c86071f0f3ea4b3ff0f799131c896584c2355f878d201d4a5a9ce4f021f45f7e,1
000037_clahe.png,train,195ea75155562ae58ccbc5e18b4d41035b294a3b43d7e4a119b1126f9cbef713,1
000037_fliph.png,train,319c4e2a039d3706b477166371e967644a887ccf05a568cf78ac548c11a03988,1
000037_rot90.png,train,4040d813dd66223ce510ef22be3ce6a253c726caa0bc6a74694182f8bf4aed07,1
000039.png,train,3feb8ef481f643570b0f141376c8046ac49758b07736657762108fbc561bdc66,1
000039_bright.png,train,d788405b6a01cee9e6806fe71d819b2048828385ef544454349b71494e12522c,1
000039_clahe.png,train,c86195c989ed3e3fa4c42dbddf3c331a08bed6eebab33818ab694da006cdf929,1
000039_fliph.png,train,bff2f89a9d3801275ed1869383abf3447e707b8828150540ac0cfa2101413086,1
000039_rot90.png,train,3dc6a75bc577adeb7d87cd87d3bcb32a3acdca62827f41622f9497c14368bfa9,1
000041.png,train,cc8fa092467982d84f5b7941bcdc5e391b620aec119c17c42ea5ea88484abbba,1
000041_bright.png,train,29f5f9c58271bd6e80fa17ed5725a34f0e07e3dd89bc0187bce69529b7b9f1ca,1
000041_clahe.png,train,7f201cc098c6534efe99fad58c40b7b0bc02bdd9d8074cf057eaae2702007f44,1
000041_fliph.png,train,55fde231e286ddeafe5cedcaa371d515e76cb72380dca221db55b573503aa67e,1
000041_rot90.png,train,87f6cb6f386da732bbc05f063d95e4419bfa7e45174973b7eb45ea27d454326c,1
000042.png,train,abe76a97c1a0a8521415ec4f70f87edd7ae3739a8ae76619374029bd3a8407b2,1
000042_bright.png,train,0765949e4bfed66e63371e560e5159864436b40adf06a41a2440309092633271,1
000042_clahe.png,train,b3d4cf3d3b3f70c44e21567de2d9cf286cac5d932e1a746f81c404ff64890dcd,1
000042_fliph.png,train,e04116839d725a57b2f21b9e5f817a182b7727fd4a9acce3b19ae75d2cb44e7d,1
000042_rot90.png,train,942b43561d19cf52a319fc3dd8a44b1b358f4d8ed128ef6a3b16dac5b40660e5,1
000043.png,train,c91efb27a0fa0bf96acd01f8f3853bac60be0bd1099200ec1e0dcc65b73503e7,1
000043_bright.png,train,321f4890b6dd56c1777cbc17d24292dd5196c4d94ad5a3066bd705c2001480a6,1
000043_clahe.png,train,11dd5e5b3c52bb2c9a87cce1f8e74ccd923df70539f50fa3478064322bffebfc,1
000043_fliph.png,train,1ae32951b66932138b37aa717b99ee20cf9bc5d1c8a010ea15c02cdae679e5e3,1
000043_rot90.png,train,e35d10a8b74aa53ea907fdcdc17518988f27872eaa6cdc9a4f9360cc7e1070da,1
000044.png,train,7c63e4346776ec8f5021651b5aac3979780c02115b73e196f77b80e5b35358b7,2
000044_bright.png,train,7bab025e83baccf17dcc9595ba527095c55ea7e9e1dc6cac62114dbbc6e6bf36,2
000044_clahe.png,train,74f6a5b8561364c32b71fd16aae90604a41359adae0215c90aaba2cad2f95143,2
000044_fliph.png,train,f370f5466b472dd8628e2dad7f2d3afd2204b1f21ce3e026290d1bf2cf1ffc3c,2
000044_rot90.png,train,e4fe3f74e1cdb8997039901d50b53b8d30707e6957f9f28cf130d25b5df9b429,2
000049.png,train,ca9b86b34a085449b0848f7329120d4da31ee9d0b83bcae678855375c330e917,1
000049_bright.png,train,9aea993eb0fa8bac67f06387d4c05ef2825e147be7b0b5ae93ac619210869148,1
000049_clahe.png,train,39d43177365ac9f28ec2925329afc785769daf808f8a32041385a6130c48fbdf,1
000049_fliph.png,train,656f22eff8e6ff846d7f550c5eb9137e5dbb6c2f772a1fbfc573d632f2571e84,1
000049_rot90.png,train,4ac4adadec13f78b6f5bf524af4f9307b9599c3d965b7be409615f2f63d9b808,1
000052.png,train,cc5e44003739c31eaa065d6a0cd1e5e285d7ee11e7e55db089d83b35045551ef,2
000052_bright.png,train,acdce92688ca3c12dc81377c2e45dac57bdea11c8a9368a5ab0b02315f129bda,2
000052_clahe.png,train,48868d1074b03f29f12c7d46987d7e5b2582a2ae04f987bfd0a6f87ca8226f4f,2
000052_fliph.png,train,bcdd6ce2f53d15522a0346fd4193da582777035cf1176c79656ae338429e421d,2
000052_rot90.png,train,a901ffce081cc7a6fa8d674c36abcc4ed03648b0a0540e6de00cfcb34b45cae6,2
000053.png,train,72537b1486ec8eea6ee0fc4236ebcd440d94f769e932be26394c33a8c806385f,2
000053_bright.png,train,5e819ac78a6a4887b3ea83188824991f60cf6076ff19d87f84b3e63e51926de5,2
000053_clahe.png,train,dd79065d383f546d9515984346d900838ab4ff92dce568de4e41f46f1b08a2ea,2
000053_fliph.png,train,681dedb46b85bfe3164e88f0ce0ebc4b6f8d1ac93da89c55dfb62561291a4bba,2
000053_rot90.png,train,1dfd7d65f91b9bba77b71645e2908ea9ac9ee90f5a1c95c7398cb3c23ef3cdd8,2
000054.png,train,984e77dfb0c095c21069fb92077a9fbae84e3c71dbd928a3a39a539fb4c55712,1
000054_bright.png,train,5e84f09042c3b8cf15fdeea500d251c4dbe6fbf549d62e768fcf5298b2ab5082,1
000054_clahe.png,train,0ac531bd823c0b7db4c5061d87caf3fb202f4f43a5dcb67ce27c863f9589be91,1
000054_fliph.png,train,882b09934b2cab17a549f99a4d240f9cc19beea3d2aa6183ee9531949b460254,1
000054_rot90.png,train,ac98ca76a8596f8d852ccf33750b65d23b68496b94b0ccc32fc07ebfc88fd14a,1
000057.png,train,509dd81fb637387c30f757f3034e1fd337e185694eff6360b492b405cd6a2c39,2
000057_bright.png,train,3f8eeb70c738f45f2d2507d2b025f7e440ae698c33c837728b76b69d90b6a31a,2
000057_clahe.png,train,ce770e08778f8693ea884635fa9b5dfd8a9fe954532e5223892366cf1f4d8660,2
000057_fliph.png,train,6609fcc2e530e5c86b68d933abc5cf69fcadb5a16e95d0e92cb1e65a2c7f43f6,2
000057_rot90.png,train,d5eef040fa3e92abd60b22c8823c0c2dfc7b586bfe251895be47855e40b134f0,2
000058.png,train,ddd87de3702630325043862a34be79f662c15cf8457cbb44604115eebb8083f6,1
000058_bright.png,train,7c2d1b413fdd5d26f03e4abaace49d0948a6276c57ac3c829a6250f5a401ce6c,1
000058_clahe.png,train,2c21c2086e1e9e98c00a712ea6ffd9ecd2a9807b87f7e257d1e0ce34df44de1a,1
000058_fliph.png,train,8e3e2ddc4b92ace51735bf7a4616a295081214f14b0b12f93a35ba1c3e3c20d5,1
000058_rot90.png,train,0baa187d247f0e400051700aee0b799616da5f1a64729ef5ca09cba5c9dfda41,1
000060.png,train,f413be67a8f680b27e63d8364ee97dbb3936d0e623a8de677409f98087717629,1
000060_bright.png,train,ac60f9fd491ca9643a9675ff3cc41eca706654e942f3fb6dbcfa14de8f318f0b,1
000060_clahe.png,train,6a09196e6f4c7c730548ac1ffe1b93bc4574d5ae492135e09070838dffe0b39d,1
000060_fliph.png,train,6381bc73a96d0b68e4c97578ab34faa5b1949a5f86497af459072fd4bf1a53da,1
000060_rot90.png,train,2d9970a44edc0ee60574c9e617a7c428ee44df3718679f023c50608a3ac2e0e1,1
000061.png,train,2e6b30d65621e815e83e0b624b051b1c0f09e3f8ee0d03516a36374a63901d9f,3
000061_bright.png,train,2fac5e930652cf9b20eb3928db7972ca35108315c2db4965c3b9ad7034ee95c5,3
000061_clahe.png,train,12ad2b36f96e06d7bf25ef3a7d9708c8ea9eef367520f9d4c5da8ada4aaaafcc,3
000061_fliph.png,train,367747bc5597c8f1e43cd729bdf7f72328c052478435f02741322c19048f68f0,3
000061_rot90.png,train,b489425265d708eb195238269156f6fc91e75bd02ccbd536805e75304bbe8fb1,3
000062.png,train,018f6f52b50d14edf508dacb741ad801ddf7aeecdc064a54ee2d68e10667700e,2
000062_bright.png,train,47567ea0a5c73851b7775022c1abbd80459988cacf46ab705630e74f9a8c5e43,2
000062_clahe.png,train,965cd797a91d6f5b785b50f0e387480064900d88411f482f0b58f93867b5408b,2
000062_fliph.png,train,8c92ddf94265e085975003ad7f27c675b00ecd64d116dee54ad6bd8e6fcf922c,2
000062_rot90.png,train,644241425b5e76ccd17e95b2b985d8993a8188c1153b1c2db9884f981b80fef6,2
000063.png,train,d03591dc95229c17374340da434942c8ab915e0eabd7283829f2162805104328,1
000063_bright.png,train,26c450f59df6483ac6ac01c3dc25a799a7a9bc1477b73646f982408e96ff679d,1
000063_clahe.png,train,2afd0b594cfd605a87ffc79b09d82890b34fb408da85e1b3cafe612eb60e41ec,1
000063_fliph.png,train,adf5b36739558b063f5cb4a01c261203645d88cc588e723ff95b397bd2dd85ba,1
000063_rot90.png,train,5cd1003ccbfcb12367aebbb5e6111083b7c5f8451bbeed4af267e81a920460ec,1
000064.png,train,b7f8bf7eb7f7579bcffca03b6388768d164ad50d3e7a5e3778701e10290b363c,2
000064_bright.png,train,30f00740d9c05ff706feb06b4f626bef18ef1c61a05f49e83979477693c99083,2
000064_clahe.png,train,0986276328e5044cc605b9a5d12f730a23109fa17fa468b762d87ad04accad91,2
000064_fliph.png,train,68cc0e98c35582e361dcfaf8883fad673171d34075d5073ab6e45accce8163f6,2
000064_rot90.png,train,83df70354962bf3edaae5954d496bfb9b9c41ebff01bd2740f8b4044ac553578,2
000065.png,train,2220762bcde88f6ecba4a2a68c261cb0024fecc10b5741e182b7c0dcb18ce935,1
000065_bright.png,train,c84d47e2e8b9c6197a82d7dd609b1abbeba12a3f3cbe2ff58acc9009ad7cef86,1
000065_clahe.png,train,4fed2fbd33e1a4539dcbef8766a37e9fe9271f62c46841954c8991607c05643f,1
000065_fliph.png,train,8ce3af17b1eae47d9abf5890a2e9702c041bf5ea739adfda2786e281fc50e1cf,1
000065_rot90.png,train,d3f88a5e9635b491cb41a4a79acca02e0a4eeddb7857f1d9f61d024fd7041604,1
000072.png,train,d1de7867c57f6ae2afad5401f1709eebf1d97ef7df63497658372564c375fb90,2
000072_bright.png,train,8354767412424c71364107ac2789f37de10b03ae0f114b59122d6c7c2bc5d67e,2
000072_clahe.png,train,4f485a7bfca28ac3356a9f143b45ab89f0830d9501a68f6ba1559a2dd1f1d50d,2
000072_fliph.png,train,f8962ebba4d20f75fb7f050c482ae3ef55ba57845c7312771a13cbacc7a59352,2
000072_rot90.png,train,ed3fbea38edf127ae33567f34845e4644d9dd50af68418b4ac013d9dbb378641,2
000073.png,train,038aa4ace6320cdd98f11ff2343faf452016c132aca63d9b510a006a92444ff2,7
000073_bright.png,train,1b90126c6383b6922de2c238430f1080ef3059ca5d553dd7d95803a25dcd48dc,7
000073_clahe.png,train,83a171e711d26991e7608eb9b3ad6f6250cf15809e645f0b8ddc495522bf4bdb,7
000073_fliph.png,train,bbfb030fa59e8d9de78be76a9faf47f42505b8f1590e5dc5f124bbdb000821e6,7
000073_rot90.png,train,27aa3e9fa5146638e6a6d2edaa5f12bae797138f6f2a25e2f08da510df153525,7
000074.png,train,5b8a7297c82fd5b5872aea7e6ffa6a383d24c85d453f2fd20d3a9cca85379db0,2
000074_bright.png,train,458b5519fba2ff50ac014dcac32f9c38e8033d9f473cc48a0007b5d110725d34,2
000074_clahe.png,train,3e53c949934f7184665b6b57f6cbafbb4a50ed47941599a698d380444f8d87b4,2
000074_fliph.png,train,3c4ec1a9a4ece697832327b313746b8c764b07b18bb6ed862e9e79c934c2bbdf,2
000074_rot90.png,train,7f9f08adaf02b256a03d1389abae945a16a19b8cb3c5c10f470dc4c775c79f6f,2
000076.png,train,6efc59abec9f1d9a2ce2c1114894aa0a8633718a02d8a62847f41ec6a72f3694,3
000076_bright.png,train,58d93e96afe188412a467dcd809a528bde80708bba00dc3486ed942d841311bb,3
000076_clahe.png,train,962ed06059cb429fddb366fa1eae8b42e92775abf8e24b811a58fe134bd97108,3
000076_fliph.png,train,8acfce0301a009f6aae14114df647e6bfa359a5ffdc4c9f415f300d2e48c6812,3
000076_rot90.png,train,302bde10203b8622d189bee060ffb28f2d41f9cc686006bd3d29bc8770fa0fdd,3
000077.png,train,985a127dd2442390d0fb8924bc1d74f973ea631a61e156631537b3dd180dbd2b,1
000077_bright.png,train,20df3c1d6da8f70fa7430cafec73b29afa79d29adcaeb7100fa4242b6c891cc2,1
000077_clahe.png,train,8ed712d84c87f64db082b98782e5c5831d015176685fdfde70501698e1ea7763,1
000077_fliph.png,train,cb090b28a9c354a3fcd8fba50c58cea0e70ef114ed966b8e753bf2db7580e2e0,1
000077_rot90.png,train,29fcca4b85a76189f8339a51eb0f353cd8f8c563854dee4ed824f957ac6951d6,1
000080.png,train,bd438ea479052f2daa23c917cd7c35562ac8ac67904be2fc9e39747fbe912b39,5
000080_bright.png,train,f4ce126e94122011f0bc96b60b183faf09016a56d4b13bd6b5fe7656441b2aa6,5
000080_clahe.png,train,28671104095f60b8e50178125f64692446b9d350c7bb490944888871effc9d7a,5
000080_fliph.png,train,a406884507a7710e505b648d9b5a4a74220494bc3d2adad673a87747386331b6,5
000080_rot90.png,train,f40b303e3fe87808543b81e53b4b38a9af01dddda606ece91eee5b63cc7ba51f,5
000083.png,train,85b083318192121a4ea6d553dc54520c8e3097923189d777b3215faf2cdbd03f,2
000083_bright.png,train,2b0f163640cb706be79b630ef258deefba9dc11fa54e96c2eeb714c6644b760a,2
000083_clahe.png,train,47371c27affdf06f31ff79105c2d6e909312ffcd8a56e351116c2dc8eba5a131,2
000083_fliph.png,train,e6a782c8346e787bcb6213fb203971b40342b7166d04b79416aceb67e73027c8,2
000083_rot90.png,train,d7a9b586e746fadcfa8c4c9c1a43a877af20010416788411f356cfe7fdec4643,2
000084.png,train,66e3aaa855a8828285775b0be2c04a62021f827304084152c9060dee06d1b6af,5
000084_bright.png,train,2c8d4ec81645054e49a08ad111b279bf8cd4a676bec75ab522a4e7b774adf5e8,5
000084_clahe.png,train,2c101b28f2cc3be971a37ee9171bb8221f134fa42eb1ee0ff46e0f22337b381d,5
000084_fliph.png,train,9563c9c2ab77bb4cbd2b8302f7992979260656a04685b674fc1f85311a271522,5
000084_rot90.png,train,190307467045999cf22e552080ec0f1f5641d06fd7b66d39171328c3ed8ca28f,5
000087.png,train,924ca6e52f55e0847cebb1f88b8eba3f67aa99876bc426caabdf0fd6bd441301,2
000087_bright.png,train,ebb378b22a4876db17405e6349f718f0bc7d28fc20a0648693493e8b01ac5aeb,2
000087_clahe.png,train,b8b75debd6590ced4e771ce06d9507822d1229986b29e9b0f4003908cc2b3dc1,2
000087_fliph.png,train,4fded6a78511f033724a21ab0fe31f7ddd73ed8ac5cf610c6917e411470da5bb,2
000087_rot90.png,train,4d8d33ecb4797024d9fa1887bfb96d3b3c3fb412d98758066b7d00d2297fedef,2
000088.png,train,bd6c35111f706344b097dfe46ba52fa1fb4eb7c0d2636bbf2e1d4c063bc3f0df,10
000088_bright.png,train,6190aab1af756cca1aa40565902b24be4cf129415a320b75204ff0eb82014a18,10
000088_clahe.png,train,033dbecb203e0352cbcbaf2d8b8e9c1402ed3af71411d1a3e909bede33279ef9,10
000088_fliph.png,train,9a7189fb8cab32eb556cb404841638b78e6a61b318c1644b8cf43006b93cda34,10
000088_rot90.png,train,abd1f227556369f4f682d4ab8001d332879e1b093f388aaf0ae36c58c0a3279f,10
000092.png,train,bd123379f8d95a7991d106a7a978be5d2eef8917ed965a7f632e06c2942fb474,1
000092_bright.png,train,5cf4f69e5e1f20c746b318d31f1d79afe9cee7ba632c78fc505a247e3e4fc387,1
000092_clahe.png,train,b3d6c6bbf61d40746e6d0b49790af3677dce71166833d2b6ca1ccfb12c2435e9,1
000092_fliph.png,train,8b82122597fd5ac2e8402a90029f1c530708556c72caf5ee7b9945672c7da599,1
000092_rot90.png,train,40c0dfcb2edc4c2f950d4a943e86115a8521c25b81f29bfddd9f7e373242826b,1
000093.png,train,f664c2bdbfcbc7a74a74b2c6996997dca88a304f7d57a74c56b5cb86bdc60c41,3
000093_bright.png,train,d20c083bec838d0f47110f6bde1852374d8493bf1630f856fec5c42c9f22371e,3
000093_clahe.png,train,4c096ed38378dcf728db6c93344a3c36a5b39dc2104099009f88c1928a6292cd,3
000093_fliph.png,train,74cb079c0a311e4a30851b80e6b4ab2d89774de55dad151118fdf5ab247d90c7,3
000093_rot90.png,train,34eb86ef4f76b0709f3b11bdb0e177b9bd49a05f618b722c89022d644a1371e3,3
000094.png,train,571255d0ca99e227d17ce1a12b6834d52b2a715a2358f8bf412039936a062064,3
000094_bright.png,train,b19875d27beb08d456f24c81d873dcf9b478359da222627cc1b1d07560f922c9,3
000094_clahe.png,train,33ff70e0d0ba09dead52af40c63a948c21f8c61e8e14c6c40bf40f290b3b0059,3
000094_fliph.png,train,39b125987c1fb8e4eab0ade89a2d551865474ae720c58c1f6e58886a0799bfe9,3
000094_rot90.png,train,07a120c6b24dc7787d0cf604c450696dd26b71d73d7c60a1ecdd728a439a1137,3
000095.png,train,f6dc04f7f51189b39d1e52c89ae69b0801bd90f2009a084f843c45cf67d0e664,1
000095_bright.png,train,1ca5dcd613976aed80721dac46760306565d1bfe4dafb03fc39243b3e1933af5,1
000095_clahe.png,train,256e17ff4f6d89578976afaced286f8082ce5e286fb4fa399acc63ab99681a9c,1
000095_fliph.png,train,6a1f9b142a396e79fcfc1c734d26bff5888b19e7ac5db43a44988b92b9c84faa,1
000095_rot90.png,train,a61d5302bb5c1e93783e960265f8b5be46265b82bdb91ae7972e23e39f35d722,1
000096.png,train,222f1467f023115995379c1f968f309ecb70102960230b823b2fe0d901f991fe,2
000096_bright.png,train,6bfd8d70a5a101c2854a46de06dffbd53ddc883e362f9a0c70d4d1393229bc9e,2
000096_clahe.png,train,bf4460e2304f53ed77860030f9ef67c73b4a2283ff2bbaf12d2c5ce1865c462e,2
000096_fliph.png,train,dfc36416da8b57ccfbf5cda69608c39a04d21652436820ae265f540a14e63f7d,2
000096_rot90.png,train,f4e6afe99c041b24f1eeb9c28db3abae57bc9d822a1a1ccc0b9a7a2fb9e177a6,2
000098.png,train,c93eed1898cfe3c0858052642cd53111f02bbcc422e10c53c7bc2f2c08551795,4
000098_bright.png,train,3d4fce07dd3c107ebfc840cb54c140fd5e45eb0459bfc6aba91a72b1f4e87d4c,4
000098_clahe.png,train,a1d7c009a8ea932d79e9649ed6fc501b8237d15129f24fbdbcf27eaffda45c8d,4
000098_fliph.png,train,b803637b33fb0e3a1303860043fd0dc711472384a9a8bb6113145363990ace41,4
000098_rot90.png,train,fad9a4552c7f736111c740871117896745ac24d38bd94c1638624318ac4cfd3b,4
000099.png,train,73c0f65be2bdd666a72c5b2f0e091214059aad294bb3ed563af8ceae9b2ec604,1
000099_bright.png,train,3eaace4153fb492041cf179ad26dc7a5d0a82708c89626ba9d0648bd96c62a11,1
000099_clahe.png,train,6b7c399e318960183226f0dc04d94e08bfa6ee2d5349e014a3c6d41a178f4c0a,1
000099_fliph.png,train,12bbc3ae8449c827f024f3ff057127b1741faacbd9d6ae91b45924ce35c2f283,1
000099_rot90.png,train,96ec31a6ec4e2b59a6cae60092958bf43d81932e1e2bccbd23282956052da051,1
000100.png,train,87f66e244c764d987a52aff538f968d61b998dad854c23530a4cf2a8439d2402,5
000100_bright.png,train,264598b99d188cef7f73ed6f3c20db13e947807e6a7d0026ab453520345540b3,5
000100_clahe.png,train,7f7e5f74ccdef915390e2018e5453d4798a92eec404f79891aab94bad52d805b,5
000100_fliph.png,train,7dd2492cb0edad9fe2117ad38d50809c8569c56aaac5d032d240c6527ab954a5,5
000100_rot90.png,train,7f5587825830580cec103b80aa53370a6f7f2817ab3f89c00dcb26f45f702cf8,5
000101.png,train,4a84df560c54fd97289ea70657e7cca113446f742319abca27226759c586139e,3
000101_bright.png,train,b90776c7aa73085cec621e90e1590cc6f475c95f649b7f978a128fb06355c153,3
000101_clahe.png,train,25c4964efe3bcaaaa7af9a00035f1734f4796db19f79327bfa53702449ce1b2a,3
000101_fliph.png,train,973fd1e1cd90bfb87ed7d3396bd4b5f24ed8eab306cb1fd60fbe3c06abef9302,3
000101_rot90.png,train,be3c44ccff184dd6085857642618a424bd7722f3fc6893199f5a70baa12f047c,3
000102.png,train,8b5ff4b38240b0fd6900a9f519f5aa5069b693cb6c9e41038f2905c2342dcc46,8
000102_bright.png,train,638ec02ae576c53bb307da89d1abf61cb2ceff21f507de03ecbe237bb97199ed,8
000102_clahe.png,train,50bf03b8c00bc5b305483021ad5ec0ef33952420b5dc1b739b4c3a6d30cd7393,8
000102_fliph.png,train,31c7cb5baa1b54a7745ab00545cb82a0f3bca10487ab86a5c4e1cd3c2ea4f498,8
000102_rot90.png,train,8de0796e9f9d193f70a54031205f966ba4af2ecc94411897baca7fb057a7c472,8
000103.png,train,25308afc1d65eaa13ca6171ddeaa0238bb489ea99f1ea483eeef5ca8ea0efcd1,2
000103_bright.png,train,9cf60ff341dd75d401d1c6ebbb7ce6957c00eea37a548dc742ad03920c05042e,2
000103_clahe.png,train,73bb4618cb754cbaeb3f8851db6825864b07d65431e4deb7bf0faaa7b359665e,2
000103_fliph.png,train,fed7836252b50bb5b5f1924525f89038f3cc153b80b04bc61067236208ebe52a,2
000103_rot90.png,train,7f548a425fe8edcf6720ae5de2635317e8d77d5b4ecfeb2283637f4101b01b1e,2
000104.png,train,2685ba058116401bb4bdc03d93e5e3c1e7c644864886edbb989d149c46046593,7
000104_bright.png,train,3b45edf58fe50443fc335450c56119f39670546e22f4c2a5491b45115281be5a,7
000104_clahe.png,train,7585bd5d16ab0cad3bacc86f3ee3cf2dca4e79f03d8b406025d6ecf5d44a4116,7
000104_fliph.png,train,608274b24721a55dd815c83658b49ecb2f9725f807f50d1feed6cd8214adb7b4,7
000104_rot90.png,train,02104c923e2011b7344936c3578112915df693e3777e48df0587ed5a65e14c21,7
000106.png,train,5581ecaad68418e087b9ec20d5676cc95a1a2ccde1edc8842c7de67ea7c9ba1e,3
000106_bright.png,train,8820049ed85b04fb68ea80c1441b1c1761cd29a050bf65f5e284e9f6f3122d5f,3
000106_clahe.png,train,1db893bbd124a2687860a44f4552f438cce842bce005d685577ea0880a301013,3
000106_fliph.png,train,206afd37d7b08fe1a5a464704d0ef9e169889ec7285db10febe9b4a1f84d05d6,3
000106_rot90.png,train,9276a1a8eb90222b5e1d2c9a0378a6adde75f7eb7baa5024a51ce50a04ce9608,3
000107.png,train,4dd1bc18b483834776fc7b1adac92252478992ea5484df181eb7bdc1f2fe516e,1
000107_bright.png,train,cc70ceb7dfb8dc6e6f280cbc235236e8d0cb9bf2672391cbfafa977fb00989d9,1
000107_clahe.png,train,ab4ffa3a094c244164723062a4a75f9606d8c544cd8c0696b5424a5c631f304f,1
000107_fliph.png,train,d701670037127c153b561c4cd9f6f9115744b0ff81aa452d3dd771e740c57e17,1
000107_rot90.png,train,69fbe8991e46236c5f40354d6f657b92fd1c4ba8f3e2feaeaccdd472c5b2a6bc,1
000108.png,train,567a7a31116e495518cc220a72972ebdad5aad04c490a278b23ad6061f470d7b,4
000108_bright.png,train,eddb060ecf6c49629b9961461bc7d37cf8d05d6ab74424ec63117d250aa2f042,4
000108_clahe.png,train,a970965a7e67853d1a16ea3ef80c3a6487d632f758db7da35c476673ffc49a9a,4
000108_fliph.png,train,9e6455820827a576242dbd65f146af4c8c16bf9c0f80becb2aaa520cce0d1dd5,4
000108_rot90.png,train,137f98a8e0cde48014e2352c4dcb71fb229d4ecd984e5431f134536cbb1b109d,4
000109.png,train,fe2cbe024f63a1e0780a483df795e8d7b0c04872a41ce028d078985a7deacb3e,7
000109_bright.png,train,de73660231bfadd1b1aa3063fe225f543205b3906a21bd6aa8b0c68a0cf8b4e5,7
000109_clahe.png,train,0265bcee449b6dc3276f998572f4d8c7804a6ca45bbad0228b01ac88eda36dd5,7
000109_fliph.png,train,ef259ac3415f5337369102a5c4e538c3e637613595bb6d2ddc858d751d74a14b,7
000109_rot90.png,train,f2de3f43ffac2f3959225fe4daa5e72b3407017b416c270f0a0899218a3f68a1,7
000110.png,train,d00b91961d8f8123d8346273f0ff3d9c4b85262888056ca7f1ad7c2cae219455,4
000110_bright.png,train,cc925d2d8393e253e7b13de99af1e9abb8765dad98b47ff39cfda7efd77afc08,4
000110_clahe.png,train,68bdb2e7352702ec00c69b2fc9a0bc7070f039f0e1c560e8361aaa05da61301d,4
000110_fliph.png,train,2ba025f44c92dbb1e40b30aa3236c386b79d86d02bad6ac847238998c5e3b1c1,4
000110_rot90.png,train,3fa066c57be428a0fbf34e6721a50536b54a9c731cad1cdf59d5f89d6f4ebbad,4
000111.png,train,cd5a4f6e04f4f1c38fe9891542305eb35ede8e85c54b4a228d76c84f78c53e70,3
000111_bright.png,train,17e4c9f1244acf53563d22cc68aa91d15a9613f293d9937867f8e05aff7a25cf,3
000111_clahe.png,train,4694a7acb40a21ea1c6bfa296730ba308643d1c630d59656427cb2039034d199,3
000111_fliph.png,train,3009471f713405651801a8c601b5d435202572684d66c547594ca139d39163e3,3
000111_rot90.png,train,ecc2fb12f32866d28dfbaf17cdb66265fabcca09b6f23101c7797dd072a25dbd,3
000112.png,train,814b976a4c5b32181185511dbeef8270569e5166cad42b406c7f5a623224dbdf,2
000112_bright.png,train,0da765cf30bb454b69e6cbba090fbdd4fc7007fcf46be2338cca7c282781f2b1,2
000112_clahe.png,train,bf81f1c7158fc83440db153506b74f9119f034e472d338d45817d30746fcdec6,2
000112_fliph.png,train,98e8effc99b0f207073479d5e667578f8a287523a83b25a7ef3a99f8913401f2,2
000112_rot90.png,train,88aeabda6f188137c2f851c08953bab48231e67b17f330bbe7876728541a6e87,2
000117.png,train,c17b286d6f49e05b6933359b7b5aa1f429e2b9708a0b251426393b22f2481546,1
000117_bright.png,train,d259efe5513ae0c92932059dcb5c9753ca2796c85699533edd243ec6767a6140,1
000117_clahe.png,train,a74ca5ea6be8bf1f9944045244aa6375be2d0b0b0ee18d257b27dcf89a169365,1
000117_fliph.png,train,7e0f44f82bdc76d94cde671d92c2a091f61820f4ce8cde3a7ae64294b165a476,1
000117_rot90.png,train,56c0fe797e45da530925ede1a4dafddb46881b98867d6e5f1e5055215b9d0a71,1
000119.png,train,eaa96cbeae0038019c40b9fc7b3a274043823aa5da3e8e6c2bf23ef45e94df61,1
000119_bright.png,train,7e8ffb17a0f74e767a23b2478ba3425481398fd5552cd9fb183b5b92cfaa223b,1
000119_clahe.png,train,9eb5df6b9f4cb7f128983ad33a448ef0bbeee37c69bad7a6018e44b410e20c79,1
000119_fliph.png,train,ca6664b2d8d66af11c1063ca10d3b269caf511e170bbcf31796e90a2bc1da286,1
000119_rot90.png,train,158ca5a7ce7630d5399715c09597dc59330e8436a7dc26ae6ff1ffe3105b109f,1
000120.png,train,1f30e05522783b68e904447031eb9e9a770656efef8f69c15ab799ab1df6bb9f,5
000120_bright.png,train,93c8738429a7cb86686a69bfc0a11697c6dd870c4bd1fce67d5744bd682e0c76,5
000120_clahe.png,train,2cb4526b9c65780569a079ce2b3913dc2ebb5d585618f157f6633d22df01f5bf,5
000120_fliph.png,train,04ade06ee5bbf38411449849eb8732b9dc93aec667ca4f805790732cad94730d,5
000120_rot90.png,train,75edd112eb0eaacdf9e48be9083812b2e79b5e8cc4f38fdce938677e595b8216,5
000121.png,train,e13eae07b31fea69cab60e57a86e67662137b9f6cd0fa0d3103e26490d4a874d,1
000121_bright.png,train,201f201f9b19da3356c96049945a2122f2faa9b6fe7550228c024ccf31848bf2,1
000121_clahe.png,train,dbce92fa724a2c7d3d2a886d29f5487d742943c6822e3b0061f1d98ec9da3e5a,1
000121_fliph.png,train,a2cfc0cd9ca3e31af79d47c766b85969d98dd1eb0365914ee2cc82e7033d76ab,1
000121_rot90.png,train,6eeaa52bf8282947a2ccd47d24152254964b970183f4c8444b90ad108531f222,1
000123.png,train,a3d56d805db870b6083489f95d04b2a15a9d42b8151af9bd306e71d43706ba03,2
000123_bright.png,train,008d26c80e366a8929125c29b966515d5211cccde1dfdbaddf10eb7f3f21d5a0,2
000123_clahe.png,train,baf4e0584a594a5bc8c33ee2262e09758410de53ec96ea756f084b2239f9cdbf,2
000123_fliph.png,train,3b9fd9971e0af1b1329c4c56d765bee86b1ccdde57649766a8f5cce5895d69a1,2
000123_rot90.png,train,8c2c449e6d4440a16acba594201c64fb211fedee31d8c402ccd519c385d22a40,2
000126.png,train,d988575ced74a8fd20ab810d7ee9f396f31a11c33158c4d210eda9b007ade6c9,4
000126_bright.png,train,3e849b2c9152a05d57415613a25b663ad1fe3175eeaad666d3ab1b7d6e19d41b,4
000126_clahe.png,train,7f3a0e667c4b6065cc51510dc143ba905e9d158ad6b1388fa44354923e3d548d,4
000126_fliph.png,train,68d04637b99ff09b127051693ef19c9d23444f25b13a6637e3ff522d8cf11cc6,4
000126_rot90.png,train,3da7aa446c38b5f0b9417245fe5119731b2a2796a84cf22534a0e3e0b84ef8b5,4
000128.png,train,92aa9d3fa456540f4bfc90a19d5106ba87d6b1e5f3b38f904660b991e71aa765,4
000128_bright.png,train,1e09e1ac9af1ceb8b2e27961dba5b457d7da377a671ba617ee310a82916baa9f,4
000128_clahe.png,train,7831286f60fec16f1d5c9cd9ee6733451a613b581d9ef33050f3e210c1694313,4
000128_fliph.png,train,a0540e2e300039e871372558030bee69be8d8559023ddb22db7ab8b239dd5a80,4
000128_rot90.png,train,cd1dd704a720a148e265e4e8aa03a7992db869773b5b5282f3a2a17a8b341bca,4
000130.png,train,19de964010bf662b34965200e3b85d94b00b6502b631bc8700b5f5fb039f445c,2
000130_bright.png,train,b40db4946858da4766c6ebaef04b2a3a1c8fc52e7e3bac9a2c7afc13c9d38f54,2
000130_clahe.png,train,611dcbd29ca40737a895b4c76c020744509ea5b5dbe0b3514f4a72b67c35f5fd,2
000130_fliph.png,train,2c1b5e0a4a8fd7b16f46168fc696264ca57ed75de2c6c3fcb91571f018c2542e,2
000130_rot90.png,train,90ef947575079d09ddaeb7fc824e7c68c4d25c4ef649d34f831632d3c47b03ef,2
000133.png,train,6e8316825c30570ebd905b05e739c10893c59d584603fec9c0bba7911ba221a6,1
000133_bright.png,train,7dba4e3cbdc3e4bd67fc6ec4632393ec9afb82c180bf126b983aeca689cc15d8,1
000133_clahe.png,train,35523ca25eccc61c1af845a947a365f2b6fc85fdf36ddeb28eb82548d099c880,1
000133_fliph.png,train,db3be3122465a82972bcc196bb624cc63d23386a97136d6d460505e7fbb02767,1
000133_rot90.png,train,3df96157f8154994ab67cb0c01cc894e98b0f5fab58583daabe1e5ec2579e5a9,1
000134.png,train,553739317abc6da846fd38a804bb715d323b2a7630c51f7bee19d207ffcd7d2e,2
000134_bright.png,train,7e5fac5d935863552e1c9df45d9bfdf250ae77ef8bab35eae5d314c1d91bd693,2
000134_clahe.png,train,22315764fdd76d2e16f5276be414765b20f7224433581d86af75939e0d179f51,2
000134_fliph.png,train,2b13b8782986ebcf2bc5eab1aa8838dacf29f991269a8d91015e17e269fff34d,2
000134_rot90.png,train,98d8382669fbcacfb8b190a7b100229bdecdcbd94ffadd9ba9f30788dbc21404,2
000135.png,train,d12f6b7209ce765160c121465d77f24e4603b83e9be88f0c7e9eedddbd499003,1
000135_bright.png,train,2dbbc9d750d6d92b5a473afb119041a0c991750368882dd80f642a3e90f25530,1
000135_clahe.png,train,4f1806ee2b8dd2c1d1720ff9403825c252e4287954077f9584daac89fb6414d6,1
000135_fliph.png,train,a315c90b6884f4df0ffbf54e3f1959a85c797b0ad39146c3fe20b136fc4a8873,1
000135_rot90.png,train,d2768931019c0518cec40b8f4dc95943c8633daf0ad987eddd60936f1a55485e,1
000137.png,train,bfa4ceab3765e41e30c756df20a1dc8af01092b7104babc6657b576d82916aac,1
000137_bright.png,train,908108a66d0e37307ac6d35bb79219309a567bc9c73aaef404454f89bc481e8e,1
000137_clahe.png,train,2df186d939cbd44fdb2349f0e6038dda5ff99447a9b50dd1daf673bdac40b9c2,1
000137_fliph.png,train,2fe1c059929a91368a6bcf99a078b1dacbd8ec1c3934495775ce22bf140a1008,1
000137_rot90.png,train,55e1ad4bb81fc48aa5d0b6f5c98f2f3affb36747737c293abb4756b21878f04d,1
000138.png,train,c032e3fc4c711160588eddaffeab6468b438bd72415720fe7a58986369909cb9,1
000138_bright.png,train,a65998b8e371bf1f36e7dd1caafc0b0e4f9c3a8e95291a811908a78ff98bbabd,1
000138_clahe.png,train,c8d90fd050ab1a9f68e8e039f8962b7d99f9924bc2fd7a57cb2d649c62595c2c,1
000138_fliph.png,train,2c8a5df754e0f174e6d664a3319c2f4ba5bea2a37281e4a16315ef12b4c15770,1
000138_rot90.png,train,a38e61749914c4d56bc5312d76eb0dcefeb4c98fbece151295651f527a129372,1
000139.png,train,7f1f27509b3244eb15b297f5b8c7698f3b5132aeb539bbf726c04864eb1aa152,1
000139_bright.png,train,d675bc8bcf462ffc51fd259dfdf4fe602acf6981638c7c96885361eef8b78086,1
000139_clahe.png,train,1f14d9672cdb03637a2a00e12b45581aef95285d4dd319a0c36b6921da7cbece,1
000139_fliph.png,train,3cbaa07cfc3f63d73f50bf3d956f39de1efbe50d8dffe96e698c1fc9768db23c,1
000139_rot90.png,train,76b311d6dd1ed54d49a9206f50a8447fada77697d23b2a3cd462148bcc589c09,1
000140.png,train,c108213344982158eefc542e3e8ba1381478a12bf7dcb0004bec3d0edb89bb01,1
000140_bright.png,train,c021ff837efa7eca5f7993e7a1c34699cb7cf94cb88c957a4d30fcfc0ae17079,1
000140_clahe.png,train,e31a2ee8243d9231ce0272f0042e15835788dd1076d6877ca7b510444647b97c,1
000140_fliph.png,train,2866a96bbaa4529a6930e361b4986aacfe4f1872efe3d2e1d35ab1f453f06136,1
000140_rot90.png,train,5963f39e4929a8de90e9a616e1c30a0b9fecd832f856bc1ec0166564d8744963,1
000142.png,train,d42bb5ddc2d697f3a5b8a7e7793f4cf9fa5fc2766279b6a08243f9a234587f48,1
000142_bright.png,train,413d911defd50b111eeb44e7cc9684fb30677fee220ddf09265d784f08378076,1
000142_clahe.png,train,ac635160f2eb9d0d2fc37d2790a970902e99fd16f48c93056e6ba2a32477cee4,1
000142_fliph.png,train,a1ce8dd8e17ca6e7b93003162013d259162ea08c3fe1e38931123b7e3cf28e0f,1
000142_rot90.png,train,6a35ab2cf202320b00f190738978177fe2c174202ddb3b7a7846ba33c527494a,1
000145.png,train,390718df194ed4b51cf259b89a38f25efe78e107229dfa5f0a9c821e0673a585,8
000145_bright.png,train,1972ce222d5c98c3847148820edeb99537c5add5bd397a1a7bca8c20f4562346,8
000145_clahe.png,train,eb82a74b932ce5688059160582534704d19bf27ffcd58c4a1110642752887d73,8
000145_fliph.png,train,53013ac922b303c3ab4ce670b672ca039c806de14e32623cb8402a6ad842ddd7,8
000145_rot90.png,train,d010788ce53850080fbf8a84392315c8fc46639d2376fa7765140243bc0391ba,8
000146.png,train,1989f1fb8f6beb1e93ef2b5145d3dce22cadb1a667dc18de8dc0bdb37745f2b9,1
000146_bright.png,train,d5a84055d08cb46e0176b79fd20be1a06682e46c31e7f20f586b46a610af0ede,1
000146_clahe.png,train,08cdb42e5a1c115e1d09179f3e5480941717ee52c9595096c9d3614a7776d44c,1
000146_fliph.png,train,c000747df74b02ac5b0f2ac8e9c2f2ee51acd5ee0530c462627f09af37c3193b,1
000146_rot90.png,train,d1ff1fb891b7c6ed65e422fb2899794aba09142b00329b572f7ed3f88bda1f9b,1
000147.png,train,212d9f32b1a72bb214f24aacb1d93a2029478e45f41eb2a2378cca6f34bda23d,5
000147_bright.png,train,67bac7c5aa399113ed9f0eb2607b57e13986f7207a6aac824257a702cd20a334,5
000147_clahe.png,train,4a534f93121ae972ea5b560b77fa6d8820cdba0dfafe9eef1fc70556fc95bae3,5
000147_fliph.png,train,7c640708c503ef8be0ed2a4b188e752108de04682d7677eeac5e64eb7f529b80,5
000147_rot90.png,train,b4fe05aca1c48d1a93e1b1171c6799f27fb911c43afb32334a83bbd06e602388,5
000148.png,train,623d6f4d0fdae09aa1da020f445bc00189809909751da88ad925157792a8a9a3,4
000148_bright.png,train,29ff5981c71b78d4c6f03138a8960ad32e11160fe5b8e91e99321febe178f632,4
000148_clahe.png,train,4e7367d9aab4661f7d577d7ddaaa4804a4dc731c975bc5efea96e8ff8cc11d3f,4
000148_fliph.png,train,54f08bc06e56cc2c362fb0f917762e8341b55d283677b1cc49c59258b2d26c8b,4
000148_rot90.png,train,523497cf3e3148cb72c150cf407a17d6c30923582a492703c163feda9dfd5bd3,4
000149.png,train,c3b47821946734188e2cc50abde5977814b0b54895d9d6d22a370a8d25917243,2
000149_bright.png,train,526508376a96f0f41b5d96e1dff7e21757887d9250ac3dd7df7e76eccea67edd,2
000149_clahe.png,train,0d2d8f52a5192656716531a8974b08c4992c377d39af145fdcb87931d6997239,2
000149_fliph.png,train,928d8eb89b239052dded6a1cd5eb90882ccf06b7fca3333dbad645067660f093,2
000149_rot90.png,train,e5afa1dd3e2c0acdd19bb36159945d62f08dbb854ad383ed7d6a5fa3905cf922,2
000150.png,train,27657e953d17578d3ee33f9b8267d3a2fb8b76450e8b6bc1a692b04053381f82,2
000150_bright.png,train,0366fa7f009e293d42b1471017b013f6ce350d327ca57a37f427a83ef4215fd2,2
000150_clahe.png,train,48138cdca518965bbca667985fdacefd4c2677bcd767c46725c322a4fc5640d4,2
000150_fliph.png,train,5a655eba3b9511b21e8481129bbfd09d05cbce2e03ff625a0dcc95aa13a8c319,2
000150_rot90.png,train,9069f2491c06faa297133e7e30c448da8cda89ac936446558b62a2ee083d1d72,2
000151.png,train,4836eb674f14ff0e2745ef5211a0cf179bef7e2e74973e2a7dd13f91ab34bcd8,4
000151_bright.png,train,16e7286672d383e6b5fab47bfe1f232c7ccf5304f724008af7a49103cf39b073,4
000151_clahe.png,train,7ce31336574893197d1e1f677899572ff8862b02d36f905d5bd0ee024d85d5f3,4
000151_fliph.png,train,497d8e76d81f7fd83a277790cf54af9237c31e0521b83d21cf64761c174aac6e,4
000151_rot90.png,train,14831ca183cf63f0bedd31ec3a273561a0bb93758a62ea7cd8e5748440a7f0e1,4
000155.png,train,d31c7e3cd657f089a6c833c8808ebd191f1a732d30c42a385fcf1abbf57d8377,10
000155_bright.png,train,e76e37643b2cecc44420aa5168755026e602d69615fcfbbae5edc6cc865f18b4,10
000155_clahe.png,train,c873eb78b70f0c8373f7397f8c527091a5f8a99cd37659f924983c54125f6566,10
000155_fliph.png,train,fa7eeaa6171422455e09da107d5d0ba833838c5f2e9cf5a49ef2c4c5aab8b15e,10
000155_rot90.png,train,6c20de20dfb9e69c0fed30370111ba22279afcf4c13a485e3f18bf7cd4e66c2e,10
000157.png,train,c4211f6777104f69daee5b1c34112cb1666838d612186e6adf94882e3ad0d351,5
000157_bright.png,train,5bf4c405b28dfec83788e456adb8aeaca85d414aad5a2bfc6b04403830f68851,5
000157_clahe.png,train,4ce1a54c695ab2e0e2255d3c696ca84ae4e8f675d31516e8d3aa72dcb2c9c2bc,5
000157_fliph.png,train,26cf2d1d418404e4fcc923d5111f9d6127d35aa30599daf9e28c5db4a0f18569,5
000157_rot90.png,train,857e26f4aabe8be989746bd7ab4a54da518693561574e533499542b0abdb36a9,5
000158.png,train,5e09907282d9a5ef7e1c2572cad945d0dc47c282628874a8f97461afbfd8c265,6
000158_bright.png,train,6d48c42d906ba0c20aca4770004c3f138105e9bb373fa63562e71b2d3d318c0c,6
000158_clahe.png,train,375b666b051e5881457cf492ff3b07fb8aaf0bc0d372ace732a0fea35135daa7,6
000158_fliph.png,train,2076b7d8a3e1416fe2078d43479ae56d245df53ee01b9cb5085f805970e5626f,6
000158_rot90.png,train,4b1dbe92c9108ab8415b4db4139b6f365272e65c8f76f60cbceed72c36e65bb9,6
000159.png,train,f2e6f36cac53ab77a2096ba05caae8b6f2e00c3f822cf4cf631eb34e99f896b9,3
000159_bright.png,train,6e86b120a56d996520b27fa6b3e71849136a3c7b78585d783402c66f529a98f4,3
000159_clahe.png,train,508802f06431f9d013718e526b0198ca2661a80cc3aa3045d9b7e08209b1c180,3
000159_fliph.png,train,10e43ef4268bc05e68679a2108159bd93a3b991d1ce8c3035f27634bfa4f95dc,3
000159_rot90.png,train,8a4fad5cc0f11f25c2c0e1735e9c9158719d69c4e12310e794ed0191a10b717b,3
000160.png,train,1a6c572d621b94a358bf06843e3fe3d26d04dafca4c7204561078610d46f368e,2
000160_bright.png,train,37d417554f5b3f0c209d986fab40b6a2f018c769cd680f9f774619363ab875e2,2
000160_clahe.png,train,0844a44fcc82041516dc1522c14733a1c624d07969119cf2362481e7b30ff806,2
000160_fliph.png,train,f6a3b3f858a0a5b08fb282b2dcc568670492a8e2c1d4bb9641e70c5837bb77df,2
000160_rot90.png,train,e07644786a3bf6e2a76566f16fc5129d5082be377c50c706cd00453cb770e234,2
000162.png,train,3c818f5a16f03c58f812406f0267d3da355f010ceb1f96b91dfc810276edf037,2
000162_bright.png,train,d48b5ff8f778c92b37f1aea2dad5ca5bf088174e0e6d979bda589fe47f562e62,2
000162_clahe.png,train,10dffd75d205cc8293423f68a65fde928944d5f58370cc70c99414a61f83dd43,2
000162_fliph.png,train,af32c0d835af4e350e170b6c1986c1f647072200c9b0ad136b927dc9af0d8af9,2
000162_rot90.png,train,3c79d844138e48b9be6e0941e43f5a47e0cfd49f8958b58fcdcdc12b6b85b674,2
000164.png,train,d517854838217ed95b6c879e73348474ac924c9b1ee2086d723d0333b78b4a2b,1
000164_bright.png,train,54cd64624a6f8ebe2db66c2cfb0fe7d5da961bf51315b5b6ae54df351e6355cf,1
000164_clahe.png,train,3826484e87902a46b8555fc59dc9ecd963d4303f9a8e27f1cfd4ffb4c14dac81,1
000164_fliph.png,train,b8584be0cd7361c63157737cb564054cec2212fdb95d2d917eda7d788464bafc,1
000164_rot90.png,train,39fa364f60445601344a76c920fd668628199f0366c66490070abd39b8cec92f,1
000165.png,train,41a982824ddfbf96baea5b7cef987be6b52b95c371f31b5bf0b5ae243cf9041e,5
000165_bright.png,train,e14cb2eb2652db865eeb79c06a65973ff8a34e4b64402ca7483b73f1cf3c40fb,5
000165_clahe.png,train,ec800c09e9fa678f74ff942100491631102040a76c5b0ca75654fcf25192f3be,5
000165_fliph.png,train,c646e126c9feb834f473f11403ea154ed89421d02c9b49eef9a28342d2dfd998,5
000165_rot90.png,train,eb5f0043befaf3e3b1f39a4955ae66256d5061689f19809e47b94d93be43d387,5
000167.png,train,52eecdec821e3dca09d200cf18d7850d3a8dd46da66f7cf2eb549e06a381405b,11
000167_bright.png,train,c071a302970f757bfc0a9cdc1587016c0b8aeced0204d762fbb09602fc1c604c,11
000167_clahe.png,train,ce19ea079939572f2dcfde60661f1404a6a1d7667d41df7c7cd8741b3519f840,11
000167_fliph.png,train,4bb83ac82142378ad3d916f76f99c7c1e6a7f420e1ec377533218160ea89f8c4,11
000167_rot90.png,train,e79275de009a787a153af48d0c6587f7f4daccb40d441fe94f2c1e342b5974b9,11
000168.png,train,ba10a0e1423b09f7c8195bd334c5f9c87b63be62d4a32c858484b0efeb40d4d4,1
000168_bright.png,train,8042aabbc3f62b4ac86facf062a38e13614fd57205e6b3550ed0292b71547cc5,1
000168_clahe.png,train,592e038339808440a742d88db98805f625f2038165ff6e971ca5e1dc0bf17343,1
000168_fliph.png,train,6756d15825dab078007952dab8cdd3e668cbd5fb1d3ba0fcee77f70b75d3f9ac,1
000168_rot90.png,train,95b4464ded38eeeab1f56f244e0953a41531e0617da79992cc49177209359607,1
000169.png,train,9986b3ccbfde8dbee66028ec485b00f728ab496aecc396ffd47b0b08df43fee0,2
000169_bright.png,train,9156255837e5d6582977fc0d5d6fb76382cbc21d1f4ccd4c1169718730b94f6a,2
000169_clahe.png,train,394562e9cdb53522d48cdda1cb6e1d4ee8a39b41a3454a9f72a3298780d257eb,2
000169_fliph.png,train,a08602a9bed001d3fbad4876f4005d3052df7d7dec5720aa9d83618c8d74fb2a,2
000169_rot90.png,train,6b0832c0c1e2dbd674ea73d5e070e0d64c7d766085c24d4a00175f6af379195e,2
000171.png,train,2f4cde6c415b976bb962319cf2184136e50a08232b1ec22bc71acc862f9bbe91,2
000171_bright.png,train,0e3536c1936f231f642b7b7b8bc4500a1ad53d14922b9e9e5459db473f17fdcd,2
000171_clahe.png,train,ff58f3cfb8642eaae96cd7476a610e24250a635d0ac45d89367a1889cfc0e18f,2
000171_fliph.png,train,56abcb03efc8fe0d782f54ee923ef1d0d8ef66a2d985146c162345eb19238010,2
000171_rot90.png,train,c50eb98276909efd08dc1cb2e20d840b7bde81db2130b8aa5ea89231d28121e0,2
000172.png,train,38e65a7eafd41ed5038cc141eef0bdaae0fbf425f8cc70785d32a6fe598de297,2
000172_bright.png,train,3656a34cd0bee65d4cbfeeeb1371e0a06be1ba70c5bbb760e3ee758061f38d24,2
000172_clahe.png,train,aab2c72dd665eb81fcc5bbcc098d9740f2373e10654a36280a078db1925636bf,2
000172_fliph.png,train,fc17a045fa0e3645fb22d5ee836c1290db86bc1277beb6c64708baff62ca2078,2
000172_rot90.png,train,8e56198dd942f75f47616901ce4aa291fd4719ab56e963687b43f8cf1ac43a84,2
000175.png,train,ba2fe9bc64645e6ce31be9eae9aa6c7735285a286888be38d1aa05eb2c55e82b,1
000175_bright.png,train,6fb18e6d3293c96a54442775ac5fb1817166f2d382cc924a2a5b09d3ab1aa88b,1
000175_clahe.png,train,d3de980e12e17893eae1d1ed8767d75e826aa7e11a679e5b20a168fddc9bc798,1
000175_fliph.png,train,80a423c9ac922d576c7457e16c89652212848b78bdc0e1ed6751a4cdf40dcfff,1
000175_rot90.png,train,9a5da69b975e7dea2ffbbab3bf434401d2de3d72512dade350134030f513b53f,1
000176.png,train,e777e9ca4ef37d95f67d1c7bd6f9da4db9afbd5048bf926f771a4dd620bd8404,7
000176_bright.png,train,9382e52a555f8f35c4775c7689ebf771a74a7afb77d65408da2166df6be22f35,7
000176_clahe.png,train,039febc813b75cbeda3c97b171d04e572bd87110c81d035db9b9f0ea38e6a192,7
000176_fliph.png,train,00ba072a212351991643e4a405992bbb1ba355930af6239105d0ba26fbe9662a,7
000176_rot90.png,train,6a50b9564c5488dcbfc5daf4d82152d659b5551f2039ae326f74e7b99e3c54f9,7
000177.png,train,c97226c2cc33740f2e1f269fcff5bb28505658dac84bd10a4b937805a4f81b86,1
000177_bright.png,train,4562f10d23f57cf9a835d03c404ef01ff3b487253e504450ca0d516882f15eb3,1
000177_clahe.png,train,9d7fdfbedaa01425628716c93c37d894faa42f52aef7de51084615decdec5114,1
000177_fliph.png,train,290fbd2b17519dfda28cbd1ec30b2c142b3048e1c2b8907b4052de80aa91108b,1
000177_rot90.png,train,65326ff0fa5e8c9b427db9511486724d811539e6bdaa599a07609bf446bb491c,1
000178.png,train,88e308a061a6d32063fd303fb1779cb329edc81ccb7237bb3a4d64b4726b6743,2
000178_bright.png,train,a86cce3ca9bd4bdd716f88ab58ecd224522c21f934db286ea2954a9a9a0bc3b4,2
000178_clahe.png,train,28d4bf5bcf3b4a3b19a8f0e255dd6a393ec99b3e5a52dac5eea710c3ea8f8ece,2
000178_fliph.png,train,58b073aede2fd735fab7b82025c425970158181d4b2c91711b3c1af935c1e7f9,2
000178_rot90.png,train,71696e8fea499a7d250abf631319dc95652d2d3d76e731140f2dd4d99fc35e15,2
000179.png,train,9c5a833a93283810c47b46faa67450c2c71a3b0f55f899bc900db36e947979fe,5
000179_bright.png,train,80267d8605f094de5c4027ad20e542a0fe200603b7204785b709fb667912cb1b,5
000179_clahe.png,train,fa25ce1c6c59e678866550c61ddde27b561033e7b86946da3c9302f7f1e4b998,5
000179_fliph.png,train,7ea1a31ca0b093c269f76ab6d5420e867c9b829a8f465068df595317f87557e5,5
000179_rot90.png,train,b9ff104237483a2b9cbf9f15f8ebacefeea3497ae093e7fe79618b6598b344cf,5
000180.png,train,6f3b3e4e913190b0d7a27fb6c5e906206a9e56c590b2306f8cd41044035cb1a5,1
000180_bright.png,train,5e7cd259a2b2b049c4c7c449d76cfe91795ee209cf8cc36efc54581ba244ad9b,1
000180_clahe.png,train,57127bd6064e36e337cafec93b22efeefe979a399a907b735d9435209f0fa951,1
000180_fliph.png,train,2b87ee598ba3a37237dc865911af859aa49ede022d9e5886e46198b56c62205b,1
000180_rot90.png,train,23589e3a70f7bf76588d0727a1ad7d46615dd989f9475b09379e05759e1bc1e5,1
000183.png,train,50b413aa34ee0a00c44dc39cb5bd30cb6b5e54d370ae3f7dcb244d63164f530c,1
000183_bright.png,train,884db5ea444d31814e98ad7614f3823553542da0ab25dc90734fceaced9dbb39,1
000183_clahe.png,train,ac8b4daba89ed88d5980a7c10ed7517b7cac915726357f1dbd8937fc508a5977,1
000183_fliph.png,train,411ca8cbb0dcc23166bd115c8dbb4de3054f3754665a71b98ab304648facccf4,1
000183_rot90.png,train,d81e33c6b250ce97236d6fe01e8bde176e7705b6bfb7ad70f5ac0fda462475fa,1
000184.png,train,aef47fa5aed8b8533ab149d0684c009ca0d28dbe14dff4e48a39e8d0692f6c5f,2
000184_bright.png,train,9498c3a48ca8211af83c51afbb898ab2e27f23ae536919eae79b65400c8ae292,2
000184_clahe.png,train,66abfc2cf1777cda1d2fe179fe332640d3f3d3951062805b06d2ee52a2fbfd6a,2
000184_fliph.png,train,05d10745995d66b00564aa52531aff991aa3f2e681342ae1daee971f8b4be262,2
000184_rot90.png,train,f4bf6841ccae6900f798694f9323626ce950b74d802e4c86bdf406091e9f4bf9,2
000185.png,train,df91d05300832f84f2a4ce85e7bad4012f7a264af23ef44ff83241c6c1432f42,1
000185_bright.png,train,bc4c9625c75431e007f03ba22c609e3282d7d64acc02b9be9214c453ae5d8746,1
000185_clahe.png,train,c0785c0fffce15dc96d787c02cb0530f31b7c47781778bc0a2dedc74207daf5e,1
000185_fliph.png,train,d78310fe4336c39a3a182918b07d76f60355fe50cd44dc97bb7b478bf7009c65,1
000185_rot90.png,train,b745b02fb80b29518cab2993a4a91ab312ce3c10f41760170a879fb48229e4b5,1
000186.png,train,2719742badbca901918ac196e3e7b226f179459f57c49fb002d4fd14c03e6934,1
000186_bright.png,train,7f933504b0325b84ed7ce628e4161d5de99ff0840bfe77a3d9237c6c37196b54,1
000186_clahe.png,train,c6eaab66b46facb0a5b6a12909dcc64541a598a80eb717c735ff071db2af83ac,1
000186_fliph.png,train,9e023146205b0a3dd74cfa836ad4b0c58e2bc0aefa4c1323362690a7d14ccaa1,1
000186_rot90.png,train,d18cca23e9551c979b3b00468a52f9951a10a5c257a3d7e83a1590e62180acbe,1
000188.png,train,f9fe4495aa7f565c989817d42c460a536dd8700a8d80831b5d03d1e7ace7d0c6,1
000188_bright.png,train,414eeddb0a813cc3035d549109525ff2baee19c389ad1bc7e3378ad907fc385f,1
000188_clahe.png,train,5be50467a7eabe4e3f0f628140e82dac67f07d626a9a41339de420cefd0c863b,1
000188_fliph.png,train,20d47dbcf6f35fc9d8b49b36044a8663347d4036c031eff371816fe075fbf953,1
000188_rot90.png,train,7811fc67132a02c1f5616c1b60ec889a064dfc8691b4ced4e162287fc41f6f53,1
000190.png,train,50ec71b61364f9553f9ce28c31f07f1842022305c3f14457284cc1cf9402f352,1
000190_bright.png,train,56e2c8790d7b39a76d7c01e063b710db6d4a7379ef24f60ce140f01ba2c89f93,1
000190_clahe.png,train,f06eb8eb9198db0d072d7c4d6689fdb46a1ebbc09df73ddc9885f8e30a55b340,1
000190_fliph.png,train,85a5be4f58c4ad1d20e060f7f579f1d68c5e8257110f59d817f8bf151abad34c,1
000190_rot90.png,train,0d33bb8e42e763d17877fb893764f22e0377d6e7e7f76e89e9fddfd259f5bc9f,1
000192.png,train,2030fd76a107da0188b115843b582aab7a61eec21f2c022aa2021ef8e217d8a6,1
000192_bright.png,train,f1784dc4b2ac72456d49cd4e63263cf1084a1ea5cb86fa908983e8adfedf592a,1
000192_clahe.png,train,d1947b018e94a6b636cd4d1c382964f538fb3a8ceb1e40c76886337f056269b1,1
000192_fliph.png,train,64705fb3e3c4aab3c9785dcbc4a634ae0bcfed6182a01b2d29ad6a3d9ebc82c7,1
000192_rot90.png,train,760cf2a792dee12857565d535a4a0c6f65df7a8f818da99425193d9b2193d7cd,1
000195.png,train,a1383c5257026acaaf45b657f775cfaaf8de321db7987f5df49d9333b571e9fe,1
000195_bright.png,train,a9d5eefbdde63a05dfda4bcf6e8cac0f6d7813547855aa9fab59014d64e58348,1
000195_clahe.png,train,889859bc08740ca12eefd677c6e041afa4ca1c67a6c24ffca204a4fa2187d6e5,1
000195_fliph.png,train,4f1f5f7a73f6fb38a1f5690f47b27812bc308fe3ddb3067df04406e0ff41d0a3,1
000195_rot90.png,train,766ff7c937092286acca7c5e03ff122648aeb09b7bf8ed68184a1afbac66c1c3,1
000199.png,train,b202d89f67a6b1123c4a1914f6a431f5ecbe39e5daae2b777effa09c321a8b38,1
000199_bright.png,train,133ffde360c982b4c16f1512889c40e52582c1cf594a0a448a6f815632ca9af7,1
000199_clahe.png,train,e04ca947f1884731d0fa461b8797479e0d510407fb6374e5238bd15dfe89b2a5,1
000199_fliph.png,train,87d5bac17fe5d02b1053ccd85e96b8add55f58581806993c175def4b9c6e3161,1
000199_rot90.png,train,413d2e1b633376bf5712efd72fad6f175c00cc52eee99e25417ae170b734b1f9,1
000200.png,train,2f5a12a236d2a579567102cdaf95770d6059e70bd74c9098d71d847add95f285,6
000200_bright.png,train,66e14b6793873d186196b6e7202165098c80a0a6adb907c2e476c01ed228d883,6
000200_clahe.png,train,38d4d6f955b7171eb396211f6d4d9e48894916d85c3adaab8e47249879acfca9,6
000200_fliph.png,train,5bf388c10b2deee4d07d61be15a270b5fb194fec3820931182b3ef392fba9c19,6
000200_rot90.png,train,d4f9692d02f8a3ef83261079c5f442c4528b1f522cc6d5233d23057ed90ec678,6
000201.png,train,0e27a4934392eb22b2e572004e59adf9b0a3f880d397256c654c7bad36df4da3,4
000201_bright.png,train,89bcc12f3522647bc9aec251c6df0891e90b7b2aa848fbb718bafcb7556d1308,4
000201_clahe.png,train,c1fdd4457bfcd6c7124da9602f0c1769efd4f9456567f5c16e2723c183263096,4
000201_fliph.png,train,3c161609c8b9682fc2c012ca8ff84cfa45247c1dc024793402551e92c3790d48,4
000201_rot90.png,train,b18bf082b7bef0ba3319357e9ba427f449b8f1ee6cedeac4d303e5cc61c42a1a,4
000202.png,train,90ba1550d9080fb5fa8f4a6c56d93b07e3497799da2ecd78a917f00519accb7a,3
000202_bright.png,train,e76a473a8abb6dd8425b756f4b7d46eeb24c4f43bd310ee97ce36414422e0dfc,3
000202_clahe.png,train,ec2d4427e303f317e3c4656a47d53093281c21af922e241d4c7d48d9b70203c1,3
000202_fliph.png,train,f9736cd42f8672c946a08acc6b46fd0dbeb8ef9b7715335df9d60dbb61c42679,3
000202_rot90.png,train,7d6bcc0c190743e2ed988751149fdd8365b4ab3a93c7873a9999deae96349161,3
000204.png,train,1e880cdd2bbe269a773f2da9797cf1e814cbc7bcdbea3ee56d0488d4a9f4105f,5
000204_bright.png,train,ebc98876e4d9efb4d3f29e3dafa7503adc0fbf1bdf663a9c2d049c222420a4a6,5
000204_clahe.png,train,14213a8e59b1ba2a7ee0cfbc238155f5537859e079585416c840f480a00ddc68,5
000204_fliph.png,train,bc598ca8b580274fd93cccf5da21c00f84bb1d110de6e114170a0b127057de8d,5
000204_rot90.png,train,30e37e1bb1f9b38f36cb96b78d0a59c562d4dc7b46a36bcc92dd035b41b7f7be,5
000205.png,train,3db25940355528f6462bd249bd957bb530070fb7b72161601427a03b6dd690f3,7
000205_bright.png,train,72fd7dd0fda0b516a4ddc1d027fad052dac0a246ffa8d79f0b273989bd7a75af,7
000205_clahe.png,train,3fb0e6b841806aeca8e322e2c27a5de2757048c75f81351cc7269ea4a252903e,7
000205_fliph.png,train,e36f2df2d0740590c12374266bb9c5fbbebec4ed7f10f7d156da85b76691d74c,7
000205_rot90.png,train,6079e20ca9f7bf7ecc41878ac6de4873f0c2d3d3e8a2bfdffb2ad9dd2b118978,7
000206.png,train,0ba260c166654b23232a081583466d28c6aa2b5bec2f0bdc9390e6b43104af62,7
000206_bright.png,train,ed004775bc5a46b6e552dda05c8b772cacd818ab7049a245c7efdca93186809b,7
000206_clahe.png,train,eb7ae00d58d76265099f8702b081cb9ec32a95671981b586040ea186fad76bd8,7
000206_fliph.png,train,643cd447d1c82824de9fa5869dab0a0f6f68a6a789b7cf712ff0744af820a58c,7
000206_rot90.png,train,b4ecfbe305dc48f5d3a6763b284c26bee318ab78db2af865b2758235905b7f3f,7
000207.png,train,377a82ec14207ae326157ce70e24e7abc6afdfbc0b49e308920c420d86805e6a,7
000207_bright.png,train,6beae2007b517bd5ad792538072202eb0bbd8fa1f36e55deb74a0bbdf188b8d7,7
000207_clahe.png,train,d8ab3da5fd6d3f182ddb4c1b138cd21d110711ea727a5bf248cfbe0bbd0a2152,7
000207_fliph.png,train,795e36b4cf37a06e87a138936c408967e838c3a90606286e3ed2b4901b9c7b57,7
000207_rot90.png,train,015980cdf1c9d8239351125f136ab0604b6f99ca5e262c3237ad7ac356accb82,7
000208.png,train,91c2db7acb6b62918f3be531206da34301bc3dd075e93ce3c2f52ced884a3f1d,11
000208_bright.png,train,cd5c0c7978d17c1190413eea418ddd746aef6c0e12c4218adf0488c933f2d03e,11
000208_clahe.png,train,8b80eb52142dae8999fc8fe36139f2ebde6284c89333a4ec728e1f82234361e8,11
000208_fliph.png,train,ec69927aed02d473a056106ffcc30b5422b0d125efccf00e80303fa4bf7b750e,11
000208_rot90.png,train,dcf4d3de595002dee9a265250b6c4f939c93fb8463c205c2154bde65a653cd91,11
000211.png,train,6d3b2cc5508fb25fdbcdc2eff3ce079e2ee8fcff2d53d34c7bf4702166a81475,8
000211_bright.png,train,d08a8e3c457204b97c63c18dabbef6d32f57e137a82be0185206bf5d150842ad,8
000211_clahe.png,train,bef18f9ad88d9154664780875b9a4fa3fa5340b8dd8c528e027b6d494fa20496,8
000211_fliph.png,train,5ca7661e3f45beb8f7f9955f34f40c21f5f811fc4abe37a4c3aa3da0f5898ad0,8
000211_rot90.png,train,23820c5d26dbb5b8336c9ee21b1a73ec5cfb33b26b5996d1a05b839e9c87096a,8
000213.png,train,0cf1597851aa2b3c7a2c232bf689d43de5c24f1cf210f7cbd901bbd705c89796,6
000213_bright.png,train,f6b9d414fb5abc7fec3a39bb72f5e2b718b1cb023ffde6bcc033c69ea9ce2e26,6
000213_clahe.png,train,14276c45bb7efdf9862d0e8eddebb6a359656ba8c5d5947f17d6961ba445d80b,6
000213_fliph.png,train,f9f7dd0894d8cd5abe9a514750620c750ff643d7a8e8153bd2c41d1b0deb1a47,6
000213_rot90.png,train,236711ed08dd733638d145ebad6fa0957ecd91671491c7f5975bd9fe5941dbad,6
000215.png,train,7646839da1a8fe69cab5fecfeb13e1ab6edef7088afa43f143139e4bc2ab7e1c,9
000215_bright.png,train,ee0ab6e44b0a5ee2e2abc633bfa7a81e7bb32f8417d4ff1f6dfcdce4b7ee033b,9
000215_clahe.png,train,f2c707cbb521c9256710f99858203076a676cda9dca417d50f380c9243a5f3b1,9
000215_fliph.png,train,a5f3fc04895a75aef9a2abe6a9912efc504fa0b961b5ea4b60b7394328ea8526,9
000215_rot90.png,train,0890e4e9eef341a07d89a4d6b7ff680a1fa5d65329149a2486a45d37cd280ec6,9
000216.png,train,f5dd49684014d970a5d89ab2866b89eabeb1a0019993056b7fa1fe603bdd8971,2
000216_bright.png,train,11b2c8a690854e43ec4c76c28aa6b9405fa5cc74ed185e8dddf5f6878a37726e,2
000216_clahe.png,train,c8692c27458061a417f7b1e8f65df364c20b6f7b545c2ecf53ce3f10e3c492ef,2
000216_fliph.png,train,da2fee64e954a7098542ec58745ea07775d2a77924ca800d59f33340d453340b,2
000216_rot90.png,train,31d9ce9e4ddeafeeb98272b9198714b18d6f8d7b5da4c991e07d0e64cccb0cf5,2
000217.png,train,5959fa3411322691f40ee1a6ca2d9c8eacf4d9333e49bac6ac3acd815413571f,1
000217_bright.png,train,3286be0934fd030ff1632850d8f30bd0a9cc6756e0426e575e2593efc09e23fd,1
000217_clahe.png,train,31964bf216dd9804bbe974eceedf4c8085c8f81780c5682c69fb9e4983105a7b,1
000217_fliph.png,train,f63065b9b24fe4819b6dcf6f7c141044a07c8dd34f040f7b69ab8ca23f9998de,1
000217_rot90.png,train,e989bef0fe471dc999e0e3409e1df716060f78907da690ebda2da4318fcee392,1
000218.png,train,b5902aa63307f67f022735b6f78acab966ef9469b26218d26450127095234e2a,1
000218_bright.png,train,90540a8beb66a755e975f5b81c0ba05656e4aca7d262105b700b14ead12a6d11,1
000218_clahe.png,train,ada5a14cd29141c00c2ef3c74f0ff33f25dbb6baa0deb5f471d45b8800f6dbbf,1
000218_fliph.png,train,1d935edf9026ab4df13522db4e8a8a099d8e6cf99d8d76967358b6e9c6bf551b,1
000218_rot90.png,train,18faee2a9343e89c80f66335ff87c482cb1cb62568730e258acc98c4b4dfad78,1
000219.png,train,3e39c92a62fc62ce27e84ef858577646da645a9fac9b2f448d2838e6059a8718,1
000219_bright.png,train,0116ccd42b124509739d89f4c7f68ad1c5203ee8df5023f2e6c2790816df06ce,1
000219_clahe.png,train,f07ae59f71cc4130ed051092002d6bc03a035ccacb5602022f271650d015008a,1
000219_fliph.png,train,ef9b6d372b0b2ad13f505d20cd399ff59cc13d4d9a209b399d0f00c310a905b3,1
000219_rot90.png,train,df847a6a1815c9670e9dcdc2cf8c554abe418c8dd978051d15192fdf2eee3bc9,1
000220.png,train,4f0d18032e24161824599d36605487a98760ed2104b270c8eaf50540fe924906,10
000220_bright.png,train,e98b1d06c904343248fa73fea33772d605bd75e607a41e0a0b0a703fdb6230e6,10
000220_clahe.png,train,2420aa94068e6f6d5d2e09eba19edc7e7a717c10c6364a97e091664dfcaa858d,10
000220_fliph.png,train,723dc8f98fb9a578c1d6308545e9c36ab7234d082a0888e149e5e6a0c4e3cac7,10
000220_rot90.png,train,5517b8fcba4ee960f6dde430412e95949f85504949e0a1f3bf61958a98f92d38,10
000221.png,train,0437c08f96591e869b2cfffe7eba7993f3210f175f973dee7c8103176972dd57,7
000221_bright.png,train,1e658d3484ff2d13ad80bcf6edf7ccf24cb5bd9099423c1b8d8b2e1aaeb261c0,7
000221_clahe.png,train,63ca14b1419e5b135ff4b41cc7da926ce8edc4fe286e603676424bdeb623a77c,7
000221_fliph.png,train,0b248cba1f7242c27ec9c8e4565b90dc9a4130a540a167fe2e7e859468b80d3f,7
000221_rot90.png,train,dc27284fb934435c4fdd8d1523972181b451330d0a09a83055cb7fd8a19eceff,7
000222.png,train,8c050a4cb4b27b0983f60c1dd59511d07a46d53f8488cf1d6f444ad29d2e64ac,5
000222_bright.png,train,d18fc6d4233686a07a4df4dbea10bad363dbb121493a79368499cd82dfe4793c,5
000222_clahe.png,train,c4ea00371feaaa994cae9ac5ce79660f37e93decafda43e62180631a6bc06a83,5
000222_fliph.png,train,1bfa68dd172bace21c93a6c2715a53d5ed8f2a793ecebd3edd4aa7d97d4bbe5b,5
000222_rot90.png,train,c2b509ad10f1440ae1797611d41a3cd7595e1d0ae9b2abf1e92931213a3339f5,5
000225.png,train,f6fbd28d60fe104d4e3058187c82fe13cdefcfc017bd059be27e4b4b023f7749,4
000225_bright.png,train,ce7aa39eeff635d9d0dc256c71d3ca6b374d1bbc81809df6ee3c9834b34aea8d,4
000225_clahe.png,train,049cdb2aa07da56d2879aa4c1f920662fc15a0690cee84c37b9b60a13ad9be64,4
000225_fliph.png,train,89f46ff6fb794ed910b3607aea1e56350b56b2323dc39d3b168b961a4763bb76,4
000225_rot90.png,train,696fa1368970978a6053ea7552729519b71ee4c5c8594291fca137c27825817c,4
000226.png,train,ece3ecf09840763b36642b42a3f962fbb002ab551405b0f00eaebad937de0ebd,3
000226_bright.png,train,7e60e6d2600eb62963c0321ffa412f6ec88158f6fb8c927cda67f8d638779eef,3
000226_clahe.png,train,011cdceaf517a8695f5913d914ef58a133a07296ca2eef7139964d737d7f9074,3
000226_fliph.png,train,e1feb79917e1f0ec2f6063309f9def8abe2d1bd01660707ec847277f6a80354f,3
000226_rot90.png,train,d4ec6d6d5097b8e8f751c18cf57bc5ff05ae30b87b22e97e9140c2fb6a49dd7f,3
000228.png,train,c3f0f0c9a01aed1c10bbfff9e15232ec8c27b7810f981c1560d848b916e0c380,1
000228_bright.png,train,5ed2dd13788c69193b4fe0501654ff71e83efada75887939f1abb9c4ce1cf2c4,1
000228_clahe.png,train,07783b35a7b65a6d3b33f5fb7933b040cfadc7f37bc49d028e507143ec16cb83,1
000228_fliph.png,train,8e60fefb8032cb1ea9d80af5c2d98edb0e8ac3b094d3690e43b7cf5d35daf81e,1
000228_rot90.png,train,334d6305c0b49ecfb4ec454d1f276e7d30f0c59b40d09a1639968497fe03601e,1
000229.png,train,f66403c632405321cc4be7f9d2e7c0a48bec3d9b5853087d4ceee3480dc42932,2
000229_bright.png,train,d07674669271649bf88e5bb329b62e1359f02bc0265c3d7c35dd68ede2dd5a1b,2
000229_clahe.png,train,7605fc08b62b709ba5b52fc47108980e45597ba07f0561d739f623293e4e0a2c,2
000229_fliph.png,train,43f0b2d79695be04a0ae8a7f5add0289c69dc68d170caf742e02a72a102b57cb,2
000229_rot90.png,train,c7bd420e925b4297c1536008a99c647501df6ead4a7cfa702926c8eaa232f950,2
000230.png,train,26636eb7f27d8448559563cdf47298782ebb86545fc87375ef7b72fb6eeb822c,1
000230_bright.png,train,d5dde3704a1c536eedbc12db220ad3d933071594a1d54fc2aac64327d1395f0e,1
000230_clahe.png,train,bbb0b86cdd8e9a9753b65bc10d6d4a22215fb3c8170bb0561c85686bf2ac88a0,1
000230_fliph.png,train,ed525a98b36a67f37095ea1ddae142913aa947c015ee7dccf2662a9abca64955,1
000230_rot90.png,train,545f15df04ecf067d192185e60c54b33eeaf4369e4ddfc0e8751527b31201394,1
000231.png,train,ba0582b8fb4cea8f0b1cee0de03f2c1cdad0fc07b214fbd2969544f8d59c9dd7,1
000231_bright.png,train,649c0750b135a4b91bf0391c6f6c5603d148007b990f7658ee8bdebbab8df4a7,1
000231_clahe.png,train,6e5c445390edc841f2de765bf53ff39a2079b5995e434bee6537383d08803528,1
000231_fliph.png,train,b11087b81a93a0faf41896502cc475135b393927270413d5c5abf7ea6eab7d12,1
000231_rot90.png,train,678614f08db344225dd6ac929e3d49a6ff94ff5b25ed2c8ffd81e92f75bf6616,1
000232.png,train,e6cdf21df9f2d2af5a4dc7f85db6001d1997319ff3b580a9732fdfdf90ab22a4,1
000232_bright.png,train,a44e05fc50d50e87203341de59d084040c7c62adf274a8482b6fac751d6fc02b,1
000232_clahe.png,train,32776cf0cb027026b424569254638ebb27747bc4d56318edbc592d3ca2262c22,1
000232_fliph.png,train,454d1c8fb13ba1c0d9eb481eb194de237ed37d6c29c80580b4d6819063b82780,1
000232_rot90.png,train,99be3d5dbafdbd0548d0a0974a5c70bfe6ef19a36ad703d04c7c3ee8e64fc0fc,1
000233.png,train,7372e32f2e1bdfa727c9337518e359516b99e6ea7b6077c6a29670dd429a2e8a,2
000233_bright.png,train,6914459c955d5188294114d9a24893563549aaf09e6a3a953168963c398c5dd1,2
000233_clahe.png,train,8ca7f83d43f195a582faa493aa6c7e9a0b19a36dc017d38f81b89120c4c977c4,2
000233_fliph.png,train,d8061548b94933945bcf075b24e45abe6bf1ba93559e0ae3937867d9a5af3c11,2
000233_rot90.png,train,c6e7879bc7b9edc53192d1387724a543906b476440de3624ec1cc2f74fb18d3e,2
000235.png,train,cbe54eecb3c4a3abe974dfb99ac78ce0d850225058698ab5897bc48103709aab,1
000235_bright.png,train,c5116b585f6fdd6f3d856859bf1fbbc6220ee29de9eab46a7560511bd14a76ca,1
000235_clahe.png,train,babcbeedecb29802f5715af2084fd0650c1dc356983aeb04caa6a0e15b9c3704,1
000235_fliph.png,train,fdc34ea1249b28bee989c2411e1819b8a820ebe4bcc3d9f6d25d542de9d38057,1
000235_rot90.png,train,ff562a0171ba9bed2d0989c5965188af2a79f7567b6645683d3ea86e016acf4f,1
000237.png,train,352ea092c95dca6316dc4d0a8e46d4f3ee2c4d712bbf779e3314d391c27eb7f2,2
000237_bright.png,train,357c5734e976c7e2dd669b377fa2c562448cf01d85625ed49c0eb4146deb7967,2
000237_clahe.png,train,0e47568921815493228496794ddd5242671b0507427e30592e2ab6e7318dc27b,2
000237_fliph.png,train,f4ea0d6f52837f2752231b5bafee169c0e77e0cea206440af401eb4d1dd158e5,2
000237_rot90.png,train,13c175be6e4b3dd55317afd53f9f9032e7083dcd3416256d2d0e84e8de6e59c2,2
000238.png,train,54313cbbaf8c9db0122aad9f9376f5a2181e0716d38fd5cc31b503151b3e8f57,1
000238_bright.png,train,d745a1dc5574744dd3a37d3278bbb60e6e9e8c7f8217b590d301c52b68fefbef,1
000238_clahe.png,train,79d8fa26a2c307a34ce1cbefc03eb317b126426b161ccb37d7e8816bdcdadd01,1
000238_fliph.png,train,029789cb5d084fe3b1dc13136a96b54fd722ef46a499125eb5353c2b92a8445a,1
000238_rot90.png,train,83dfa2e66111e72456f04e43cba1122760f3a8948e82a367db7df7758d06496d,1
000240.png,train,79c5d7a9dc1139d5d26168c66c1170ec034817ccef3a87f521da52310936f3fe,1
000240_bright.png,train,ef656207d58dd9cbd374e223dcdac253837869d2db20f43f4fdb5d1c2c8cb43a,1
000240_clahe.png,train,63b5d6c75c84031281a19c141d4bd05f8dc688d6906370daa5e6182f1786abd7,1
000240_fliph.png,train,88f98840e73e354f141a850d7359d71b8904a75c66011344417cb8b24c10446e,1
000240_rot90.png,train,254881fc39bd6bd2d21980d21efca59396c8787bc427d2db0779391053c09e51,1
000241.png,train,825e8df9481c3e828f280c2da5004b1717c3074eb5df308f6e1ae0fd344fa90d,1
000241_bright.png,train,db51133464f7912004628ce553018bb63f89e4ee6a4e664487e640b69b570afd,1
000241_clahe.png,train,82051ebaa8271ed6edc880e93f55a4bd7b9476ae2a0e66191411250a42f14360,1
000241_fliph.png,train,023cf8dbd18921f0e329b3f2ba8c92f8dc0356f55ee8fe25c265a32f595e954a,1
000241_rot90.png,train,07f8ca5e8993d5d5da90f7dff918367223f560c142cbcc28182c8b020e451136,1
000243.png,train,eb48d040b75f60e9da60365d4bea73fc0aafbc30a69f54a9954ab265608bd51b,1
000243_bright.png,train,f70141f12299c729e249568a3698bbc9a506d75f378a5c1646348a68ebd69c97,1
000243_clahe.png,train,4e505b836506d3cf3f46c077b8086234aafb3e232921acda8045bd837affe8aa,1
000243_fliph.png,train,547e78d98dd309c057434749a3855df770fba925b9a4cf395cc58584b2da2950,1
000243_rot90.png,train,ce76d9644cffdfab99912eecfef38e4728dc514d59a1724b952040cd2efcdc54,1
000244.png,train,dd5b6c1f5ae2c1269a00c5481b24526cce737d6f49c61b3a29bdc45c8344a1f9,1
000244_bright.png,train,6b87c3b5023b97cf5bcaed251ff7aec9d8b590f266bb6b6735282e9be2799f0c,1
000244_clahe.png,train,0f209d0025b1f3e220aa0c5578421263218386eb211e0ff5abce21bc4be07d6a,1
000244_fliph.png,train,40c79d20035df676b0f71142cb8652c887e541479cc01bc64d42ce3b8d602259,1
000244_rot90.png,train,e8751271bd10e6f9914369dfa5ebb8a5587ae0c81f096c97a6aa49698d4b7a23,1
000245.png,train,046b735f694beb9145b8799d81cc7ab67f0e8d47bacdcf99e9e5fa2bf663e05c,1
000245_bright.png,train,7b42a47e85f2e3040c0a014a2d40c800a3b373748419f102dd7ed93e38d9053d,1
000245_clahe.png,train,811be14ac3641c33becfb5075d703d9926ca626dac039b157fad6d7f13d3a9b8,1
000245_fliph.png,train,2925813d99ed4c5e49de16f97fe235100150b8d318a3a6b21bb76a2af3e92363,1
000245_rot90.png,train,2f1cb0563f31ad0501c79e7cdc1d23163c94d73f6578d2794f98e9b12bba775b,1
000246.png,train,733a068da94b2e43945f8eb369d795875b5f8ca0073003d60b8a2a65428b8f5c,1
000246_bright.png,train,3a7030e835e2361d974d173271a1580d154576ff0e04538d7b997dbc9a5b76fe,1
000246_clahe.png,train,af8441736b18ef9255152d8641d269cc81a7f3b319d890f9e8afd76b3bc6dd76,1
000246_fliph.png,train,506dcf9960469d50e0471669eda1218b23f17e0703da208a2a73693a2173ed71,1
000246_rot90.png,train,0c3bde50706a6378c79d0d7eb095c4bdbac3985de870dc0e6bbfba78fe48820d,1
000248.png,train,80bd12024711ad5e9e1f78e97c903fcf7ed19c08d613a31171ffc5f1a109ed91,4
000248_bright.png,train,4d2bb58208640459c5f62a3588360ee7d4e7e748f420e9f9c068c33a4b692596,4
000248_clahe.png,train,b4bb65b436a20f6c865b9089f49d9cc3ea118cec90c36b533dcef98cfd774c98,4
000248_fliph.png,train,ece2fcac365dcee2d6409285bbeb8e8f5157a2ec6a912cebde0193d155e81cc1,4
000248_rot90.png,train,bd874266a7b8cc7e26cab5e16d322b762a4930236053465c7c5b646608064ef8,4
000250.png,train,dce03fbc0861372cfc6a1a1da40fa041152b34b37e4ca00d2a6a53d9ba704111,1
000250_bright.png,train,eab64e0769cc29632c5d1c45e88594d82b9cfc1a702f4d2d6e7f7f1a1478de8e,1
000250_clahe.png,train,2f22c5897534dcadd3cce08736ad340a13abceb082194ca9bbc071877d4ca9be,1
000250_fliph.png,train,1cb0fe88c96b1d2fe5caa3ae4d5cd356dd6dcbd8dc278a5a80ff77cef06f4291,1
000250_rot90.png,train,fd15388e8940dcfaaf94eb561d06cacda496e07312bd6007211fd8ad798ea5a1,1
000251.png,train,911889fd9c3170e15cc6c639c6da2183fc6531ad76a907124a1e259c50073e24,1
000251_bright.png,train,e69aa53468fa6359e0f6485c404dec28e028a06a94f877aca72c5a15e862d522,1
000251_clahe.png,train,8a85a67d06b3075026d38f0186bb3142c9d7ff8e37221459a4582e77f407672e,1
000251_fliph.png,train,b27bb3b11bf3f1cb77c8ba95fa7f64ee37194821e400ee61d3de51e48593e4be,1
000251_rot90.png,train,393b7d33e1144ff118ebe5583563eba5f403563769ce2ab7f7399e130124b2a3,1
000252.png,train,76e2650000a7c920422cc6fda215f25aa57c22514761d94c34cd249b2a49dda4,1
000252_bright.png,train,06485bbd6011289ac29506bb33b83d303b23554f6af2c94ee3e21c9181c06f18,1
000252_clahe.png,train,8d8eee9d314c440fe5a7e6504fed8e4f9dfca02161e07a577f46bb3f3b0d9c4a,1
000252_fliph.png,train,2b9ad7ff740aa50521000a9af80a26b39346d84c7ad7e4da4d194fdd844a8ac4,1
000252_rot90.png,train,5472cd05764c8cbb2cebcc589853eed1dc2308a323ce83977f5e1619a31f8d3a,1
000254.png,train,d3184d6bfec76ff8918f6509a2d8b4b4f09ec79590a7db59ccb7cca70a1e025c,2
000254_bright.png,train,b97f07e9ecdb506609425969665b2e38695ab5a1682f5c772da053d52a79868d,2
000254_clahe.png,train,88757d2a8927c2d1b9b9501e28c70c1662fb8f5646f8e93170858db46bbd4614,2
000254_fliph.png,train,b8476e3456bfecee45a6a9aebad9cc3e2ccb6350b694e3a0348048d00efd88d4,2
000254_rot90.png,train,c0029b1080b50228d007581d95ed4ab0197911fc00b1eb18f47306e1529b5fb7,2
000255.png,train,f55cc45fa6580b1d2d5646e309cfbd7612cb6bbc7c56365dd47256855b1aa6aa,2
000255_bright.png,train,fe2c30ad9a35ba626f8ac48e6353d07272479ad2c585b0b29660160362cdfd0f,2
000255_clahe.png,train,d447a7ef28cb9a02917746e833b94b3b4730f2f21f79d95cccdbccae6d4aa5ce,2
000255_fliph.png,train,beb38c3e35ddd23cc18e432a4c4412bcc7e999c5941cd325b8816aa97856cb73,2
000255_rot90.png,train,a7f41288eadf702b60087eb7c482f9ec95117d918bb32f731cfd5188d97e20a5,2
000257.png,train,a0ef3bbf0263895abd87f04c9424e84b0fd9c9304436ef91b0412f0e69c9d8b2,1
000257_bright.png,train,49caa23d68b0d5042143040398403d11edff309b9f4887c3e419265aa39eaec8,1
000257_clahe.png,train,cbe2b64e4bacb5ad8bae512892c3aec4cb2839500c185779b2a878e35a6f1dbb,1
000257_fliph.png,train,8c375e4340fba63b8fc3a30533572446ccc4cc50c92a30af868d0f4747d95555,1
000257_rot90.png,train,af0716c9413bfdfb660f5bd177ef008afa966cff747ad8ae9b825164e2c9dd4b,1
000259.png,train,a80b4fda87204159fc64ab7451f025da63c9d6b8699680dee9b4c3abd063089d,2
000259_bright.png,train,1c01e493cea3c1f32ead9ad8468de3624acb4067ad76735f32c2815e80d593a9,2
000259_clahe.png,train,6cac01a3db7a93b49d48c021b009e94a412c16d0be1a618ced6b8179fc29fe79,2
000259_fliph.png,train,d2fdf4c637af743492bcac4a5ac7b00b04065b3f646a44acb8108a6daeebbd72,2
000259_rot90.png,train,a5e04223c8eaa5089aeea52ea47a1380c2b2dcc5358b8edaf2ae10108eef7d1b,2
000261.png,train,8ad3b5d27329b247d548a090461b72dd8bdab328e5bbce942bce795a879555d4,1
000261_bright.png,train,fc8dcf59f2f56b05b7f3925c471ce8a4ef965e9128293ec29bb659cbde71414f,1
000261_clahe.png,train,3cb881edfc8b5a8fa61ba2dd10b184decf72ede49d6bc37fd8e93da8e4f3e74e,1
000261_fliph.png,train,4507c119757106860fcef4868c982bcd9229bc3ad245e2e3995a72efefa7ada7,1
000261_rot90.png,train,f1849caa6675bac1fb3a6ec35063a79665d53148a15b0f47482de3f7708f706f,1
000262.png,train,0d2413e1c6ff14ce468bf7cd3be5211034384ca1b0569659f7b03675759c6e78,1
000262_bright.png,train,9d7a8d6993cb517b6f32109b98ee8321c38d8ab2f8523aa8df7c39aa7933287d,1
000262_clahe.png,train,aeccdc1fe0c8fad9951fcd37b6757159b98540d5b08778822cb3f0d9c4ff4fbd,1
000262_fliph.png,train,b38b53b09c6b61fc46d7003c50dc8b1a02f547d525ffc61bbee308dcfe17bdc0,1
000262_rot90.png,train,7a35d6204ba32d22b302d16d0141729e6d9485fc6e480979a67096b99fc2a277,1
000265.png,train,fed86c9b6414659f5fbfc835b60adebc27227379c43b18fce3833a51a1ca38d9,1
000265_bright.png,train,79d2294b65335246f3e8602069f94d307c6739659c99d1dae573458f4004a3b1,1
000265_clahe.png,train,b61d3a8231fae1109cff9fb70ff1b4af1a54de59ca3613df864f4a81bac9ad31,1
000265_fliph.png,train,609bd79450d1c8772c4b6269d6e01daa0c53c741b81fcba6850813f671561af9,1
000265_rot90.png,train,6bc9d8d533f9719573175ab9d859385c881fab8d22f7e14da7a46c289130ff9e,1
000266.png,train,480274e022035986f9f5c42a5ecf595fba077235ee3816bdc0491ebc98abbfc1,1
000266_bright.png,train,269152e12067adb6adcfade154155bc16d4260a8bd84def1bd08dc9cb3df417f,1
000266_clahe.png,train,8c03ae3cb86bae5ce3b8de08d34c7175bb56214fd82e90c6e1ebfc6f5b50bce2,1
000266_fliph.png,train,a4b77a9b2485b63ca2d2f49572044661123c6b35b8938b259b8418e8f08d10c4,1
000266_rot90.png,train,7abda60cbedd50945633ab5f33dd5649ce8be1e58dededd6f1568f294dbb0f81,1
000269.png,train,7d2fc7443b6b54c4aa3778f34985ca20683ea18b86d597fb77a83bfc2fd935a7,1
000269_bright.png,train,aea5c1121fddb731df1250178c39bafc9c2dd06a3fbe0cd3c97ad26f2b695d12,1
000269_clahe.png,train,2e2450517db3a790dec2f0d872c6deb4e5a8ea8604b2b18449ff8de383530375,1
000269_fliph.png,train,49a6dc59269f2068265fb5464986f71c950a4806a272797b482f8a38eb987290,1
000269_rot90.png,train,844f1b29f9ba181cdb1e0fc2f70083a415638424d5b0ba2713ebed4df50869ce,1
000270.png,train,380b1f95fabdff4d30d2097f24f367bec957068ab49bdc2f7d29401187199d12,1
000270_bright.png,train,4a81131203c5613fcaa702d12979d70331e52f123f383d583a01c836ac23e40b,1
000270_clahe.png,train,c178cadc27049c45302e848cc963fea670c840e9ef1f917a684db9afd82fa1be,1
000270_fliph.png,train,5e217b180f57a7d8b88a95eda77179f30dac2ac9d9f12e499ccac708988f44c2,1
000270_rot90.png,train,e7ae4f5ba0ce85d55d4cad316b60922e46dcfc7c833bef8b263a0560c9330bde,1
000273.png,train,57e66d60a6491ab86e7dcf4396c04754d7f3793f978ba31fec6d7f99fc549070,1
000273_bright.png,train,e93c9929da2d7101a7b115edf658473057fc12cac06f7e6d04162309b5283488,1
000273_clahe.png,train,acad5332669a66c4ec04ca820ad4b33ca956aab309a429cf162bc6d42fb67451,1
000273_fliph.png,train,fa533cbcccd51cc5f871d2eb89e5d09a652c9f1dc3a497d2638379c9f1cbb8a8,1
000273_rot90.png,train,90b45e6a1928809e8123914728af771ecbd78037e4a74b843cd600fd39ab58ad,1
000274.png,train,0b3003e1d09641b512835b83813ba5d3b872b1a1861b2f3fd648be1baee9e7a3,2
000274_bright.png,train,28201590f1b0fd9c9f0498ad64fb486f6ef72e83e91cadf795a5aeacae534ea1,2
000274_clahe.png,train,3e0b11f64c24306df038d2e432a7106bd1758eff4ea2a5d9597ec028ff3e9d04,2
000274_fliph.png,train,0a8189ced4f947affb047a0f0bd0357a33647658a328d7c8d9cd5d6341349e4d,2
000274_rot90.png,train,712ee168601f423a4863754513695e04017529d36091c5bb71c281cf8945f6e3,2
000275.png,train,ae88d578c398763a37c35068334717e6ebcfde7a094f7c3b9c90e3fd101a04dd,1
000275_bright.png,train,e4577cc1c431b2ba67a30b7e02a2ff347227d0b6c5300e7b9f33e77bf74f6546,1
000275_clahe.png,train,f08d7d668d79e6bd25e6a014b0f189948cfea93087b06af6c3dfaa9c2ea92b73,1
000275_fliph.png,train,0b298f02340f52bb468d53b104c1437369caa8b701e2bfd5cbf6a5eed420b247,1
000275_rot90.png,train,00fe8c68e2e3079058747bddec4e65e075f1bff77af1460b1a2f57f82310d61d,1
000277.png,train,05f858fbe1dbc6099bd463bd3122ee6fb45ec791cffd96f534a61897332a67cd,1
000277_bright.png,train,c284957d0b7f2ce2bad70b46b87d115cb0db9f8edc8853db0eaa5e32c960acc7,1
000277_clahe.png,train,68396c96c32e54de16b993b281f49d7c18edda1651b9986f7506cdbb1de21723,1
000277_fliph.png,train,cdeb9e74eb443d268eacfacde3ddc1e2ec695268fd7514b5b2a986a6fda965ec,1
000277_rot90.png,train,373b993d01aff318e43478da39154c114c295294f1ea77b7978ab254a9ef8561,1
000278.png,train,72c0d5dc90404da25cf79f4ff595794abd18526de7cc0a67883c691f0f2ed329,1
000278_bright.png,train,f9d62ba11993ae10b2a25e76af6c80d92df195c7146ecd70ba0cf1da46771c49,1
000278_clahe.png,train,d0453ce39cb6567c39171b4a829204627cf2e5629db3b6d6474118b042a0e349,1
000278_fliph.png,train,5fbdd432f5974f411fdeda5790cc2bffb869435af266ec76014c3bf2be3f57e3,1
000278_rot90.png,train,331df16e4a1c49e63563c8f99cf0c84d7657f109b2d4638a52e0e80daf69eb13,1
000279.png,train,b406839fc259eab22192d66d3051d0421b4473163063864c6e766532f9bf137a,1
000279_bright.png,train,6e54a30e38fd1c3ab12286a6c61e1d266f744a913176e115bbd6742c03c61fbd,1
000279_clahe.png,train,fda281e0c5cd4381510f641c0275ff570466b81fe018dabaf220c8f3800dca9a,1
000279_fliph.png,train,a0913bef140c002e512eb2fb753f6af5a315fe0c4acad0d51e384e6e8e895944,1
000279_rot90.png,train,fe1ace943eda554e2ca1f6712fad55eaad62cc36caaf6ca8193437c21ee96c4b,1
000280.png,train,8cdb015bc166bbefa91989f5581012aab48a6d51da6021b6987851a83ed7ccde,1
000280_bright.png,train,b9982234b7ecc5f918f4647eae81bb6678e10fe9dd123e6a6181cb0d1ba80686,1
000280_clahe.png,train,986a83420f217273332de38fdac104fd3dcafe1af63915ec7908c59f9d6bd539,1
000280_fliph.png,train,87f751abbfaf47d43682efd028ff0f6a1f9408e63bf33f75b812fa123d870c24,1
000280_rot90.png,train,48716f91b7b298e3b50005e3617a40829398dcfa565a7c8be0695cbe2bf320b4,1
000282.png,train,46d3dc0b122709620500d30f72bc89cd242048c66a8b23c2444c0db46521ea91,1
000282_bright.png,train,de0f682248242ce2e71e88880e97b78f0ee0290ab591f243fec1465b8f7ef1a1,1
000282_clahe.png,train,139fda410eee47a92d74e930fb1adb40a3df6ec28376b70096fe30040cf28728,1
000282_fliph.png,train,ed5928f7606752f3bc282dabe312de706e32f82f7f54fb22d1e75b426a712382,1
000282_rot90.png,train,56168d4e99c3f1e3c4c74929886d2fee939fc0a5f031f021512228abbfeba4e7,1
000285.png,train,7765de59f0cc9d44e2ce753f46b97b8c547704613a8ac3adea8253606dbed4b9,1
000285_bright.png,train,d213cf2d5c9b3eaa7b19062dac36fc9ba277b720daf81d366d66ef1906b8684c,1
000285_clahe.png,train,ba240da1e37979f1cb5a9425c52faadbc3036b305aa078016c2daf2dd3e4694b,1
000285_fliph.png,train,18e71ccdda8d826a5b44657b35df54dfd79b31f3f8eebbd0bfe49edadbe62c8e,1
000285_rot90.png,train,24069d6be1f9a09d8e0d74554c6533b81fe898551ca078e0c96103e539160a26,1
000286.png,train,5e465bfb5b202f5ac686f1c783e7113c1e5233e8b215635138044ead5217152d,2
000286_bright.png,train,7b4938bc4bf600aea7bce8a230974596c8dbcc2ea16cbdff932ed39484b61307,2
000286_clahe.png,train,96640812e8199425d589c1043aac093a3436c6afb4c0ccaa66a175ec21a27c06,2
000286_fliph.png,train,c5ee01cf7058250e953e5e9139a50d974b27a798d43782252f726575f08e858a,2
000286_rot90.png,train,9f2165925c98883d019090fede6bc2f75e6a6506295821cd3e5b2309df8e63b2,2
000287.png,train,5ec57589047d5d041e51682b58023f3110615e80d941d94a3526acff2398b215,1
000287_bright.png,train,6134af78e110692afc63319a2281f901633981d2fce03d2d9f3372af14d44af3,1
000287_clahe.png,train,e71cc2955b18950df339db31e7b19ad107c800b89cc1a1457885eebfe7a6d8d1,1
000287_fliph.png,train,25a82c00e990fbf91e1cc04612a4ecce04b51ad61ef9b4287c42b18a18d56215,1
000287_rot90.png,train,c074e8e963b9d60a679cd61a289d71a3db0dc4d19133e6e801b7d77ae08131f1,1
000288.png,train,0c8c83cbcb80886f961918b87ccdb801c00d4577e9be124ce50e58c1c3f3d40f,1
000288_bright.png,train,face779075302d0603d9e5fcadb074da910d4c465f867268482481f128e774eb,1
000288_clahe.png,train,7288ae3faf89b628f636b020ec831654ec0d1df5512609518042dadfb47d31da,1
000288_fliph.png,train,03a8e021dcff45972b358e3a6907807e2430a68c7e1bd8084c07308c8f5bf6c0,1
000288_rot90.png,train,3cdf3114177d0883bc5ecd2fad5ff25ea752060388b085a6d978f8ec33398ce5,1
000289.png,train,03cad7057525f7bb4558ed3e42210d9a2e3c47832b4c048d7c067115f1cf5a77,1
000289_bright.png,train,79d83e6fa068e021df9b69e08e80a56c966e85a0e270c170bf67dd2a2d8be8c9,1
000289_clahe.png,train,9dc0c05b467f64f8602993f5e7673e54f9f090bdf3bf93ebebf654a7895f87b8,1
000289_fliph.png,train,3d28bc53a69cbd278f2005a599bbffc9964fdee76481ead44830db2aa96d272a,1
000289_rot90.png,train,f7aa2d1279e0ad46580a37ef3d8ca8952069f09f744c59b0f626cd5e77873d36,1
000292.png,train,d8bb5d7b2b2c19e3a3d1de8f31dda1d7cb8195053ee2cf37e8417099d51096df,1
000292_bright.png,train,465f7c1b0901554b41bc5773773487cc1a70165189b343ce1b1cf49f1f1aa121,1
000292_clahe.png,train,a6e98d9bfc4b5de66811095f8bfeb567bd28007b5d7310629770e918f06b50d9,1
000292_fliph.png,train,4fc624ddd586e7f4a784b17d4f9ed8ba34dcf409270a78b157fa2c6779c4e488,1
000292_rot90.png,train,3603c234264ef02d76ca68e305c056c58c1aa6bc83704967910507e3f237710e,1
000293.png,train,c2b07e2da5ed8e686123ca9eb70ac08cc0aa8ea39f2e1ce7bef1216c90ea6f3c,1
000293_bright.png,train,e2f5451960d11b6679b97c772d810d0132af1119990ee5aaf98bb146512ad698,1
000293_clahe.png,train,92bdc39fa50856353907003a25d6f4345bc72b94f0c41a86c49d18ffccfc719e,1
000293_fliph.png,train,1072ea0c904aa7f90b40cbd974cc0c01f79554cb3ea6de5b5e224f0f496ab5c5,1
000293_rot90.png,train,6afdbf200075482f9a953e594b87f5b900f2b7e54be512324f78b76e9ff9ef83,1
000297.png,train,1e8b04bcdfe25b2cd4e39b6988c857dc2efe3fb4afd62cc60061630993834b82,1
000297_bright.png,train,b7226659e5768698d7862811a093b992db64b676eb1e2094d354f376c8b55f6d,1
000297_clahe.png,train,aa362eb18ab6e5faeb159f87232d37a12425acdb986a0554dbcf04f0e77238e3,1
000297_fliph.png,train,8e3d331de474d069e5e8b358f4ca891e097e5deb9b564253d9df2dcedeb1aa39,1
000297_rot90.png,train,66eac1253867dec4575cb81ab7e5b30376170a3b034ac69ed33e35ed89ce9e2d,1
000298.png,train,c40b351f16c32cad89577845ac7de0af24d54e5f548ceab2d1e53215239467a0,2
000298_bright.png,train,e4f25254056059f174fdb5498484cde27fd628188403de71f72fc0099ceca20c,2
000298_clahe.png,train,0520c70275b9f5d30aef70e1731d081f56b139b57d334804912a52d3cafffe84,2
000298_fliph.png,train,9c4a5757ff14c12c5be983282c022e0b2878fe4daa0229b96ee1ed54ebdda3c6,2
000298_rot90.png,train,bb4e750d03b81556b50f8ef6b511f4f174ab52259ce104c27c1fe630dc916961,2
000299.png,train,cc2700d1cc50d3840678d81e54c4e4cfac0127f5001b2f8bc28339adaf83d63e,2
000299_bright.png,train,6600722f650d9599cf3bffd474ddbe0ba9478f48c7dded5963ebbc4935d4f998,2
000299_clahe.png,train,18649d8d0e54073ab93f8718f1ebec8f24b5f11528b66fe5bf7e8891a180fede,2
000299_fliph.png,train,54bb60dfa5675fea853456823d7dda413dc8120068333790bd2ae0c323554cc8,2
000299_rot90.png,train,fc7ec0c9d02e044afd027df057e6048173533157da806e179e074dbce4f324a3,2
000300.png,train,7ca21cb3221e12640e315fdb3f47632fa9980809b761bb7412ea82f8fd7f365c,2
000300_bright.png,train,dedb5d30972573b6216f96591034c4801eb1d1557ad1a519dde1461e038c3e1d,2
000300_clahe.png,train,02869a840d68f58a555b67fd39a63a4faab82fb17c2a97dd0ebff66dc407e59b,2
000300_fliph.png,train,c77f5b245761b266a2f0cf633a5d43551a659007c8fbfbb435db1a7f2f8304ad,2
000300_rot90.png,train,e506f2dae5ed507e667684a58883e48144c559ade3297aa1295e8dd5773fccf1,2
000301.png,train,c0a9fd19640c820d0a0434f50ea13ececd1acd41e0f42af66a8a466d68f73393,3
000301_bright.png,train,ca2caf565c6e130042e1ea42fc0ec6d6808d636a95879559f39c5c5fc17c69f3,3
000301_clahe.png,train,dbddc33d38d65c37cf7c021bcb5021855f305d1784f906f4ad433ca117199a07,3
000301_fliph.png,train,09a61af6c3010b31746b416738815c58a5fa6cc814806359a3e3cc9dff7eb718,3
000301_rot90.png,train,334dd63e40bf25c115e65515997d277e5f6387e3a8635094e696161643b1c153,3
000302.png,train,80d3a00ab0a3fbe2f2844162598a13af87623a40af5bf07ee160d7000e933099,3
000302_bright.png,train,257531edee19964014f2d7224c9fd14d36b400d26312aef8933e5ba465fd0962,3
000302_clahe.png,train,ffe0e9cbd758843c1a13c81ad0f83ecd65ac2b8e9db0f734a5636a77a4b135b7,3
000302_fliph.png,train,69124786d154c744228417791e2f03efef4301224bf354576f28da7412e52e33,3
000302_rot90.png,train,c7769b1e84b3da3011ca324618a6d7790a147c9014bdcd40a17fdfc62c106853,3
000304.png,train,c69d05ba8164d70d567f4092e177256334017006f45ca5d960c680f144a92ff4,3
000304_bright.png,train,bb8288bf9adc798704b3e991a55d004d3ee3f73624840c7f196ab15535972b59,3
000304_clahe.png,train,827a84c19e1fd17d5c6a25a5ecc9fed621dbecd95f18025bb68a5b61b2507c9e,3
000304_fliph.png,train,b52a47aa39c155f00798bb5c3747365a3fd758c50e033cffe2e29e9a167eedaf,3
000304_rot90.png,train,d3fbb28786226faa7f782012025640a7490904f4a014127f0d37e67365eb6252,3
000305.png,train,327d37b5eeca3035367f5835264080e6773ea080bfb15fc7cb9bae49efdabdb9,4
000305_bright.png,train,bb255c1e6a28b180e02287aedb16b3a8abe5b3779e1412a326f9da3d498903a0,4
000305_clahe.png,train,b23ac60c441fb08116b089129aa628bc54791ca859213e00b10d45b0a06309ca,4
000305_fliph.png,train,1e27d34a29d25162457eed2ffd93df701583232c3a67eb37ede01b765e8efd21,4
000305_rot90.png,train,1d632853b845b34142853d098425fb6a9380e5a4a17ec9ad9dbf84c57fa9ab89,4
000306.png,train,d18826c3b2fb8c5b2b294c24d8a74194af3b8d78edc54bbe4935c705579b9053,3
000306_bright.png,train,590aed767069e8a8588dd19d801bc3c1ed3d41905aca3c304abfa7c65ae03e9f,3
000306_clahe.png,train,ec2401d72f54ac6b02965228bec63ea27a77eae8f0bf32e89812b03cfc10e7ad,3
000306_fliph.png,train,36eb111b18a3e7f871a9db18103e3648fba133ea67c7afd3be43e0b596b32e0b,3
000306_rot90.png,train,4f576f1c9538f1ab3ca401e623624126055e69a357ab206ffac11ff42484f94e,3
000307.png,train,91fcd06069a902fc897c046899c3b02d65973238c7abe0239576a1a15da0ed18,4
000307_bright.png,train,eb4c64b64de66c6e5bd061ce1b6034ae5dab1becb380e82072ee5f8e790d92c1,4
000307_clahe.png,train,649bc172b26a1c10cd3f0030fcace6e658101fea399035109d7c864d7c5b7a62,4
000307_fliph.png,train,3dca5575e79da672063558c8178a8de9f445ae8dd937fd95f68ad0f1ecab11b6,4
000307_rot90.png,train,53463665ac64b2854d1b88532bb5e9c889ffc4160c277fb5445a0b138e7f09fd,4
000308.png,train,3fad05e5939334ec6f690679e36c7f2404d635812a865b35b3a17bf1ff91a415,2
000308_bright.png,train,37af3da8f2ad8de01994349739500a8409eaa07024c603129dde9669a1e1a1f6,2
000308_clahe.png,train,35f9d8bb45e7a9d580ff608fb97807e0b835c124c0bad0e05ff1650127920737,2
000308_fliph.png,train,d28463e54b4608c0cc0c20e1a0dcff03351d534772a496f44cdaf3c1b6aeb453,2
000308_rot90.png,train,d9c14f68055085f9e6fa9fd5dc320055c23a51009b76ad8c2a41b29de3e48a1b,2
000311.png,train,164aa93787fb80f540ba1c7d9a9b620b57e156b85d66abb835f227e8aba87286,1
000311_bright.png,train,d2a640d53bf7ef1db773819be08eb713671d23072784ed62d85403536062b188,1
000311_clahe.png,train,03cd3f7e494f0f7b472b83c463623394da1c1c49665f853e5f49a64786681a21,1
000311_fliph.png,train,44840be865bf5d8c2ac3df24a32d322858e4aebe9de09d0f57e8d8fa8ef248bb,1
000311_rot90.png,train,fba1c4b9af8320a7c35f8fbdba24ab267e9b4d1c64bc54655cd6d7463bb77aab,1
000313.png,train,de38069a3238a0072134f171ecfeaeadb4b9a08fad075c92956f48ca5a197958,1
000313_bright.png,train,0843ac7c64ea662239902e0c67e16a8435d9f2cd96412fab97c89871f9cb65d3,1
000313_clahe.png,train,c0d662bff4d3ddc67c3e65e6c99df34dea2b89d257142866ae6ed4dded4d4def,1
000313_fliph.png,train,a51d4c246509868dbe2bb4b0e4307d418742e13ab9e03b4b81180f1abaa15fe4,1
000313_rot90.png,train,c88acf737c8307b8b290350d67247fe5106595d75431f0132f13c72c3fa780a8,1
000314.png,train,8f5f3b11ade10ee3b4ac8c44ee626dedf1bf80017eb660026c2fe8b6d770b8d0,2
000314_bright.png,train,bfe881dceecec51327245cd8257fa89ae4398890c2c7e73afa6466fb121fcce5,2
000314_clahe.png,train,c2e62ef770eab3e8684caaaba215a507744568610ce35b8c9824489d112beba2,2
000314_fliph.png,train,90db8bfb691fc6f74f286da3f919fe3dc01503e5199dc08806d88c17b89f0260,2
000314_rot90.png,train,a7cc94aa2dc5f1803b7746da43081e88bb8ff6c01ce73d53912cb85e3dd000da,2
000316.png,train,2052dd05bd09ef31dbdc2c6d7bf98863c587a88c955a1c166013f739bb4c6c8c,6
000316_bright.png,train,322df98bd9af1df18c7687f9a9c0a463124810b17450e81fcbc42154a8754f83,6
000316_clahe.png,train,1b81c62191c5eb795ee4eb51a6af3d0e927ef2e9cd6080ea826c63bd0c44aa72,6
000316_fliph.png,train,3c9b70ccf91fb5a919d7c472513bb98ec6cce3ebc411c9e91d612100bb1dfd1f,6
000316_rot90.png,train,0f20e11bd844d054dbf7b16d7eb16ab690fb8ebd165019a178e1003f1f209106,6
000318.png,train,b47e3b9bf2bcaa73ca8314f638fb8b51b9af5039fffdc0de56ec5edd76eca32e,1
000318_bright.png,train,0ca116eb3932a45b55184f56a56fc94ffacb391576d687b217fb600a1d69f084,1
000318_clahe.png,train,cba92f0832474aff5dbe7bf9267cb063d0f2a2bb14adfd3ab562f7bc57fd65de,1
000318_fliph.png,train,9b0eba1094f9f239cc3cc0e15ec37c823aa12dff040a7e3bdae112e2284faf83,1
000318_rot90.png,train,3decfa27131b8cec7b39236bfef20567dea1678cb72ab237cc767bf455571272,1
000321.png,train,ad310d98eb7e47dc4a886d95b1059ffe7564405696d9297b12828095ee2ee673,2
000321_bright.png,train,57a76eb68a7c16e3f566a1e486b43a347e3cefe3f2160e6e74e1d1f7c8a552f7,2
000321_clahe.png,train,c1f9471b9f2f118c83f611404b8bde5788144b4faab077770517f506602f1f02,2
000321_fliph.png,train,4665abfcc1d5e59a88a45ce3b934354fa190a232cd78dd00ec6cdf2aa6ea58ec,2
000321_rot90.png,train,0d67e5e4e2c147dc42013bbad561e5e7ce1a88b3545fb3c26da319d241fc99e2,2
000322.png,train,526907adcccdfd3364a89394b2e531f8a99052fdf8b7f95f9fda2c8c5ee34a63,4
000322_bright.png,train,2acace2899444d167759fe909b36942dace468567dc13d465a805509b4f15a3b,4
000322_clahe.png,train,4cd379b0f9c133e4c2645cad5a2f65b97f68aeeba529f0f17f97a8959408539d,4
000322_fliph.png,train,d12b9897817ed73652a3565379b7df3834febec8453147aebf1be7e1f9b64045,4
000322_rot90.png,train,671f7836abe0ff3c544fd86418cd2b7e8f060f99ffd0d7faac7998ce538f17af,4
000323.png,train,8de9c1b77accea4afcb7488a4e3b91f76ad118377503e6c105129bdbb265db59,4
000323_bright.png,train,fae8bb30d084b50b18555bca32eac184f741a7d7b45656dd1566f3017a016a19,4
000323_clahe.png,train,f6a44a82a384b322c0304463ae3ea26f1f0887ec558b8ac2f4b9afe370c4dea0,4
000323_fliph.png,train,d08a2a90e810c75cef63888c0c669dce8188eeb6ae5d105e1884ade8827babf4,4
000323_rot90.png,train,4cc6e78b1fe37d6c8177d6cc0815c0becfb09ce4801dafd71c0102192d862d2b,4
000324.png,train,916d27a8c55cbf33bf67624afe3340e067041115217e1f3ec73fba4cb8d68f7f,2
000324_bright.png,train,a9eb716a59886e64b62472ecc65d0638f5340d2ea8507179ce98342ff99a174e,2
000324_clahe.png,train,4266453fa317c102fa5349096821601bc89c3ff7ea3b126bc2bbaf187656893f,2
000324_fliph.png,train,807119485652b7adc093974f3f962108d7a34c574810dee39c28f1fab08f8ba6,2
000324_rot90.png,train,434c72d71b7f3fd629610b1758f3ca254515c266c146a256e523065f7b76cce1,2
000325.png,train,d80e2534ad52c77e85fcd5b7f9cb74c3b55c122f2c491fbfc5a78748facec013,1
000325_bright.png,train,4967c47da189ed5624bd3bb6b9ab547f59130bdb875e9934fd7fce0435358f6b,1
000325_clahe.png,train,a2ef80dd541b4be5dbcdee2a48e76387e57db8f39901c6b8c4fb0d549f2dc770,1
000325_fliph.png,train,271a1a0d66eae0f5d5ea5ecb3e6cecb618551b4dea65a9290f6cb40bc7c1fcfe,1
000325_rot90.png,train,9c3406eb8c4b360f1a1796f6817a02b1fc6153f21184b54ccecc9d8a31daea7f,1
000327.png,train,0a425972c11c77dfa4d0777b93f04906b74ff4428a4083527e346839101ee8ce,2
000327_bright.png,train,152f775c19b71af7d795f710e9522c833a529c1eddc0b11770b22c21701f8597,2
000327_clahe.png,train,bb24a5c912f09b898a97f7c7b758aef6f4ae71607c51e1f398aba14e4b163b54,2
000327_fliph.png,train,2423877b91e26893c6ce910ebeaada354c15dceff3eb83d86198046340d356b9,2
000327_rot90.png,train,dc5914579be89891352859676776f852385c8dc56fee8432afaf09c28e6f5e4a,2
000328.png,train,0af9dbbec828f777d5916f02f97d2422733795af1156b047d64e75221bad5039,3
000328_bright.png,train,857f4a23c87e7df02442be893705f0f9b17db7825d2ed8bad5bc556443633fd2,3
000328_clahe.png,train,a59af82adc0539ff81bae8e292d1957b57f026f035382a2240621a1ee7f30a7b,3
000328_fliph.png,train,4993d2c727e74fb386f70154608affd77d8790b1498e862b90df6fa3fa958e52,3
000328_rot90.png,train,6d01fe6151396e285263bc01149f4f994d2bc8f560eeb7cc20faec9b285f014e,3
000331.png,train,1291f06b472da6abd6e0ae05f8148affd909618be97d52c4f48e9bf95d998b0f,1
000331_bright.png,train,5d8c1b29579df9c68711d2c1abdca643a6146b055fe56b6b230cbb7cbaf8689d,1
000331_clahe.png,train,d48c18b4a39e5dd8d4b806854e78f858b4e7e8efc280212f85adf8c4bbc95c16,1
000331_fliph.png,train,49d54dfa7add060d6a0c208f82377134c0762c50ae2d0aedd6f6f8f1a138f3ee,1
000331_rot90.png,train,19603ac45cf18e2c737d5e6cf7d30dbf0910b4b6122399e0ce7012e33adde45e,1
000332.png,train,9aa699925fcac293916999f960c4fae40b9aeff0149bc4d40e3b7aca9fa709b2,1
000332_bright.png,train,a2af5b22ed4c7d9be58626f09d39ddbc2702e9ad7ecf12cd4f1e0e1adeef61b1,1
000332_clahe.png,train,3cd0d5d154dd069537b705a4ec73503de3ea610fe9b7a05d204ee7e808fb63fd,1
000332_fliph.png,train,e2a7baa41241a00363c3def7800ac0861f6d1f129399f92f64580b29798bd2ac,1
000332_rot90.png,train,4116ff5a2daab1667019037506c46376f3e97d8f3a1bffd1931da4b5fab9676c,1
000333.png,train,0441496cf133049c06d557bd15646e8f62d41def9cf0f9b945fb00a01fe698de,2
000333_bright.png,train,df01639ceecabab3d9f74c667b219788249e3fb08974cd2e976c6e67a3eac434,2
000333_clahe.png,train,3483fdfe06be8569d055b98bcc541f73defeca4d89ee6f8196ffc6fafcdeb48f,2
000333_fliph.png,train,3e6e41805c276798fea42590a9c89120892e160d1e660de2445784e57e13c75e,2
000333_rot90.png,train,49d7076641a0665ac06e444eec0b92d6d2148a5bc00bc546cd94da74194565b4,2
000334.png,train,c3dfccca3f7550daf7a2b8c9cee22b74c8152ba7e951b835d7c021225e328668,1
000334_bright.png,train,6d46e8ed887db17ab8860b14a240b4d8fad454f999195f03f03659594a1571e7,1
000334_clahe.png,train,85d1d409eaadec159de5f1096ffca3dab3f5b715293e300cd32e249927679912,1
000334_fliph.png,train,f5d28e2b80a9e227140e90ec057a461becd3eda2bd4c66be8df6f48485b61d79,1
000334_rot90.png,train,3a0d137c05db7baab69b6a3173d4ab687316c78b30a1d49b4529ddae5d041ea4,1
000336.png,train,fe441d79a96f2df371d7a5e108f947fb4c527a74ddc2b3f0cbaea11069832de5,1
000336_bright.png,train,0dfba4cc84b9e00b9aca8c3e31d383be1b8173e04d721e5179b9d7b5d450b229,1
000336_clahe.png,train,8fec86b2923251b197fb7e726cecc3cb180812f23f84d053d9d9e1a8910bd72c,1
000336_fliph.png,train,ff6d82878d34fa2a85e6ad5a3f61b4706589c3de1a3126238d35a09d298df8e5,1
000336_rot90.png,train,ee74607014bcab8757231d9574d95bdd82946a9842fb362430ee3c9c42d1e026,1
000338.png,train,b9ec5cf814628b836248aa1fa154ca8ae0bdff4d3956946fa7e9c840cd3c9e8c,1
000338_bright.png,train,0ada5cfdf4c1cf7755b4e499a37638e86bbe4231885f128ca15156f349784db8,1
000338_clahe.png,train,d792a12e44deb6bff69270296db8b33a66325c6c3848583832fcdc549dc21a9e,1
000338_fliph.png,train,2900543f956da97137b26091b99552d4343c3d6bf27ef8ecfd08edb7f474694b,1
000338_rot90.png,train,6fc8454ebc6a164de389cc83630314b2cfeb16bf5fb2838dbf66de486fb54d3a,1
000339.png,train,7018779c5602a039dbcaa0c48c6cb177b19b587d6863ab50b488c56d23e2906d,1
000339_bright.png,train,874ec586842dc685e0a8e6476276249b2f35c30732ca18166269febd19c1f5f0,1
000339_clahe.png,train,ffef08c954c74c3df7b7bdb7082d1d2252bda18390d436ff8f60a91547a80a65,1
000339_fliph.png,train,e9f5bddf4502f772484e9cc348c63758cbe249228d5109d6fd4fee182b796e2d,1
000339_rot90.png,train,7bdb85a0a7c26a5dfb8098e7441c11b639afbae9f940a4d0a8b2a43213b7c731,1
000340.png,train,c8ce95c524677ecdd7139cff42ca4381f2670ea567dd8fa3d8bdf5efe4c8212a,1
000340_bright.png,train,7ec5f7d53ebd3f81bac675f2901b0a0339e3aff513aaed03e1756db39d2959c0,1
000340_clahe.png,train,97c6fa98b9adb836a0d33d4014cfa48ae1dcd8865e3dce4fb9670bbbbd8e9f9b,1
000340_fliph.png,train,c95f9e279d30fedb69fc0b6f2eab7e864a7da33108e886a4e7ba1cd9000e9988,1
000340_rot90.png,train,cacdca46db6bf447b8c0f1bc1e30da65df646e4877f9798f1dbaadd04bddf950,1
000341.png,train,e6664373d0cd196645229169b30817886100661ebb18b99cbea77f1ebc8b96ec,2
000341_bright.png,train,79b75deed5f74b8fe8630275630a7c30e154c0a95af24bc44795a50353742c3f,2
000341_clahe.png,train,2f30b04aa5a2e747bf99c5f9e4f0d274536f33f7ad418aa15e5031822e9531b7,2
000341_fliph.png,train,2b88c60b3a04ad383504763772434a6b4af1dae13864153d7cc53fab70ca33e9,2
000341_rot90.png,train,a16ec56bf6c1b155613e9939dd0e0d4a7733e1cd35357749da8f8005952039d4,2
000342.png,train,f1444dc05cfb69c31c1a9c544302f895def76bdc4855fa8af29d3b242e64ffdf,3
000342_bright.png,train,b64826974e8178c8639eeed4d497d02944929184a79c8f0d17e946a908a9318d,3
000342_clahe.png,train,efec1f1c5bef95d6396aeac1015134ef3142b5bcd3f6b404dbebfcef315d1375,3
000342_fliph.png,train,734d0188228e1d1f8ebf1bdb9e68f21c7612e875ad1e6e21cc4c766b98855382,3
000342_rot90.png,train,b6b03edf477ebc48441372ad56ab84d0206f7a4f80081a8f32299ad609f1c230,3
000343.png,train,ae252779b37e37d506d2369d47b2d3c121a102a796bd5d95fddfdb10d20abc9f,3
000343_bright.png,train,3e756b27ba732db4667bd07c38753056b71855bf17f91589bbd5b4c201204386,3
000343_clahe.png,train,8be70660bb36f0b2bf0d02b9f5c61606d62a517aadbf5ca2f793f4809008da98,3
000343_fliph.png,train,0678cbc8c526035ea3b89dad9898b3aad150b525e6a5beecb430e5801d80c3bc,3
000343_rot90.png,train,83240752984a958f51e9d1674651cf340d4e9a955966a5748f8939b3fe314924,3
000344.png,train,703d5e72a79a7128e4a0cadbd4dcb09fb022dfa254b5b1c7d4fc216706007543,2
000344_bright.png,train,1f7fa5301594219d5c476a2176d0ef93d6c3194485a5d79959efb4951ebdc85c,2
000344_clahe.png,train,fea0359bda081721cdd6b56430ae779c4f07bbaf8997c1185710cf1d020758c8,2
000344_fliph.png,train,1bb522a0ff8eeaea7d25f74de7ed0f859ed7ffa10b828878ebc917928ee320c5,2
000344_rot90.png,train,227d407057742293eab3d4729cf60b6ee46e84b2788ef60e8698fe5e1f0253df,2
000345.png,train,e1d4946026dceed44e75246abb385530c69aa2259ef1bc267ec592cb03f49bba,1
000345_bright.png,train,7d6a79e8e1ef67270d903989a2137a12a75a72a0b0e8bfa60832c453afd40c45,1
000345_clahe.png,train,b83d7b6f7c3827b488ec342531f07cffbebcb659ee102e6a0ae5df98874a851a,1
000345_fliph.png,train,323b745eb7c7ac2c116899def30cb2cf77f4925b5fe82b51b3f4728414c60f3f,1
000345_rot90.png,train,9dcbc3163e1869da0a498361bcbda724d13a6e9382780581831d344bc3360bdb,1
000346.png,train,b24596aa0d328a563647210c039de0aa0d9c121bbffd207182951f346e2a7c0e,1
000346_bright.png,train,d85de12ba4ced85362f6a34f3509145f6ed9c20e580033d04a7e6f81546286a4,1
000346_clahe.png,train,169da3d9e14275e56f22388a4b7553e89645074bb8a541b34c20a668a4adb996,1
000346_fliph.png,train,73a1aaae2ff0ea8a84e37480d6f1f8ce4d5dd108c5c3ce4fc9dade50f52f8935,1
000346_rot90.png,train,3280f0aeda7e81ab511ebf384f4117ee13dd1496f2c54ebd79f983b50a62301d,1
000348.png,train,beabc390a0e733ae810ce5db89fac9dae2ab95f71ffeca50380a0cc928e83144,1
000348_bright.png,train,237ca8c8428e54564a2ff4e91298ca003c06ec8bef6779089b3ef5cca3a82159,1
000348_clahe.png,train,3ae136f9dffc8e1d3ed141a96cb6ae4229d6b09ac356dd84652d17bc1262b1aa,1
000348_fliph.png,train,b307759d8df0238f9383d0ab5fa214b076b6418e3297404545f87c779ed33368,1
000348_rot90.png,train,89c1325a35ce4a49a1aa5efc8060a0a2ec2dc29eac56afb7b90bbf4de269d66d,1
000355.png,train,8c32259a9a3d7e43a2f42ac4c3a57d1a0e276a2d48d09d7f46a9d8bcf3650583,3
000355_bright.png,train,db6f25e0d8abe6541dc09bc7cb414f840c5da5dc538418d5996792c5cbf132ac,3
000355_clahe.png,train,76d79be091df95160d1bbf32f209bf3a41f2ba44eed9d8d57395d817bf98f9e6,3
000355_fliph.png,train,95cb6c8563a23c0aef9dfabae42a29c2adf703a8ec50fd327c6f593c7ea84305,3
000355_rot90.png,train,fe6b3dbf5ccc936fce0368b802647309f0a58b580f16a9756e6753614aac29c6,3
000357.png,train,14445fe8c999a18d5a11e4e489658537a8917afd4d7bd0a5dec32570e9a7b907,2
000357_bright.png,train,bce55f86e65dfb2cad1fa366c9004346c1be82e64b09f7723c48f9845121ce5e,2
000357_clahe.png,train,81acd6b4f98d711675f382ef383ac82cc2a8d1a2b06ea436aec02a33d9b105d3,2
000357_fliph.png,train,955c81f6a2d5b46a58ab26123ecb234a67930bbc6f962b0ca2836d4e37048667,2
000357_rot90.png,train,4ae0830d8e033e463dea5dcf01e0da3c00e3a95a9e37785e535324a305517cea,2
000358.png,train,a240fa7d98b1ebbf1be76c66bb021037927bd5f318c65ac2ab2ec1d5b5274a4f,2
000358_bright.png,train,43d90ca06076609206a9f6e46fd67785f155f322ebae21899d9bb7c739fb5057,2
000358_clahe.png,train,4182d8aa24597dab5e3a5ba25514cb38cfe56fa856cd5cfdd3e1abb8c0a2c522,2
000358_fliph.png,train,af0d19c9af64d46216dcb689f64590687a9a8ab4f26abdc32a79cbdf7e88c5b8,2
000358_rot90.png,train,c124e5ea040e1da1528c4095edf82e223682d52b08da991477b3c871b647f12f,2
000359.png,train,393cd4c807d6bbf884626cf0d824ed417c5332873caaea008f0bb1d0aabe9aed,2
000359_bright.png,train,c0461638c7cd4f3349f5a703ee795367053207a7492821b76f17879c3cf1180f,2
000359_clahe.png,train,38c70e746c564f30f61f6633366fa88416c1a97de9be39d4e7e20460711cf28a,2
000359_fliph.png,train,3866411fe19b260fb31e9be2161c13978609f33efe6a62a51fe841460f6f0213,2
000359_rot90.png,train,2f84c0eace39bb74dfbc6cd8713771fb350991bbab90ae03f0b729bd380ed72e,2
000360.png,train,ae68b1347db64b23c4fae59165e37d59e38023b764ae2f534882f04ee5d6e9d6,2
000360_bright.png,train,8decfdd53def49ae3ef57f0b88301393e878c35e2feb837567c5ee2ad530111e,2
000360_clahe.png,train,e7468361b548146404a91f588f6e55343b79ab2c12875208c405db2bafb9430e,2
000360_fliph.png,train,e288085379bf1f9ede269ce71bff284d09682cbe8662095cc333d6ac99da3922,2
000360_rot90.png,train,3d809c0dd21e91ca3d2f30af86b9e9c7e20d17ee7795407367411e0caf9cc1aa,2
000364.png,train,51593822325b65c8c6c09daa9e9567d10bdac1cfe8327fb623917825784cc7ad,2
000364_bright.png,train,bf69fafed2582977419397eb34968964e243c2a1382b6ca288ebad923b105b01,2
000364_clahe.png,train,8fd9d0ff315fbc2bd96b8aac46351aee64e2bf111263e87a589e9263aeeafc93,2
000364_fliph.png,train,3ae26a7e1f218394d9d7dace5d7ce83956aa38957af378a469fcd6a65688a7ed,2
000364_rot90.png,train,f788f729453b749907340272a7aa4c31931ff94950c8f089de946c682314017a,2
000365.png,train,b70f44262790dcd824fffc78bd3d5dda37c641d2ae7ee56768fbd4c1bb6892d3,3
000365_bright.png,train,68239bd8cbb2d1b5c4d2c7c21cfd6221c4d0d1a61d1a4b0d78ee14fe359ae0bd,3
000365_clahe.png,train,ecbdfb462a76b1cb43153f752237aadbc14d51c36744fe7f817b32ffb5c95705,3
000365_fliph.png,train,c4ec227018246b7926aea03576dacb08d8d39933afd34b5b1923733eb1e657fd,3
000365_rot90.png,train,3a3adbd7bd7e28b63c8f4c547a2020ae9c1dfa7375d68f9de823ba63afb0d0ef,3
000366.png,train,e140711f5a7f1262457a5a5c60f5517caa007beb6bfa0b3c629f976778ed6ec8,2
000366_bright.png,train,103fcd66378bc566e16c4f9721cb86f80f836889ac4a4ce25f5e1f4901978a28,2
000366_clahe.png,train,a1aab03ff95456cc5ba73dd529f055e5d0c4213dd4fe4abe60158d72de441837,2
000366_fliph.png,train,b6ef9471fb38b1cd0cda473a51376b87b4b00ce23a819efdc2664d13c5467f61,2
000366_rot90.png,train,a867e3ff48fd3ba2a1e8c32e432d641c6f1d3f85a4407b182b9d27cfee08a7e9,2
000367.png,train,a040224115e86458270465faf4e9f04482c1110fb96df5ed1ca565a475e1dd00,1
000367_bright.png,train,fc9cde2a8797d25e6b7903a480d45ee2b3a6137573eaa487f6898c447be99250,1
000367_clahe.png,train,c5050ea43ba0140b2de1b6b0fc541f49356ea171b689de75e2ac28c55669017c,1
000367_fliph.png,train,09f4b81db6e0bf2ed9242c0eeea063529dfd1cd26051b5cf3f7ddcfd9bf5130c,1
000367_rot90.png,train,5c3b12bdc2ce1e97ea0a8a11a92e859b4787876a9e9365277aab11b063d50075,1
000369.png,train,0af231a63e67234504c1f04b689413319afac1694980fadd1e52107653169955,3
000369_bright.png,train,2fe07b5bbaa5c812f93d6022ede981360947a5b59c2d423de6212b8cb01aa8e7,3
000369_clahe.png,train,bbd5feac068d2018cc43fe02d0cb0cc5e89b0128676094b47dc1a8c49d2e0a74,3
000369_fliph.png,train,b8b088ce351b7b0f11e1337a2f92795cc13a5f86bce7c9e8c869751f5296324c,3
000369_rot90.png,train,4f375c6815c4665be35a7d0ae4a82e780814eeb4553c9346ab7808e01fe98e4d,3
000370.png,train,f65a5b3a3c09d67a6fe51a7367149464b4395c3d68cfb3de402a568cafafc0fc,3
000370_bright.png,train,a2c63b526261c54db3ac8f4827a8b905275f06cf8338e05993f5b5000a61c927,3
000370_clahe.png,train,6fcd7024a62e5198d50da300caa3436f7d9a9a11e958d5e0f23ac7e71f4616db,3
000370_fliph.png,train,7ffe57afc162ec3b380be20fa24771a81e2f2f177873f057011e77a18a850bfe,3
000370_rot90.png,train,984813d304774f0b9eb88223807a3eb431e5c0136329434423449dd0b8327ff4,3
000373.png,train,f65b83511c89a9b03d68c83a677965482a01ad7aa68192238b31875cc1e99f7f,1
000373_bright.png,train,330b7be031da5c8e244588ef758796b1d70e02ec98b04bc3ab7cc23b0f11b27f,1
000373_clahe.png,train,3b2fd98b1105641d1778b1bef48d42b9cfcdc4d541c95c024e02ac91018b2794,1
000373_fliph.png,train,b049033762dcf26b836be238e2b69f1e37a49e1a29d8e01f97fbe64b315c53d4,1
000373_rot90.png,train,9162d3407bd4fd8d96787fe0331dc8e035011c39fc88c9ae093406400fe5b72a,1
000374.png,train,030ded7cb086fb341642df5b82b5d717f67c26899d3254556ebb66f04d873152,1
000374_bright.png,train,fbe89d3e0831dc9b25ef867bf3df7ba48c61bb70827448af96e99ae6bcbfa75e,1
000374_clahe.png,train,55a37be812429c220f0c1817f31691b6ae829dc6a7e427ec5e48b7ee5148cfaa,1
000374_fliph.png,train,2a945ef55003a9d0374388e195dd2d4f1f7509e47640b816cb68201c98dd0501,1
000374_rot90.png,train,66e69d419cec3e94edb7a0dd2ade4a4a2f8fce6140fe007766ad99da13325a26,1
000378.png,train,64ca432be790f047dde06fad166381f766ef2015b3de296701a7e69db2595c86,1
000378_bright.png,train,6cf021453e6377c557edae5ecdba884c19ae27cecad18dd84ab3323dda390133,1
000378_clahe.png,train,a948c984e56484ead85d01c00f4faed3d7c09a57d4402a0af2d29ce6991a039e,1
000378_fliph.png,train,e217164816d342f779b859495450e616b522c55ff793f747aa1b5aaa2be96d9a,1
000378_rot90.png,train,8df7dd8119b2f9c343fc302820326493fb16d11460504e4d5f089fd171f6cffa,1
000379.png,train,cde146375fba64a8bd33d574a9524b220c91a997086e8253e6925e2d36bb1d96,2
000379_bright.png,train,ba9aece84616257dabd3164db1e6b21a753d9d5380fea845f5156cd591696b07,2
000379_clahe.png,train,c4a9914bb324f0cc1c735c2a3d1088dcbbd69f229c19755705c99ce061e5bcd5,2
000379_fliph.png,train,5577d0a202e4acf1086b5f800bf6843f083088735f1b8665733b0d3766ea61f4,2
000379_rot90.png,train,64321a523a1530d77f06130fa6456b371b029af0631163fe678a1e8efc006a44,2
000383.png,train,72f310fdd4618eda2fc194e58532829aef68d238db0485b58a1f26cfcf8abe80,1
000383_bright.png,train,e610b4c90015335157528f3501969ee5f4e01d87466e4027c6dc5d40ea719cb5,1
000383_clahe.png,train,332351fc51b1bf2d6f4155ee7fcc8d5359d276cf72afddbac38577087780251c,1
000383_fliph.png,train,49402b71cb056832a19d2ee4dedd93f6fd2c08d0cf0c3fdafc662dd05cd4668c,1
000383_rot90.png,train,918d8fbe4ba76cd6e111c67a22eb4c82b596dacee2427cf11264dc4c03dc7898,1
000387.png,train,687ac152341cb14ea5946eeae8e607d6534afc7b03ed95f5c4486e2f7eb4462a,1
000387_bright.png,train,0f602325d72c58f299d5b6117341604aaf67feb92d9661853cea6d9c7cdc01cc,1
000387_clahe.png,train,9719b11d2a17d60da32517493f7fb8ccc4788daa1441c10a87ac270532072646,1
000387_fliph.png,train,bbf38fc4adc2963f18531501f8442899e4e9cbd8961d346c506d43f384ce893b,1
000387_rot90.png,train,33f053e0e54ce485afa1460158288399fb414c4115cdad4412e0ab4ef32b5b09,1
000388.png,train,b61d5afb7078269681a1cb7e450d102b26893772adbe2ebce68bd1217c4f0df9,1
000388_bright.png,train,a110ce74e8ec422ca613cacb06c95d82cd5dda7b92cce42a6af4b98c3f14de5c,1
000388_clahe.png,train,92d914f00d7aeb8d45c74f18d621d7f95c2f554050f233c3b4ce18149b03a1f4,1
000388_fliph.png,train,56cc7939e1ec8c81fc87d491151b2c84689c5b937daa3366b898ae4a950b477b,1
000388_rot90.png,train,38ec653f015f73540fe6456f334c516b8410efb4dd7fe70f0018dd57d3188377,1
000389.png,train,407ed4ca011d97cdc95edbb0e114de506d18346871a4cc591dd7375c655b56ec,3
000389_bright.png,train,abe50ae637ac3af957815216fa2c1e8ca4dbd2a6b16bde089080b69c34404987,3
000389_clahe.png,train,d7d51d5a007a153d6a6071d41c8523384beec334cee6a0f236d06e8a71f988e5,3
000389_fliph.png,train,12bee516623eb6e3f2dac3e52843932e22f88ee0f4b7b6a5be44a0d58cfbdd5e,3
000389_rot90.png,train,48888f5242a4eb5eec244b5eac04db1163e977cb98441c30d343c7ae9e19566c,3
000390.png,train,eae50a49d63d985455537fef29b4fc347c964788d1cc915b8bffeaa6cff50b2f,1
000390_bright.png,train,22a40cc85460da83d40218b093866b7fd165566f5abc8b11e70990f61f7bf2db,1
000390_clahe.png,train,693adeab531c61c73227270ca55b667b0c58248a28036bfd5c6e54da19c3bdca,1
000390_fliph.png,train,3350a9264493fe81e7740a9169eb2cbb032a47b5c5dd27366323e840f6c62fd6,1
000390_rot90.png,train,482d06d0e4862c1dec2497ca7e05abac538aef59d4ebdc275516d2bf8a71338c,1
000392.png,train,02def605dc3fda5eb551bebd72d6f071520b31bae551089121cf61403fb3e2a3,4
000392_bright.png,train,061298346eb50b27ab02bc20a7092be5cc2a9b9e0d4553b1df7f5d191773f463,4
000392_clahe.png,train,9a231eacecbf94f162a2e7e4fdff3d1d971929878191aa3992d9a0f29bb1f7af,4
000392_fliph.png,train,5cb4fc9f4fd52f6b0965bf40867268b524e38177516820f58ceeeb0031fa1b41,4
000392_rot90.png,train,e251d2f4eb0fceeb4ad9702576e4b5e388d8db79d30b7be916207cad2487774f,4
000393.png,train,d77c066c36dfe12557bdfe9c60bbf05d08e193b74bb12c98d3a5c85262d6e72c,1
000393_bright.png,train,b0b9e434df5746fd44bf499b4623dddb34ac045dd8908a1aa07a94dbe20d7562,1
000393_clahe.png,train,3b763d03dc674e5225479d2d76227f167e903737643d633bfa121e9fc85a0a36,1
000393_fliph.png,train,e8710b48d0d44c095fbd32dd32aee05f84d15bdf3553177f452df1b15632095f,1
000393_rot90.png,train,2695fa08cce39b2c904bb513cbffb1c272b6a6c3e2d2950a00aa0aa1c5d546ca,1
000394.png,train,13fbbef082d55d3a79cbc793aa48d826bd3db7479f7c22cd0576a95c1bac5bc8,1
000394_bright.png,train,c29dbff289ee1e29ddb73e1aa4117be8763882960b7e7ca25855708820943eec,1
000394_clahe.png,train,7b13148ade0db499da1fbf1ee623dd820325d288739c9249f37456decabaadc1,1
000394_fliph.png,train,d45266271744ff3be1adf58b9debee9ed68aa88b38b46dfb8ac734a36f97071a,1
000394_rot90.png,train,79ca14cc3ce6cc48ac7ed9ccbb1bb97ad329f91a7323b040b2ceab188b66d32f,1
000400.png,train,38edb9d056911d51d160e72552f53722eed8292ca624307aa73887ca26fb3d19,2
000400_bright.png,train,5cffbd60ed1b7b039da81ca3d6233959234f76eb65c561323fb0d592374edaea,2
000400_clahe.png,train,6a400a2228d82ee552b45ed2fe921c22f72b1751b83e084a1305b125b58605eb,2
000400_fliph.png,train,2cec3b7591bbb3af8e675493f6b49fb4e39918ea8a51ff287675d1dc973a231f,2
000400_rot90.png,train,d4a1878c66f52490cc53d99dc0a22516f1c341f4993f84444ed0950ede365b09,2
000402.png,train,2d3f0e0ce6f94a5d3e3052fdca9bfed0f1d8b4306cf76440a8d470f76c84a085,1
000402_bright.png,train,51dd67e14646f9e166ddaaf44f82cc72468c6290b500d3e60502d120f2feb6e4,1
000402_clahe.png,train,17f1fa9426bca09d61774810305778fead7dc44657c4c26be9c46d7c6c546404,1
000402_fliph.png,train,8568e250439475fd574c1a05dac37c206576512658c92da6f7b3858b81ce5564,1
000402_rot90.png,train,b64537637cbab60e2cd9260c75d1a08cdff86407661dbf109c4e0a2e4145ea42,1
000403.png,train,25e037bcb6be30e57253d6d6d03986b745a8ef2e274b2fafea1a6e567b4ca36e,1
000403_bright.png,train,5e4eb6fdecb7012dc201497a3cfdc3968ab7fc1c634c6e785665204a9026d0b7,1
000403_clahe.png,train,7641bc995ccc7cb6626565a80b12c535a6332631098e625db7e34fd7ff6ac975,1
000403_fliph.png,train,11e0e81cacfed87a066297a35566ba0f3589358319ca7a2ca807111cf3554950,1
000403_rot90.png,train,6b617a4a164329f43a29a93822bd28899bdc36fdbe04da8fd9982a41a449f76b,1
000406.png,train,b4ccbe1d3edc0ab83b7394d47d0995b7ca4bd28469dda96daffb7987867029a2,2
000406_bright.png,train,9bbe03918d59b61290f4b28cca01e8af43e8ea7bae8f372e31a10c742dd345a5,2
000406_clahe.png,train,d5cfc02436d416877a57976a6794e02a774eda9ad8b0ca1533f99e188f9e8156,2
000406_fliph.png,train,d802bf415c4ddcd9fa26613da0cc4cc48ee6f8ffc9fa4ef022bfcd2a18b8d106,2
000406_rot90.png,train,1de25573a7d2aa046e8b92009264d53f23e7750de26515e56e5cf2aaa0aeb496,2
000407.png,train,6077192928cee4698909ee9ab565e5e2d6a7597c4ed05f3817b6624e12789205,2
000407_bright.png,train,16f360bb850a2595ebd3e50274df4e7101396cd98b7827bd2cc99eeb1c81716e,2
000407_clahe.png,train,f8bddd415522223a297549cb78a2defe86f199e75a34ebc8a504cbc3148efc52,2
000407_fliph.png,train,7a1b38192db61dc94c013bc92fecc7ec11a26ea691bcd97e2b1bc883a3420f6b,2
000407_rot90.png,train,cbed7caa72511e4b61a8160c0f957e91740b71a1955943fae74cfaf71d3597c1,2
000408.png,train,b5a7999980c5ab34b05b3594362d6eee6e69968279e37b9f43d49d634e07113a,2
000408_bright.png,train,0665e883f71e33f6ac501c4f889a380e1770f0d66edd6a02d93a8db6cde811be,2
000408_clahe.png,train,b688677b61a41c4d329d5b307704a0032de8b30c352f1797e95b8e678d997f4e,2
000408_fliph.png,train,79c3d3f8352d3777922974dc595ca003c378967e5a29df902f62f04e991cbe98,2
000408_rot90.png,train,49b0b093a1dbe4d69888679e534eaefaa298b528904faa8dadd5fbace4895f66,2
000409.png,train,3a485360215545b36bc139f8d279b3be98144e0169f3008fb633043959f6607b,3
000409_bright.png,train,694c14e290abe30e9ab158d9e5e53c4e27f433fa4a83bd3cb1d057d1adcec06d,3
000409_clahe.png,train,f5e3dbdfcaa1a95117349ea3d7c774c4e1eda037a7462b2f7dabd344d1385ea8,3
000409_fliph.png,train,3ee585caf6733efa8d0baaea6412442b9585e92c5fddbee800de5da6bac2a7c9,3
000409_rot90.png,train,1281b4ac65c24351c2e70abcee83b4552ad99efcc4e7511c976460ab59c8c1ea,3
000411.png,train,4abc47a6a4b2aa463f187b8baf11af7b3d6a9f2f0cd425e6aac14e9a0db7d337,1
000411_bright.png,train,06f80094d86f426cc6f75b754524b0b5f4f646df5a8e6b8edc8f43a1e947adb7,1
000411_clahe.png,train,57d1a7a05548bbf7c1028350bed5c6c4255c1ae9c5f89712b2cf4cdd7a400bfd,1
000411_fliph.png,train,3f201b96b0e88312773b72a4c4a43cb12909b29eae715c95f2aa6292327d86c2,1
000411_rot90.png,train,9a7e517ddd07d826fc7abfb1f2e629b6824534fa6cbf15f41c96539c4399558c,1
000412.png,train,34208d459e68ea1107753b882adf30ca7758f58d9beb5414302c54cfcc254d19,1
000412_bright.png,train,c8cb0b6beba14af54e09817f26a68ff26e61c4d05ae5ed51d8f8ba23a8b85d35,1
000412_clahe.png,train,21611181295c73d6d7d5a868961043f45e73883271eeb610734095871ea2e635,1
000412_fliph.png,train,d5cb006b14188b0fde1af0688bdc652979b88bc1770d6b21c524d2e27b5f806b,1
000412_rot90.png,train,15d1c1dc8772c00f9adda3f5bac8484058af6f8d2933f96290ae4f9d1c07b762,1
000413.png,train,62d0996cc2f89ed64e5dbe01dc3a13dabae8ddfd577fbb4e8f3bde58e5d9470b,1
000413_bright.png,train,293dfbb502dbb824d9b3cb6f235411fc2d94245de100ec39030a0d3d159af29f,1
000413_clahe.png,train,691c03bc6e2e3f349cdb8035caa960b0aa60d66607adf7d1833dc547b2b783b1,1
000413_fliph.png,train,7590911481789f9ad1030cc231e2dcd4ee2bfb8a3518896657f3fbba7a7afdef,1
000413_rot90.png,train,351c617b5c6923ef453100aa8a899494e6adf49ad7b8d5f5baf9628c3eced82a,1
000415.png,train,2fd8ee2a43277523da949e67141b66cbf0b4745366e32e47b4c5ea9df627c101,1
000415_bright.png,train,1e501ee8643d9f29077b99ccc1aac0d05e80c7cf36cd53de82cfe7dadaee421b,1
000415_clahe.png,train,078c1167f0505d8f3b63640336d7fbfbb3fbe707b57ca090033d3d0a95987320,1
000415_fliph.png,train,5a62ae4ef53b569cd71d6b3e59a0c97da92d0b2c7e2d49cae8106537e9b2b4c4,1
000415_rot90.png,train,ff8ef7f675dbdd2630e508f92b81409bf28a23b9251805cf265431ebe9a80168,1
000416.png,train,486200833b1433d051c6490e014a8fc8d1122fb435db5f8211c4446905cf9935,1
000416_bright.png,train,1927aa140266b54ecd7e6b3be27457d09bdbc66a2f51dbfb1e237316940f11f1,1
000416_clahe.png,train,aaad8749525a79b4595f3823e4ff428a3e3ac4f82361ac4c608cd2c54cdf5b8f,1
000416_fliph.png,train,82e9e6785e725db882ffd6df7fb9f6bc7141d33ddcbc08e0b454a06218bdf738,1
000416_rot90.png,train,9768fe0f8719c5a7b15598469697f3e2319eb01290dd974f95ca050d1d67ed2e,1
000418.png,train,3e79fd1874ee44896bebf88ec584ad159b9b1909b9171ea82e38733f267c930c,1
000418_bright.png,train,e11c7f14a676c8e38a5a38de5830e8bfcdf07cd1bf5c52b2a45f6b277d64d6fe,1
000418_clahe.png,train,1756a4f7e7c99729be048cfb44d846af247e7141632365e0674e5f141d026cfc,1
000418_fliph.png,train,7308f719e0aa6615419d63a4f202da5b6d4ca9d39316235bd7c51fb4bcc8586b,1
000418_rot90.png,train,c599d5fe6e956cbd01fe7421bcdc685956f1570779a8148a0cc66ff9694368c4,1
000419.png,train,660accb5911ecf8aea752df0903bf2f9fa415a0639156f7d3adfa3a244cb04c0,1
000419_bright.png,train,1b30afb1f71259908bb9abea85fc7d2f2a2b70d5bfe112a56d3395df495b4116,1
000419_clahe.png,train,ba2c5dc3280264afa661d64b664bc52556a16c3f3fcda206b94a23877383b0dc,1
000419_fliph.png,train,409d48c38d954e4431db3e68df15bb2076805b81d923ba77e835cad3438546c8,1
000419_rot90.png,train,55b8a26a83b5346608c663311f7084b2d4a2f4fda6fe94132e4418c796e397ca,1
000420.png,train,70c3421e09433d4d1143c8f38e2b07009ce8a5cf10065bbb6449e11097de42a0,2
000420_bright.png,train,2aba5de9a14aca5f71726140816b085cb7a9126f01235a086c48cf11663a7699,2
000420_clahe.png,train,c71cfdc6b33bfdff0b56035f0061ac3dada3dcd98fdbae31d3e68d4e1415041c,2
000420_fliph.png,train,1b364c8cb2f0f9910bb3b3c4546e2f5dfa82bfc0e087a8a273a7e0cd9ebb4e45,2
000420_rot90.png,train,0f83d917804fe1e0ef0479bb8c4e0244332c78cf7ff93dc0c53f8041b7a79d1b,2
000422.png,train,dbeb333dd076e3b9779046879ec0159cfa4a0f033e47897c370123f552d04ed1,1
000422_bright.png,train,ab37e27c89aac7bcf936831ce86a172376b286db9b7a76505afb5aa8738914ad,1
000422_clahe.png,train,90a9df412f032a03ba25b7de3618c889beedc378b3b2b6d7bb2719ecab150784,1
000422_fliph.png,train,f75055dfce997c2da7aa292783aafebac1d785f8a19777fb68d2c6352935d0bd,1
000422_rot90.png,train,9fe8e03012d18fb5211d667d0f4193f3e4a8cf6940b39d5da7569fd468c2aed0,1
000423.png,train,bb5903ac99752d4cfd98e46cceb47a69510cd1fb0d02c91f421292a4f660b44a,1
000423_bright.png,train,d16cd5f34d45decd68830ea7ff53b3c64c713985f1bad0fe96d4a46d2e314c12,1
000423_clahe.png,train,8d863354130290a9ce52d0496e1ab43d8a70b4feac1ad562f57dd2ce5a040818,1
000423_fliph.png,train,38556202eebbb440550929c771296e8b4ce46d30263d57f829fd03524278ab50,1
000423_rot90.png,train,8c4a2f151718a7c8a46adb740b270a4f055da9bfa838e19a53ca7a5eec2eff6d,1
000424.png,train,a4994d1a0d09aa3ecf7848796b67a460178c1425ed599d122036ec2b0d28807f,5
000424_bright.png,train,664439978dd06d76b89e5b8fc4e93a7373c3abebf12dd8e040b67b78e15f7fc2,5
000424_clahe.png,train,4ab34dcd0cb7238a16a6a3df5ef61e09857f2f001dfa968477f71713ba8f0dd8,5
000424_fliph.png,train,459e9b14a6f91e96bcb80dbc332ec6992a068619d92cc0a2ad2c9e9bc22696a0,5
000424_rot90.png,train,9207b032993aee24b88d554e23867c73c2c4b143dafb01eff3ceae2c21979f34,5
000426.png,train,cd37e0d5da1f8d2dec2fce699b01ca21f2e8a485890808ccf1e032ba33ade933,1
000426_bright.png,train,816a95cf05c5b0d1b217ab718baecf5ec6b2aeee77fcaf6a5f28de6ba3735788,1
000426_clahe.png,train,55fb74f83cdcc0e68f9662007036b38d6970bb1f4eb2c1d46a8b71460b4cce50,1
000426_fliph.png,train,0513afd494814b4207e62e9d787a5f189caa96ba444b8b8307879266c22f97ba,1
000426_rot90.png,train,cbfc64b8eb2eb3c5654d8c87b0c0ab58379b3927b15b3cf6b395067ed4e543d3,1
000429.png,train,93d8f18f537bcd27032c64e36fd80c38edce6b97f5e3bc77babf5b82a73c8dcf,1
000429_bright.png,train,9fc31aa62da08bb9619a305d13c551550439c379e558cd2424898ea4c3b46d9e,1
000429_clahe.png,train,1c98f087f02f85a9a295dbebbecb7c5c17c32584482d469981f79f1a21bfa86d,1
000429_fliph.png,train,a6490c07d6e9883d1b396e23ec928fbdb988f54dd64c4ea5f0f96b054878fc99,1
000429_rot90.png,train,5d8f047c41275cb3ec4470e49275e840c15e6e78275ba939f8219a664719723d,1
000430.png,train,6cf35f35babebd4df3a751a2f36800190aeaf798cdfce9a5a4e583319e38d311,3
000430_bright.png,train,32409005e5e4e769eb815505052416fb65ca956bc18a892ac5661afa26f3b83c,3
000430_clahe.png,train,5129afb7a29e3df1400103faa670da737f86ed3347b5601fa298fe048fbeb177,3
000430_fliph.png,train,166b2cc66779858d2295bb3b6c4954cb1e42602aa19e9844be824f04de6b7c39,3
000430_rot90.png,train,551f00a6022297d0f78f4db6bdb4de079b05825873c0e5af4faf4ac000d9a8ce,3
000431.png,train,c6747def1fcf7c85f424d3a4ebbb6666afcf9839f124a375835586fb3c793032,1
000431_bright.png,train,32878a0b44cae85f8b4fd791d01a79d5917ef43a045b377c1e8e4cbf35b689d5,1
000431_clahe.png,train,1aa2f89b0f2db231d5d7c5b718b53f49348cee6c35fbc55eedf95280e56616f7,1
000431_fliph.png,train,5534c44413374e67dd3d1181ac3adf89eb68b289dc2e1e81d1ac98e4a08d6ff0,1
000431_rot90.png,train,d0bbffa561a75098ab1ac447129660a44eb39f61fdd9675fe150bfb2ca2eb771,1
000432.png,train,c7c4d4c83799264351435ccb4a1379e29a346ece008f7328664caaf453d24b68,1
000432_bright.png,train,3b4ee7e9374ed66be7e933dd58b944e2817430f6832a005b6093dfc97b16e3ea,1
000432_clahe.png,train,0836e3602fd4692213b80d35b5748e1f18ad1d64a2324229efca4f868d25f9a5,1
000432_fliph.png,train,318c5be52dbfb4e1b7fe19280e16a7d2aa5879ae41a82bfa3d253bce2914afa5,1
000432_rot90.png,train,5e6129c9d6c6c2e883a31ec2f0a6968cc957790b4baaac48be8d79728ed72350,1
000434.png,train,2400159a7f3eb92a101c427b92e2871bcc5f460b423088589a3981f1261aba92,1
000434_bright.png,train,264b73c1bb6c418e9ac80400e24e5417d0d5af934360285b2b008e516b88cf7c,1
000434_clahe.png,train,be052248ed2316adad2e6c6ba4d7121e2fb71f1c6e1923b7deeb1b756c31a11e,1
000434_fliph.png,train,ee6a7f70999c37a890cfb81025fa0df6fc56b6c407a50ab11eaab77c8bf22275,1
000434_rot90.png,train,125972a6b9c0e47639f98e1b91547708ecb6359286100de07d2035e1a44ded00,1
000435.png,train,74ebe68aeb909511c67512764f64bcc20eedc00f18ce224ca1020f5202b85edf,1
000435_bright.png,train,1657da2f5183d90c1b17bdb8c9258464cea9d00cd15f56090dc142c2b1f707f9,1
000435_clahe.png,train,47de80ec7bede08b0447b7c38cc3c0af10ac1407507ec77d5d9c55d3c1047192,1
000435_fliph.png,train,750c272e7486b27b99b136f2e4c3206c1bebfa924855fdd3b9f4ae079fad37a8,1
000435_rot90.png,train,909f4dc2a1157bdb5f0d876e88de32ecb8e95f0d1e627eb37861e18ecbee26c1,1
000436.png,train,75ab8492166c35edc0543426f0356fd77891dd3c6907a99b9796884c406038eb,1
000436_bright.png,train,e336da45649563ee622d8a5c00b414dce17f000b480f0c038d3b624d2f09c18d,1
000436_clahe.png,train,702e6040a128756842438246c72087c2dcf3304cff16e9f4b40351bb97221d12,1
000436_fliph.png,train,28f14f3dea578d0b93e22ce0cf9a84d3506f2c250e9cf6306a3fe794b127fd2b,1
000436_rot90.png,train,7c016fdb5b8da60e0e27dd560e7157a35c5272042e61c745800e24175b42e1a5,1
000437.png,train,634695bb6e487000c189800e63ba15da68af99d63f73ec53f92676be0a6c7160,1
000437_bright.png,train,2a5823e8ef0affacfd2d6a1d88a09ad02865bd9b146a6772c9f92547150513b2,1
000437_clahe.png,train,33eb6a7bf9dca3e5ac6fb942b38d55353aefbc3332d97bb28ef55c0136d2028d,1
000437_fliph.png,train,78ee9a9122847d2b0ab6261c77801f33db972a4e6a63d0ebe6c2a29142a8aa3f,1
000437_rot90.png,train,8de5887ad084b1adb3d9525c1c146fd63f90c86380ee675e09577dbfb439a845,1
000440.png,train,15b95bc6ef3af44ea89bf4ebb7d14f64e011b4f3fad4e27baa202ae3948018dd,2
000440_bright.png,train,63ebd07f7d8f2c6d99bfeda0abe914bc6f279b7ce0ff8a9660cfdffbe18715f7,2
000440_clahe.png,train,97cec1c7f0fb21852075d4163f9ba1aa0dd6721c4b44c85d46f2e538636fe91e,2
000440_fliph.png,train,140d94cf112acc7f87e6548b1485cd896433ff29b4a0813ef39dbd2e8791425a,2
000440_rot90.png,train,b2119cd07c662e70e243ec56098cd25b771714780e54dd95bfa54cd5c2dd2861,2
000441.png,train,a165df520fbabb5ef5bd8d0c9fdf388646a568bee9117ed79bf3417ae7cbc469,3
000441_bright.png,train,fda5adc7f8163af6e26327c22ce6af658f3943f04fdec5aa7c7a18921e68229a,3
000441_clahe.png,train,ccf021c348b65124cbc97d82a336c9dc95b3655c0f7ea237bf644d809743b65e,3
000441_fliph.png,train,586d624865ee7911f3b2dfa93db417e600624eb4b6743d5cc58128aa120c85bc,3
000441_rot90.png,train,9d8e226084d067fba64fc6f1e96588de10ff4609879d23d7cba9c136cb7e937c,3
000442.png,train,3fb6e84eba0e7574a9b0cfa8cefb2264c1be25715762d5f71a16a6d3c4408159,1
000442_bright.png,train,c8e7e95257ae964dc562f6dc366747297f87039087cac3fec4cf2be0d06a2cc0,1
000442_clahe.png,train,2b5bf0a868fa825e870b7dd270a9a0e5b8b69e23d16e47ba0849a833e684a4c0,1
000442_fliph.png,train,aa0fef33af4898602506cb72f5d91d3660a5be04debaa07784916dc7238ef65a,1
000442_rot90.png,train,0f575e52aed030348aafea66d689202e096778d7b42471062b980d8067e4f721,1
000444.png,train,68038000eaab0e270430c0116d26f0af5af3a02a8bc3a170b1d5cabd4faeb738,1
000444_bright.png,train,ff69ae7768b4083e7fbeefc53e51ecc386db966dbdf38ce23955d4f8a2f02462,1
000444_clahe.png,train,97df75e5b5f6f4ce4a45172cd5522df9b17521e2e813e00145188189f2e0bd70,1
000444_fliph.png,train,0538b4323c7c344e9959ee2e638f53267b7da46c0092f3260fa7bb75c25d6aaf,1
000444_rot90.png,train,898df82f00cd29df54cdbe243b70be55f65fc2d4a014364d8f0f5b9514d13c4f,1
000445.png,train,612dec4dc31f67d267c2884bea592446167c9c878afcff4d347951c938e49950,1
000445_bright.png,train,555c7dc6549c97e0aa31bfe1b6d967444c750988c327092039fbae8556d37ea9,1
000445_clahe.png,train,dff0b31a13a057dc00f1d2095efdf5aa4064fb913aa4888c94e70b9c03bc7404,1
000445_fliph.png,train,5bceeb93832101a17d3c7ed166e32fa3739804457e3cd01dd4f5a4698cec856c,1
000445_rot90.png,train,96599a14f862bb4af6e01b83ffa040da7ef1821c332aa135e0f066ac3d2497f8,1
000447.png,train,b9913bcd10ad9128e816a43788c4d60d3f6761f5922148ccd0dc446c07c82850,1
000447_bright.png,train,48ddf8bcac0fd0293d7839cf5f15c4aa5659ca335efb754d09391a040ef51b2b,1
000447_clahe.png,train,fc92b04899f753e74ea0b195db3777877c9ab61101378dbeede3b456231af230,1
000447_fliph.png,train,0fa76723b57a7aea75d4521cb7e9b2fac9b5031b87b5ebd783eec3dec79a191d,1
000447_rot90.png,train,d8d69fc754b363990198c124395c474f5110e14b3124a50c319549087156c8f8,1
000449.png,train,30887035a68cc2f69186d98bb934fb412866bcf8e61dd81de4d4bc81b23b2152,2
000449_bright.png,train,dfcddcf9fce1a902454fc0e71c8936dd74813677f17af069af51cf38d6ebfa10,2
000449_clahe.png,train,068fc0a29de922e2446228774938e3312b6603fcffdb1ecc28c222247e6d3986,2
000449_fliph.png,train,92bfab78571a46c8d110804e5ed214db33824e9f0c60df6fe5a77e6564756dda,2
000449_rot90.png,train,5d55394919893747651477153f50b456585568ef36f05dbf57f0725cb9a75f6f,2
000452.png,train,3cd364453e8cba1a834f0228a73bd71a3cd04ce1c005c347801079398b094770,1
000452_bright.png,train,67acbfb3f22e5a501f1c0708da047a543e630d99ac26acdbb638a1e0140df5ce,1
000452_clahe.png,train,5678a8d611ab84811906b2bdf2ce5d01db7195be2e88ecb4b2ace7b438ae1aa3,1
000452_fliph.png,train,51a295edc3d73c0f638f63092265a6f83c23faa0de3fddb46c1a62111f1c1750,1
000452_rot90.png,train,5fd8854248c14fa3cfbb1d2b1caf70843ab24960603e7f94a907d7ee81e756a7,1
000456.png,train,3bca605328f6bdc838f9298fd350c093bb5851c6be48d3d99a64fc4b3f9410df,3
000456_bright.png,train,2f17b2404c9266bf0ff6a2160027b331c1856c0f31ba724d386dbb4bdd259178,3
000456_clahe.png,train,2021c049b94dd97fb1b3bf47173ab0d0c818a6bd359a3d2b89fefbacd107766a,3
000456_fliph.png,train,fe2e5e0a5acb4a3948941735d6ecef736523fabeaa7ace61f7b7354be40a1fd3,3
000456_rot90.png,train,fd732cee2ce5caf564df01a23e85422ec69eec4b7b853b2dd9f3070e646f2c35,3
000458.png,train,e06c00b8d472ba749fb4cca5e091da3e2e9bb3a6d3ac234eccf15c229d35f1ab,1
000458_bright.png,train,c788b889190e0582a491215b2db27c2c8fa5d985cfa9cbc6307f6e5fbfedb36c,1
000458_clahe.png,train,bf4bee7db04d3b7f911742ae94ca8a9f57dc6d20216f8699f7fd65d977b80f8a,1
000458_fliph.png,train,a94279ba8abb7860ffec61aa7017efca44fdb171a39e4c7d3b1f374f23bc537f,1
000458_rot90.png,train,41845e277b89cb21de9ad3b798191f2f25870ce7ef732fa124c8831cdc8205d0,1
000460.png,train,5b2a0ddfbc155a49afdae6ea65158fcf98c3421fd85f7c767161ef8cdc30daa9,1
000460_bright.png,train,815919215ee307b943107c0246b23cdade723576d25397f4590d9fa8c3bfd469,1
000460_clahe.png,train,2a5e957cdcc90c87310d25ad00290d313f220221f5250a280115c0e975192d98,1
000460_fliph.png,train,fac3cf0ed01c6dfba0e37c1c7ece7621129670157bd7d8c7fcd7b3101d6e39ab,1
000460_rot90.png,train,ae0879cc63ac34bbe9ab540cb3afa79da1bf517a5b13a393710be431661b4421,1
000463.png,train,3884c84dc88606de582f71022a42a4a15efa0308ac2c26b1053eb34a04f82efe,1
000463_bright.png,train,22507778ec9a84d8cefbe2b13098ca77c89092bf93b8139356d07ac0966f4cdb,1
000463_clahe.png,train,d21266cdffad36910956e891878a64bfc28122801bad97e7bf69b140cc1cd8ec,1
000463_fliph.png,train,bc7aa21076252b953a1a3ecd699f99f03eb27c9c6592b644bf6b6bba612f65c5,1
000463_rot90.png,train,491bc916d043dd037b5402f5f1fd912575e9809b510a3ff8c7981a9a51fe507b,1
000464.png,train,80422c094cdcbc656f79685cf2c4faf28816217432ab86b355be6b0d42335001,1
000464_bright.png,train,fd50d7ad13338976586203719adb5efe8479e76ec3468f2f93586826abc7d016,1
000464_clahe.png,train,209c67aacf7301ed7956756d6310826a42445b5cc809907a2c51d99ccfcc9eab,1
000464_fliph.png,train,89ba1f44713fcc4772283ae538cca2da74cf1b75601212d6249de7a88765ffc9,1
000464_rot90.png,train,911ed6d70cbbf4762a3ec4a4b743d82e084290b514c3a812e452fb5cdc53a21a,1
000467.png,train,7ea2da9212640cb60e98a562dc7fe8bf3fcc1f448a0d36247cbe885749a6653f,2
000467_bright.png,train,30de4e3345bf4660ebb3fc94d4b70e98c3a1be7fa59a54b5bcc19be4963c3e3b,2
000467_clahe.png,train,a57bf5bd05888258def6f2b4b84e603e89058638cbb8abbe9a95322884ccee4f,2
000467_fliph.png,train,33606210c95619a071c353ac4a63a2db658eaf9986aa9cb3401b0a6cde93fba8,2
000467_rot90.png,train,8064a08d36b11f12e64b06d355309b943ecf3463c68e0afe29df10ebbaeae7e5,2
000468.png,train,c4e67d43e27662ad39486d1aa30da05eaf864205c2150c00be688d12bda6921f,1
000468_bright.png,train,0efedcd3055e14855e709e80a5d5b9bb26fb084ef90a67e693745b8785614f04,1
000468_clahe.png,train,f282e5371a3c8f746dbb28af023a398710a1f07d402c11aeba02f7206be712a4,1
000468_fliph.png,train,c8688631c71d4a4d8d7698ad59d0d3f311006e45ca85ecc77ebab529e1e07ea0,1
000468_rot90.png,train,f92ecf1a9eacea4b0e992464b9b391a3b5a56a40ac12677b8bbe5dff7d0cc1d5,1
000470.png,train,a93d7e82dac417c2f570a941e83c0e669b3016e25d8e182bcf4a681332526788,1
000470_bright.png,train,7810af9c551e67f7e6393330a146bca2ccf50cc5bdde9af0236ae5fbf3acb59d,1
000470_clahe.png,train,3fa399acb11dc4923c01b8ec8cd956c9165e5a4f18d1347a14768dbddc2f5e55,1
000470_fliph.png,train,dc65c1ddc8c09089f9a0b92d66232a1141c6439b7e93ab339da38a837a40afa0,1
000470_rot90.png,train,f3e2b522ec9fa610cd0028dded158bb9042a3143fdeb3f7250b2075cce0544c9,1
000471.png,train,357d9b2ab127f2286be604e52ed4eb839ec088114289d6bea78699a6ed46619c,1
000471_bright.png,train,38d9533a033b54194144ab0c1f0f48a8240c003e58603ea0c2cfa6019eb6fd4c,1
000471_clahe.png,train,b4a240b5f45e82a4702e0a6d524b60a683d7e0ceb0a42051a971906c09a73f93,1
000471_fliph.png,train,d7438873a69db57459358dbb55087d80dfe30aa92828677ce86ab50845926947,1
000471_rot90.png,train,acf8068d7c341ea2f01c8c9d5edcb8283aa36c2c00281bbd7d34830c3ac27339,1
000472.png,train,6bd67f7aaffd955ceb2d3771c8f109a38f3f2d474863aae3d66af9ed17fb39e0,1
000472_bright.png,train,c5b9d9450fd418805f3d14320f2f25d203971fa7c5fd0ab90360a14d804e3a7a,1
000472_clahe.png,train,1fccf984ee51d5ab0fe465beb9cf036970c0f6226cffba8f4db8204f1dc15ab9,1
000472_fliph.png,train,c3b68a1a51ccf782e3fc93cf4a99529183ad54ce00e44ba33c76c106b6b90f2f,1
000472_rot90.png,train,ac2254ec4d3616e71bd66903d0f5791bdb953752e9563a016abf0f01bfd025b9,1
000473.png,train,9e7f04c30ca7763f6136005c49cff4bd248187123a4ed95119edc4289430120b,1
000473_bright.png,train,a62d8a39493966a978620ff16ee5d4dfa30062d13c6e1e516618fd2c7199e8ce,1
000473_clahe.png,train,5c7e938016f9c17f02639822a941dcada45de56ebef4e66d410cbdb0b557cf0c,1
000473_fliph.png,train,6dfd0d7e0169fa9ad3425e5ad7b701c1cfb905b8272d8f820e2446a9579ec01b,1
000473_rot90.png,train,e26561ec81a99231d00afc08b8c18f0107c6b8e4c99727f3933908cf2606786f,1
000476.png,train,cbf3cbe47726af3b35a04c480a4ed0125724c6e00535b138fd5bb33b2845058e,1
000476_bright.png,train,cf32d8a4edc06eadd46f5a7341c143d3e97fa5a58f794d628f4cb276fa570f30,1
000476_clahe.png,train,fb2cd767be75639782443cc5264f5941755300269142ebd145f42f1595691f9a,1
000476_fliph.png,train,080d168c11825db6ec6b7892930607d6ae03e30d50a3ca59cebd0ce58c440566,1
000476_rot90.png,train,4024292d8d6206f9d0b92ce7753aae821db1578bd4c79b8c5cf311d1bee1cf6b,1
000479.png,train,1eaa0a5c5060386994566fa7565727b3ff380a5043fc3f3098a95b41d957747c,1
000479_bright.png,train,6cb78f3ef01bf6d97624d9387a4a4ee2bff5e53cd3d4b9c906bd504387bdc736,1
000479_clahe.png,train,a60e0d04d95a5f2ae1a2410b0a7081c08ac12d1c022e8aacd676ad0db19c12e4,1
000479_fliph.png,train,cc591262c18cb0379262d7b44113c49e1550bbba361be1919773ddf34c1d1426,1
000479_rot90.png,train,31bfdef709f526c4dde85e63a77f15d487268e3b45e4a472c86a34ecf076272a,1
000480.png,train,057768b06686a9ed424d1d7b19e5e29df6bd682e6c7bcc2b26071d256d525e73,1
000480_bright.png,train,e920de03e9fa966a88ccbf1129bac09d39b2fb98fda165b187bc3495a293516e,1
000480_clahe.png,train,b196f1f9c79dd39edd41def5b2eda10d89a7334ded3ee576c2bfcba3a52b236b,1
000480_fliph.png,train,be8d9b0f8805bfe5eb96097a8f4db0519387bd10565959bdf49d7b7b6e2baa9d,1
000480_rot90.png,train,59b1adf419485fde40d7e02f03d1a21a3702637076cac7121c4ba6634fae3335,1
000481.png,train,3242d644edaeac611fc60666f2f3f9eadf9bf3f6376791465785479f32ef03dd,1
000481_bright.png,train,6e75bbad4a58728bfd2ddbb7aaef8e276a54802c0904bdfcbeb8beb1d52c994b,1
000481_clahe.png,train,e3ca19f9afb1b54d819d91443c05009c29465d64a7bb4874da7f2c98c1c4a596,1
000481_fliph.png,train,44d3fb86f69e4ff332d9b1edd610116017e9ec0e1379012e351fae5e43688f20,1
000481_rot90.png,train,6fbf2e8a6247f11ccd1362b7a826b8a88321bc88b0f5aa660776ef619e667e77,1
000482.png,train,d121f24ea227f968fb2eb01c95b65b8be24fdbf11ce9234144d13138bddbdfff,1
000482_bright.png,train,cee3477cce10d3e84d3cfb9cd5d51be459626a4fcecc1f32f8459886d4f7c9ba,1
000482_clahe.png,train,e3794a3920020e6366f6ba11dd45853ee31168b1b02e2fc9a701d0d63cf46e71,1
000482_fliph.png,train,510bc08a710c2a98e600da720984a1cd0f739eb4f305e391bad30f256878b490,1
000482_rot90.png,train,f21b880626360e9fa23b95da4ec6d89e2eba726e99fab48973a5230da09e3073,1
000484.png,train,5ce8fa16ab13d29c15b7afbbda0df0e0bd94320bba17102ba4e82bd06c0aa958,1
000484_bright.png,train,6aa95e777c9716003513b7559dcb1c7cb31925330a2cf74e8fec90b44bc54f42,1
000484_clahe.png,train,809cda05ac977260c66de84098a3501d3a8d84244fb5f5f02867d9086ac85cca,1
000484_fliph.png,train,f7729fab4bc8c9faa44c521a6af25fe9aa220d7de05692fb2ed0882f4a4727f1,1
000484_rot90.png,train,b93ce4c0d4f6618e1df6eae4e4f04de967022f95c5d0cdabbc77a2d9802c490c,1
000486.png,train,b7846b153daa976c7b28748d7cb1560375dfab2cccd04b36534a075c1f49783d,1
000486_bright.png,train,8ca21f1810b8ca1d8b93203ef2d97ba213f72159d5cdae440b6c7c304815dc03,1
000486_clahe.png,train,e168f1e597fc411c79297e2e99cd0939d02440c02dafa89292ababc03723f77b,1
000486_fliph.png,train,dc4140b294e10aeea3abd1ea4b6361ab408251315d130b2e05063347974e4233,1
000486_rot90.png,train,c874083883dd9db60b55d7945880105000b66237c28de60631d691e67bb078e5,1
000487.png,train,a54c66aedfd6873099c7b396cab4f76825c496b7f02009d039a9d84af87ca414,1
000487_bright.png,train,54544e6f5fa7182d8e0a5a15a4601550ab8770805b25079d7047ccebc36af343,1
000487_clahe.png,train,d398d22f9f8d4e457ef27b8bb522637b6bd40c7d138c96df25efe86ce9a29d8d,1
000487_fliph.png,train,3801734777252ebef460759c0c85c8ee69f5fbbf2e4d4c76c1a0c1da0f0fc83e,1
000487_rot90.png,train,c6ef4bb301b4c3d8d86066dbcf5d8ab624da1604e6f4e6f133098d89df899b3d,1
000488.png,train,9648923327b23fc49df6eeac4b5f76b605121c84616f0e10b08e43849b02b6a9,1
000488_bright.png,train,2290a29d50e5a4fcd1c05f150b3c1ef2a501bd8dcecc41f96f417f2175b1eb0c,1
000488_clahe.png,train,ed194c51e446695e49879d6ba5957f64a4769d1a1121c4d91269a923d3a3cd15,1
000488_fliph.png,train,2fe053250ecf7a01e7d7e444bc8f95ac909677dbd12fdcbd1cef8db1b9a09d03,1
000488_rot90.png,train,9f1369b3364da7561d323daa44dfebd84d20e1c1db5b909a79702c6feab9cbd2,1
000490.png,train,68cea781207610968acde046f20de5788516f399fb8e09a9dcdbeddb85f73380,1
000490_bright.png,train,d93afdb93b1dd312555c3f6fff654ce0df129bac6a28b335386ae182db974596,1
000490_clahe.png,train,3c795e499364aa0dfb952f133ab89ffe296050ae0150533b5e669b1e9f4dcf47,1
000490_fliph.png,train,64aa93aa6bdafb4f7275e8f6f664c2d8babc1fb93a3be3320c6cb4032cd8ca20,1
000490_rot90.png,train,cfaad28f3ad544b541941acb85bcff03d04b0ae5eb56aa901f9cbd604ad3bc24,1
000492.png,train,0cd2d8dc741f84694822d4d946eed40454d0b383cacac0ef0a32f1a8e05f8404,1
000492_bright.png,train,6b80722d64fe811d4b9b9d9a149d12c5395c97d6aaeb4cabb0862edac98ba6e5,1
000492_clahe.png,train,6d095f024eb828d7a937d90440f0e22a8830f8719419c11f14a4f8728ad255c8,1
000492_fliph.png,train,73121e91ef3530779cf63ccaee6501207aa4faa03a21ae50ce1886c8ac255cbc,1
000492_rot90.png,train,c1801830613151d1f770f76f408a1ea50c04684a9d561c81b63ec22ea235f1e2,1
000493.png,train,d85d373649039e87985af5fc01f83015924b20e9b9bede16bf1436429419e636,1
000493_bright.png,train,2b31badd602212b47ca0a48f11b5dc059d3dc27d1e034b42921021042ce968ce,1
000493_clahe.png,train,bc4fadfa2778accde564ddbcb55aaa833ebc378e1a7359c7f07b6bea4e977d0c,1
000493_fliph.png,train,df9496817bdf45d5e68474b9f7edb202630fbb541a25a368c9d78221811db9b0,1
000493_rot90.png,train,6cd9f86cfdde5c4a0c96b114b6dd9eebc6cb603294b8636694ca92facd954189,1
000494.png,train,73629d71d55e6631c4513af124875a6f1c8126d5094b458cb454ac09642a3f6c,1
000494_bright.png,train,a832753059017e4fe2147a32bf646157d775b6ab324c405caecb209e8a68c586,1
000494_clahe.png,train,1012488089976294230799dfada3742027bf27c407bbca67365dc73608fdb8a8,1
000494_fliph.png,train,47ed6120bd7a1a71cff6f6277a8190d6533f5d21b199eea9e14331a91ce6c851,1
000494_rot90.png,train,a94fcf81c4ce9af6098983981d36acf1a55fca3de61af720bf586680521a811e,1
000497.png,train,fd0b23cee27b169590b4cc750eacdcdfbae0e1cee184e62c72b6d3f3e2c852a9,1
000497_bright.png,train,b97fba68a6ddc943de1a5405709774dd32eed9c93934b4a370ed9429fa96f0fb,1
000497_clahe.png,train,6083c422c137bb8e93011fdde35fabfd7ff2e169374059afd8f943d98e9f41ee,1
000497_fliph.png,train,c3a400e61aef44db91711b85e283ca1384c94b6bf247f6be9057a89898d78fcf,1
000497_rot90.png,train,e8a988d50126a6a246daafdbb6667c09fc57783c9eccdeaf76dc9cb8a54f3987,1
000498.png,train,3ecee488b720f681b7b4eb5ef19de828331a4bfa5c13124cf9d56ff473f40ba7,1
000498_bright.png,train,e2beb31cb32f0a96590fda56cbd2303264285c3493e42012e6c09f814acf34ae,1
000498_clahe.png,train,362d93205a2d4b2e1134a3149d7499b6463e9834ed1f163a6ebe101978fea2a2,1
000498_fliph.png,train,2a69370daf675d1e11d25352169da27c72fd53c6aabb2bbfda1f258fbec4bbe3,1
000498_rot90.png,train,2f81a8b21e0b651e5e6bcc87a0e7aca60633ebe859778fd35a0a0cfa287df4df,1
000500.png,train,ada22d80b1ba3994f894300af83e28c6292eea204df5c60f7c97e266f8e39ee0,1
000500_bright.png,train,ee14d9cbbca107d515e24834c615484dcf805f94f4631baa4b0ccbbbef786e9f,1
000500_clahe.png,train,e9e2e8dc293e93f02e0819667a0cf1c23eb3710ebbfdd2cbd64e89eb06529362,1
000500_fliph.png,train,e5d5abf20ad36584cc4aa3d164a18eb513427bda3aca93364bdb90afa45f4b99,1
000500_rot90.png,train,97b6d019be53fde77497eaad583e01ae77ff02219c5e497e92e097a299f17f09,1
000501.png,train,2f13a83a7b74444706b38abb7b7b16347f5802dbc9ce34fe00a17fde48cb20be,1
000501_bright.png,train,e58d71a17d0b025e9d08207ad836221b3aebfda001baac9a0239509997ce6b6c,1
000501_clahe.png,train,160eddadee7fdf22d1e075a798eeed2b392b0ae1a3e5a5dcf064c91f78e01f72,1
000501_fliph.png,train,3a24936ccbc6b5bd0baa2e847d9e4dfc7ee9090a9794081f929ffd9d57a69f35,1
000501_rot90.png,train,c581b71855567cf8a2f377cdf7047ed41d68b29564cabbd4748c866b993bf959,1
000503.png,train,c1aa5d5c47210b921a6780bc87b7602c09411777a12c2bed8b42b7f08867afd9,1
000503_bright.png,train,3aebc10aa40038369e5d4f86d2dd65e6958716f4a8943be812042e03e0705100,1
000503_clahe.png,train,2b44055e245418613a7bf311e148f8e76f6df563208236836831465c1d0daf6c,1
000503_fliph.png,train,093f27b77c3d30d8f89f20c44aa8b15c5d5fed3d92d85e71c08967c9a119f980,1
000503_rot90.png,train,0a3214fcf3d1602bdc977ea8b5f49347adc3bce141a9a040aed8c42397905aba,1
000508.png,train,180c556c5711c81c31d394a42822b545ee726304e4ede98f7f1be56998fe6e8d,1
000508_bright.png,train,332e6cdb03436837eea45c73548e7ce1ba4598094da5cdbb5b21f5567d73298d,1
000508_clahe.png,train,4826893d00b6f4b3b36b97fb80613e415ad4fb0e86ccae53365315d110934fb1,1
000508_fliph.png,train,41d43475a711f0867f2c01370ccc625bea9b46645e294c3b8d84baab2951b40e,1
000508_rot90.png,train,2b36391a3c1a0e4e8fd27e7f1b519f14dfb8d794243fa57b2d34327a0be86b97,1
000509.png,train,ae6338ee979a617337a2761836b7a6b5a039e66c60440b6236bc24c213891a4a,1
000509_bright.png,train,6c20d8778eded3c55bea174fe3e189085451fe7f435ff00744e47d6abc78d6fd,1
000509_clahe.png,train,bfa2e2eb3769d6e1240f30bd81c9c7c3e6ba50433dac3024adf3012e96475c88,1
000509_fliph.png,train,71c5af4c0c306a8f7175a2701ee20268d49ae28c421d35096c5bded0e0c3636e,1
000509_rot90.png,train,93ed37db67c5073010d9602e1d67150596ea73ea9def598f18b53c68abeb4f72,1
000510.png,train,cd582441a4a00f4a9a5165a9ebf13c4945439ec8c207a818efbd6773729776b3,1
000510_bright.png,train,1daa3535136e9911374ea7e8e4f3123127b13f8a5ff1e15a8ae54299c078fda0,1
000510_clahe.png,train,62cdbd886d617f5aa8666bcc9ba5f518787fe7c59d1519ca4d64889d16781fdf,1
000510_fliph.png,train,597a6d7706df40044e053d3e8b1ce16a0ac43d09d1ebd33046b565e4b21ed22f,1
000510_rot90.png,train,5897211b39b5586d33d30a3608bbc138ed92847bc3ef908b26104b2135866c54,1
000511.png,train,b2ff9b58187ac96049566c14e00e560cfced0297f64614fc7a8d5b201b42c4df,1
000511_bright.png,train,23fa87497e3c8c1a8550120f981451501ac5b1f26abd101403924a71c151f009,1
000511_clahe.png,train,26ea2cf9d0c1b729385e74f8ad02766093e54f612d38cee9c770cf61ebaa0a65,1
000511_fliph.png,train,9fa2a0f8a240928d8bb1bb254addd503b2bd247b18b481cf7f513e6998ac9d02,1
000511_rot90.png,train,8cdaf39f4eada89f0fc298343ba9f7b42be697cd8c9d1a790bbd91a681fc8d51,1
000512.png,train,db070e79b50173f72c1fb7aed1555f2f746e22ea9fe1460d21a71d3b3b19a8ef,1
000512_bright.png,train,896449f0f285824091f344388bbfa2f606cbe5be7b7b4404c93a06db3ef83e91,1
000512_clahe.png,train,de160076b17f62348297e60f9c934fdbb8af26e6247c3b8ac8dbd072a066f471,1
000512_fliph.png,train,0ff8fe095d99f4e434fba764b92153cd70743cf2b0541c5d0b1c04941e48e6a4,1
000512_rot90.png,train,54ceb7b7569e9ea246e812698dff8db92bb8dbec927d607a982cc843e6f77d47,1
000513.png,train,9fe10d4f6b5c0f7540405cff77df244d8b7e30a145ad731be0ba4b0bbb39c602,1
000513_bright.png,train,9b941006726bc750b6685839ce82f3eef80d73264f8a291da8ab631c728c806f,1
000513_clahe.png,train,8e6db87731e4b4580c92e148bbb4243356d3c057a9e884003b6d47658fc39f62,1
000513_fliph.png,train,33ba9d284b16dd1e415f57214323fe5c021fb70c25bf533630fefb9819aedddc,1
000513_rot90.png,train,9a6615b7c6fbc3a3d4de3c28d600289449ba996ac712676a5f951ca8add59f8a,1
000516.png,train,3573d0963574af4101f58bade9413c3a03c8afd5b1b370fd856571893080fdfc,2
000516_bright.png,train,9e405586532894517cd44d2849dba96745be1cb704874aebe355b611f2ca1cdd,2
000516_clahe.png,train,43aefd6178aab0aa94ae209a19032d49f85d928380490cfed3b0930110b92248,2
000516_fliph.png,train,64318c9c41041c86048f203f8f438e75d58773e855b843e8c1f67ad9dc05b06d,2
000516_rot90.png,train,90961182d5425e31e8dbd05d4de70f52573ab1289114e7d029a572f8f4f25737,2
000518.png,train,2a0988c5911ac70896880dd0a88475b92562fbe4feb96fc8c7aa23ba6abc9e22,2
000518_bright.png,train,1572a843a05c9d9512c73971712d308f501df36b180de6e36c7cd891d5964da6,2
000518_clahe.png,train,f17169bf81c5a6bf06d0e5b92d67dceecc700b885ef6c9149c968ec5762c9707,2
000518_fliph.png,train,fd66a18efe0d8373cdaa08c80cdee9d4086c6faef66c6d7868f40c2e85e87a40,2
000518_rot90.png,train,6cfa3381fadcd35edfda2fac3cec431d0d976be34176f10b12e30730aa6dfc20,2
000519.png,train,c845f9267a63732bdccccb1226cd7dd219b626aafb3c2d47836d0bf7d57ecc61,2
000519_bright.png,train,6638e5cc75e2c72779297742f8b81d65413a1f05d5add301bd1e4458fc51477b,2
000519_clahe.png,train,c6f4973d37c6a1b98d5a228827e52cc39fc91ed98490d340c73a2be29aa222e0,2
000519_fliph.png,train,f725b97d1a718c0bf101a4d4fc8be73b7d05c7a3875a242c70ebdf4a3d74db2d,2
000519_rot90.png,train,719d708fc4785ae32381cd736d2961aa4e732d947e3082c34be8aef12292d9b4,2
000520.png,train,b0f46212a74de572898b03de41810607e1ea500db1c2344e60c055318de23f1f,2
000520_bright.png,train,54db186519cfe53305ced99df2d0184fca69c5a2b8532071601c452ff4c1dc96,2
000520_clahe.png,train,5e33d207c7c898ee6b8aa70b58a39d216c669ec0a043bd4b4b316b563ccaaeda,2
000520_fliph.png,train,ced28e62511e0f797ef62c6cfe0caada5345f0db0e7bdf00891a9d3603918334,2
000520_rot90.png,train,05aa7ecbc72ac846b004696633b99c9a7b1c4a1e7241d4a3806e419a58651d82,2
000522.png,train,4e143f8c62318ac65c50bf7f8112712fb5909bd297e80aa2601d3951702e4420,4
000522_bright.png,train,addddadf8627670a7bd3dd8ecd68389e18090d3d789b70ca008c85d92c56b51c,4
000522_clahe.png,train,9daa460380570c7441eca4b01cbe5be1026041b8dd3ceb3d59e87094b2c20c2c,4
000522_fliph.png,train,cdcf2e3d7eb5af3ec3b7a4c45dd0f917b800f4d70680cab90f644cad0343adc9,4
000522_rot90.png,train,c20da64383c3a1d4b68b66d667d8fa31637c4917032f975eb1139356e7d2d546,4
000523.png,train,532ee40ffce454e8239729a5bfe61bd7314f01981d0ce2fe15fecdb8041e2964,1
000523_bright.png,train,d560edac14a589c7ae71027a579349abf36ba66c9c02aff7606116ba19836c82,1
000523_clahe.png,train,e6bb7055640751f7676dca04b3085fef0b9efb4d766d3cc01f50158f9196fded,1
000523_fliph.png,train,430331148f272114b99dbc2b9ae4ae351aa74fbee5cb1f6401db01193a9fd2b2,1
000523_rot90.png,train,1f99a70fa940aec6a9c2b69ed0f6cdd2d7504f9724676cab895bdcb0469897dd,1
000524.png,train,12ae6ef0e4136585bc56c142be2a163ab6b6358a59260a332af866d574276d48,1
000524_bright.png,train,73142daad1f5a930430174bc5e7d249fbde4b32111fcd37c63f23b2f61dec3e1,1
000524_clahe.png,train,7388e552f2f87d863f4446ecd8b88e57ee01a81de4b1701e55c583752eda9d93,1
000524_fliph.png,train,edd78df1038805193b98baea39eef283e02b4433636d43cc432966f52845a479,1
000524_rot90.png,train,42109ead5ad87d1acc29ea5ca5424dcfa722bf43fbd7fb1d69e360645d81dcec,1
000525.png,train,f137857c0986467eb56c52c19824d4f91072b32171b3f10914dfb11c3ad61ab8,1
000525_bright.png,train,3fa9a417edae50d53b30fb87014d9d8c34d6f658a0cad8d23e9a6ff41010b41e,1
000525_clahe.png,train,1f710060be92dcccf15a9cadde91a9c8975908f98c9e8eddde18995e91529b8d,1
000525_fliph.png,train,ed822066add86052215cf50840218247a4438540e897f3061ce376631ca74e24,1
000525_rot90.png,train,60fe7a843ee8cdbc6db4c7847033133fae368f9077be67a3de2bf3922d80d485,1
000526.png,train,ea2b8ea390e9ba9fe984370f516c6d47d932f231db20d68d6d39569b99453dbd,2
000526_bright.png,train,3d8f7034b70d974eb77abe32413c689b17551315b3834ade9ae98955e4b1a8aa,2
000526_clahe.png,train,6e937376c5919ae353ce26636911a698850e36d05d7243920fe7a0bc4aad5626,2
000526_fliph.png,train,8baa6a7e7954966d489430b453514f9fdce7ab380365d0e7827438eddea523b0,2
000526_rot90.png,train,c8e542ec3dbbf7224b39f80810707c88a99f54d6a96f8a8e77dc4100053f90b8,2
000527.png,train,038f99531effb38a4e79698a31b8434b2039ee7de13f9f3e1e01b3dce549bf9f,1
000527_bright.png,train,451bc4d400964567c8cf9e0db60b70763951774676d7fa86cab1e711ef9d9903,1
000527_clahe.png,train,6045d63245fa9e3f7bed4b1d547b44ae987285901990a94b0601e67f2f5a822a,1
000527_fliph.png,train,58c80463945bfc17e3476663ab8e914158e9e62420883153b0d8f4e286a5dc04,1
000527_rot90.png,train,d2d94d4f57737f4341757aaa1122ab93b71b659f8bad6032c0ef5f0d831b607a,1
000529.png,train,2e5181072bc7bea065c149b0f1b53e541ea56f2a90611ef4403d2346557ebb40,1
000529_bright.png,train,43a281678c65cb3e7781f3958d620b66f63393bb06bc95e50cc506935ae51781,1
000529_clahe.png,train,2b47bfc7c46a67662e5b531d0f090934be029c847d3684ed0caef1911ed76d36,1
000529_fliph.png,train,8e8d07d01419e1cd4eb17c7c0307e3b9329327dc08b17ffa74e1fa203f5f2938,1
000529_rot90.png,train,befc52db3552a5a891bb336c589e3d6023032fafe68a8ca523c41ca0096ce45d,1
000530.png,train,8543ac146d222e68608d2322b9bd1c98b7dd44761d57e181d6fc4a7de2050c36,2
000530_bright.png,train,a378e08f4fc886089c56315ed8b114cd8cbc4eba72d487484acdd2a8b33532c3,2
000530_clahe.png,train,43df2076147d0fd766c839619ddeeba4a366bbe6c2543add086e21945d3cff59,2
000530_fliph.png,train,5bff28bdaf07591fd2a96a4412ba181775a6374691f30d8a9a7cbd2f69ffeddf,2
000530_rot90.png,train,5376b21184f4d9e9b62e82efbfb37030936c5d5f963c97ca8837ef4cfe7d0b4f,2
000532.png,train,831da2fe3568b8b8bf22d8ff7c18294fb1b940a6b8a270917ee43b986f137e6e,1
000532_bright.png,train,eed2119bbf7dc8c7279c3b027bcd8e666949e1c9d99d1d9f7a39b45402ff7b04,1
000532_clahe.png,train,6119d2c829d761eb58d0a688ee0f434f8a1dcc46d1c91da49a26ebb7ab4cd71d,1
000532_fliph.png,train,bd54b4c7bedba089020f85339b7257c2bf10c89d3ee9fd48c910a8bc2a84b228,1
000532_rot90.png,train,851244765a14482505534ca3b83f42504f3eed9e1b94c1ba73dc1c617f8217d7,1
000534.png,train,b8bd5eb2759fac2583d1cfbb147ea29868f350c3b634b4587966c8f6d21390f1,1
000534_bright.png,train,b87480b7d6969d7a81ca89cf7c7d167510ef139eed5949e36d2d307f311b43c6,1
000534_clahe.png,train,7a4ed52d096722fa601cce7f8f5207a6c2ef258444d9c6a507a834ed42939e03,1
000534_fliph.png,train,7d854c0e170296d5b5cc6a802827665e627296b38de69fb186deadd57b776afb,1
000534_rot90.png,train,5199d5961d939df226cbbdc4e0213b181efdb8f8cefb4a4467b62e9a670de9c6,1
000535.png,train,f7c736bd945cf73ff35f1361a8e8a29cc2de12c163a93ce0b86e179ee3de7b44,1
000535_bright.png,train,19eac347ccd95a6011fae8e7512ef29f300fe44f800a2ba9f93483f1d5e8abc5,1
000535_clahe.png,train,83d07bcb89dcb11167da7d6868c398f81175094020b80a79ce409a3c3c259ca5,1
000535_fliph.png,train,024ca696b3f9eec3009222d41fb25520c21d90670e6fc8c78a4b1a70a3d58263,1
000535_rot90.png,train,b82308e9bf0e0d6a5df2a04f94eb1c45c7b49c23b8730b655cb26fa196e5cc82,1
000537.png,train,4d3e852fb0e66362ae85b566805ff52851868d17a4be2c994abac56d89078d3f,1
000537_bright.png,train,2ac4208fda8e23b9858465c91d4e38be44670be7edc42e61334a49f6860b9b75,1
000537_clahe.png,train,3672463be4fce0258cf3ff5247f9314a0462986a7788995491db894e743afaac,1
000537_fliph.png,train,e89115b1ad76c5676c7ea20daa7dce24bf7f96c9840f747feb1cd2b86cb3d22a,1
000537_rot90.png,train,a6b17ebe0487aea125f855fbfd572d1b4140089af6ae14267592d7a32a1381be,1
000538.png,train,620311da27272c6cb7f681dc0644b10721d6a2fa683615573daade3f3ebe1921,1
000538_bright.png,train,e01eaad8613935585058b99ecb5a05b62566136ab650c9f48a7e91963dd71ad0,1
000538_clahe.png,train,948262cbe81dfb7a01089d2c7a3f3c1812c04845a7a2535e7856c5db792aec76,1
000538_fliph.png,train,38387e7c9f72a8505af535e1c1b8a985c4dc4bc9770c14ed6aa850278d12c592,1
000538_rot90.png,train,27faeb437915462911387ccee21abbebe35072c0ff7ba0292f9480458cd20acb,1
000539.png,train,8ad436afdcb11b6cbae0e91cc19308c02376142aac0657b3b20ac8ea76d4291b,1
000539_bright.png,train,f2beb74ba0e543b23046bd365b32b3640624b77160367e862a1ac6ed408ac64e,1
000539_clahe.png,train,2d36e1b956f23ad786cbc40a3b70ea1c478660399f7a3b0f6941dab3cc10f393,1
000539_fliph.png,train,e9e4ce6f80f5f577fa779ba343665a0bf1245b88c83b779dea78037117ad9fcf,1
000539_rot90.png,train,baf39851eca55d67d3e2313b279b8962f67f20e5768e7c23ccdceec414da6965,1
000540.png,train,5d334c75ed20307d83858e9b945ffe5ee4d5f8e741a680ea8d504f66830e9b9b,1
000540_bright.png,train,fbdc32e5809c43a4f15cfbd4d58c344138f0f2ef7fc400a43d38b5dddce191f6,1
000540_clahe.png,train,90405e2f730c1bf127302237c188ab72c94b416dcd4b4bd4e4e00acd82d246a5,1
000540_fliph.png,train,625706724d4a837c69303ff24dae2b8050c612345f0afa190fb81301df76aae8,1
000540_rot90.png,train,403e006eda04824e4cd92f6abc14dbe08c9a03cd71d66d0afacb2bd51105a00e,1
000543.png,train,4ff2253346ab3257407bcdf05224a4a59920a1979a892470381a981ac493d4b1,1
000543_bright.png,train,0658ee6173d3884e382e391549cc8c8d2c62a17516c458627cc33ddc5eb6acd0,1
000543_clahe.png,train,4b6f1dc45a9669cabb917f919f4bd27d8a90d0c551dec2bd1417e9f15ca7cc07,1
000543_fliph.png,train,e827f46594ed9dba21784ae22796c54e309e06a658be9dd48d291fa46bde005f,1
000543_rot90.png,train,5795e3160913732724dbe27f2e91fedecf842bac4f483a7a4be8e82750b452e0,1
000544.png,train,88256fa87b00877a674ce1a3225b7a547b69f01b05679db6b944815f88c46171,1
000544_bright.png,train,23a47abb8b443b903d6262f9e65ea1406fdda60ba7ad0acb12995098ed6be6d7,1
000544_clahe.png,train,4ad54b518c90970bfeaebddff83320e2cf25159a129a03d178014275db66a70b,1
000544_fliph.png,train,4f70385e709bcfa635bbcd0f47de949f8e7562caf1fee8f1fae65a1b8fd8a878,1
000544_rot90.png,train,1a655148478c9fc0a834937e5c85bb4e030bf1bc408e8c59e36658d0825e1c88,1
000545.png,train,8fbb4e08114088430d6c6e7bb8c3bbe5fcbcff5a8ae8a096d80ef4a49f466ace,1
000545_bright.png,train,2ff4c724478661d9ee9230ca740d31eae155942c7c6403c3f77be456cb6ee745,1
000545_clahe.png,train,f7f230f6ee45fcfc2aa31afdb08310c08cafa67c55c7d7ba862f237f019126f7,1
000545_fliph.png,train,f4febae290bce85d160bc6ffd5a809c0aa25ffd71d6eecf7fce6d9efd85bc773,1
000545_rot90.png,train,7817228e7cb9962482b250128adf934ccc4d2c44eab3ef66498dabdfe1b3bfbc,1
000547.png,train,d2784a1ae07ef30a9d12f553440e8018332225be68d99a638f19e8e2c983de1e,2
000547_bright.png,train,b8332ddb9adca27a6d1d9a1576d4b0a3fd6e06c5a433e31cb182ba7cc075e75f,2
000547_clahe.png,train,1b11db04502fad29c402d99ee4436bebb4fe87a6ddfab0193512db271326e0e7,2
000547_fliph.png,train,1e31af90f7e52cfafc8e22d5450f07e883db8bbc968abefeee2612847caa2d78,2
000547_rot90.png,train,75fae5e1c51e29fd589b80a26e4a623c07710dc19d0d4c8feeb0d6c81397564c,2
000548.png,train,bb690d1c65828dff470da83ec493ed60df87b253e8b1e3ddadd37c2c0e84a031,1
000548_bright.png,train,617bec8af176144f0b0a5ce6b7c5a03f37f4e5653278e7158883374064eb813b,1
000548_clahe.png,train,060f52d66aeba186afbc6b6fba02d35e07fcd7ae6530055fe019086d601c4c0d,1
000548_fliph.png,train,5dd10b251be775259240a880db9ac328e2d82c9b48d319a88c1493a6db69723d,1
000548_rot90.png,train,0499d942ce1a3c3c103d9c79e6503a7acf326b6a7c1844245f99e99490d0046b,1
000549.png,train,9dedf668554ee450f0d91d3e9563f86419135b0f45e3dcf722ab62e1fce22bfc,1
000549_bright.png,train,ad3d721bda20a3a07e84385e2de9545dabad94d102865bd5b3701d89c93a81ad,1
000549_clahe.png,train,89b144dcecdab2d45f574d06189d615a6a17929061d39da7706884f339884036,1
000549_fliph.png,train,6ee5333b1ebc6224275ed282520df9bfa47fc2cc534235fdaf7d8a248e5046f1,1
000549_rot90.png,train,56556702fe315815a3b4164f3b37c47f49aedeab0737c687dd516c10a57811c1,1
000551.png,train,4803c541217fd96511cfebefb05a9f383c73824d5c3531c98a47dff43bbe9f9d,1
000551_bright.png,train,d4d31811e0f14be28b56f83b01b8cd0fb54eba01e3cf56e6f3acc18862d0ba3a,1
000551_clahe.png,train,5133f2ec914fa06b73933f14ed73daecac1cda27c094de65b89e9e32cc49cd93,1
000551_fliph.png,train,1ab0e9c583ba1a598cd5883cde2e745b1f0189d9142798f59a2659f3acc4bd32,1
000551_rot90.png,train,e5fb2405da9c0a4290b2d048f7c32393897d7d7e2fc4dff8804d7322177820d9,1
000552.png,train,7bcb99ec021d58826efc967dd98c7bc5c9bf20aac5437b8d817e8262b012360e,1
000552_bright.png,train,85941d8689091148f71a255276f1b2524913a32d8c9a1361caa607e0a08a9dae,1
000552_clahe.png,train,635e30dc03be42cdfba9b1b8e6eb3ce752fa50a086af82b4f969a83bf25baf71,1
000552_fliph.png,train,183f9a23ddd943219d9c522856b1457513bee1cd3a075d26c2b745c3f4633afe,1
000552_rot90.png,train,8d9029685420745d7aaa0a5fca124a11262ec75f2ed59a8cfffbefd8aadfeebc,1
000553.png,train,a986972a563280cee0b52358a97b5952cecdff6a2a7bf3da4e53007b0d033de0,1
000553_bright.png,train,fa3f1f00f023927ec7ec07f9059fcd51a36a0101b464c93e3bf5e66247d28bc2,1
000553_clahe.png,train,4cb8dd7240305803969ae7c9123d86ae2a4a0c1ca3f50060f6c8f64aa83c937b,1
000553_fliph.png,train,35daf25d3f6c93a88aeff42e0d75d2a8b6877016d0e1995da9e8e44e6a428795,1
000553_rot90.png,train,263f915fa247aa338f0492b96908abffea2d9d347a3590383b824edb6b4d8df0,1
000554.png,train,514cc648811825bb75c8e7e7779a1bb643075bd603beb8d55c0479ab832fccb7,1
000554_bright.png,train,62d01ae9b7b649e0de688e6b988dfee7deb255f599a09c733fa7210f9424d5c8,1
000554_clahe.png,train,133cf5ed426fddbe2f99bc88f725bb4ecfa44a19e56e7984dcc13c8248a40473,1
000554_fliph.png,train,16b28dc89745988eeb0e5b6a94916834390338f2758aa09a1e6266346ff4deb7,1
000554_rot90.png,train,72f300448fee17f4109d56cf65b64565e9a3e678ebfd518e9ed65a08f6e02e48,1
000555.png,train,bf05f3b932200e81f06804c12dc581ff22cad107a42b77c404868d58851a2933,1
000555_bright.png,train,e9752170c2f8598c4e8c0e5913cd0dc0c28785c0bbf5d800c3276b5178d2e5d3,1
000555_clahe.png,train,09c59849d8afda475ce48d6a07c7a5a535344b9b0bc1bc449a80ed74af82a0af,1
000555_fliph.png,train,760e0a4ff9107411fc4582bcf6164d099b371f1ff0b46e8240afd501ada404a3,1
000555_rot90.png,train,057b255a417f753ea0461a212035caf15acd5840ffe09eb7210a2f0e9a22a370,1
000556.png,train,04f9d11bb8b52ce7128cc19b17af5d1ac19ce49f6f0082c206e2f179ce2d0f17,1
000556_bright.png,train,dd55c14323bbd8322cb66bf83aece0c031e6b5ecb7f3f67d875ae52ea48654ed,1
000556_clahe.png,train,1ef80abf7480d2b4fdc51e00dc0604f4b7cce13aaaa7db4d145acf3e5428db46,1
000556_fliph.png,train,c2f175f8010f8ba38f86ac69c74f8f9456f6e39ffc427bdfc8ae4fba0c8905ee,1
000556_rot90.png,train,dc226330f6de31a81f0b0c139091d14d148a1480ab717dd83df166e7099be19f,1
000557.png,train,01e854427f3ade43fd543ff8d8c679b4e5b9e2f533944ee127c31a9ced510c80,1
000557_bright.png,train,47ecde4f0368ae658b71f2d9ada5c05a5e78febe320457c26860ba4f0da012b4,1
000557_clahe.png,train,666007f5a33c378e7f2f408d04ebfa4618b816237b4c2d381af219feb50f1587,1
000557_fliph.png,train,ef95785e5c1e040431864d9a7546d0873f9c97536432762e54f24d7decd5182b,1
000557_rot90.png,train,402f865f316a0f51a7d686a08661d67e213854bdcee81b44bd85d8b21bcc3697,1
000560.png,train,c8de50e9731b4a03fcf11177ef9da64f9208260540af874fb22703c9305c8737,1
000560_bright.png,train,a0fc8f0f90b00d26d017c312658a943dfab37897e1b5b3dc7f3e55ad76d868bf,1
000560_clahe.png,train,cc4461332a31789488853a120abdfa27cdcfceadf447d133d8b555fd4167195b,1
000560_fliph.png,train,fda4a1386fd1703d5019c54d6440bca16b12bc366d220271692c9848892971e6,1
000560_rot90.png,train,57592dab230dbd6fae4409ce0b2626dc79ae9e3c1dd8dce67fcdfdf55b391d33,1
000561.png,train,b6138ed14da9ead1fcc11275bd61d659c1a7edd0951274003ce14d7384bcbee0,1
000561_bright.png,train,f63128ef3485834e4104728bcee3374df61f3bfae81ae0ad7575fc55d1d5fa5b,1
000561_clahe.png,train,f233eedcb70c0d94087ba2478e517095ed278781b057c61495ddaf9f756e67ef,1
000561_fliph.png,train,e84c318463b06c63e1ef31c07dbc8a356fabcd6bada3a723ab456f3db8cac1c0,1
000561_rot90.png,train,b345b176d798e38103bdbb603a808e27e66be95691ae3438fd5ba037e41c6178,1
000562.png,train,8b6912154f57f4588b582bdc14016bf9a00e83c4153407d1e64996249829a50d,5
000562_bright.png,train,b6afc6e78ff107e5c0c7de86cf4397875721ebbcd548a0df7ed1911870dfe2e6,5
000562_clahe.png,train,22de8b5ae6deec2a3c09a49d71b772344ac4c9b493e189c2a5c1fc312f194b23,5
000562_fliph.png,train,3759acb58d2627bcc2994d528a0d5b52549ab7bd106a0310626dc8a0200a80f1,5
000562_rot90.png,train,1b5924653312ec0419da0c8a07caee3b87880285f57c3d60b4aeadce3387073b,5
000563.png,train,ecb04008db2088baa204ac6e64b42d20a957490737ed393eb18f8c7b4bbcbfa6,1
000563_bright.png,train,efdf2f026562489a09bf9ee6b334dd67e5ff2dd857e4ba1e1992799dd707a278,1
000563_clahe.png,train,2ba90998e6ba51f37bb4f65907e798336dea98cee779d84d703993214225c7ce,1
000563_fliph.png,train,8f183560c084fdf46236595b05215de5f1547304338a2a3e1b53d206da801154,1
000563_rot90.png,train,b14aa412bb892506ce4a199b61ca2206a11d910a53735a66f9af770976311476,1
000566.png,train,1975d254a16261211e78734627f9cbfced638908ed3ce3ff02bef3dbb7324f4a,1
000566_bright.png,train,19d01a959ddb74238931b503ad10894c8b5d871ed08819378b9a092a03d00386,1
000566_clahe.png,train,e955169b684041c9dc855d6106f93400abad540594b9ce39d8e0f0a486adc982,1
000566_fliph.png,train,5dcc70188f8cffbf23d3e7d7fa74a7d7139bdee8418f562ce005d364745a0ba0,1
000566_rot90.png,train,5bed3c2448b8327c954a33c60471e0d27a9dc873c3433dbc709cd41396c355c9,1
000568.png,train,367b56841ac1a30204cd1328db3bf1c6d01c5f349a5f07c88034f0fb07b140ed,1
000568_bright.png,train,7f1de6e256a7df4e6abc86e6cf69a2690ef7ec8c5fe46640014fb4b94baa2a6d,1
000568_clahe.png,train,e24550e635e6bb21762a7800bd681784019269286edf12694f13d0e6b5098d51,1
000568_fliph.png,train,01d9528c24e5b7c193f109a17019373caf815973b65b1cc9e787cf7f81b91374,1
000568_rot90.png,train,b7b8eb07807cccffb0776efc13c58268a7c62a443a3c153b900881a633aaacd8,1
000569.png,train,7220400173061475d09b5d09d5ea247ff1ce8b60f3a4aa17249e490ae1129838,1
000569_bright.png,train,07606af63829f9270ada8c3c0abd8747f6504165732c4cd1bfdd2a0e443191bf,1
000569_clahe.png,train,32726278a9a6849eda28948e3f8656a42597012bec77fc445baa8da18293450c,1
000569_fliph.png,train,2bf946a9bafc233ebae193b709a9b4cee2ac6b7251d7894cdeb6c6eabcf9b947,1
000569_rot90.png,train,c7dbc77afd8543dafc65af947e55cdb565abbcca84959d7e83c68425befd0fcf,1
000570.png,train,750d4a04f2ab8b821068cd77407b10bbe5de6bf4d488a3e00256a23c96d7684f,1
000570_bright.png,train,cbb4a4fb0737360f5a1284884067568a1c36a175c1b5fef225e053903b5cb90d,1
000570_clahe.png,train,2bbbbd27d380d2575b32bbd6522bcdc4534fdfe6812f2e13b75a076b3ccab4fb,1
000570_fliph.png,train,98af8bc1330e3bd007e9d565e1bd3574fcc971019632f8f489396d1c4b2ad92c,1
000570_rot90.png,train,65210df818320e684af166271a3c751f21961918fcc0cf6067b7df4aaf885280,1
000571.png,train,bd7391ae15c6d512a9214ad7b70f04e4fe2f153d96843efa709a9dec36b0e087,1
000571_bright.png,train,c62512392901ebbf2cbd7aa142536b6f0d4319d672ad18697e4f7b082ae55c16,1
000571_clahe.png,train,f9e509d546c321a95d53de390deb983be3e5c5d40397fe6ffdced56027915f04,1
000571_fliph.png,train,64bdcc39c79f4c98b90fe564710337040a7d762cda5e56c9beab2fe86da630e0,1
000571_rot90.png,train,50841557d07a00d3dcc78511e1e254ff6a628c76ba25faaf1fe6b74336b8873d,1
000572.png,train,38d25d091ed35bf608aea7c84222c2ec6c71cc26f3975f98da763f2cdafee963,2
000572_bright.png,train,31bb8b235565f5c4f86b06b845365f293aeb71f4502b815da376fc68eb7758c4,2
000572_clahe.png,train,4e2f27a5992557f1eaa3d28ef6bbc643972dc4999f9b205904a1e60f2261ab3d,2
000572_fliph.png,train,bf7a64d240bcf72abeeb6ecadec7fa862d4789b2f48746edf272e164d26b27b6,2
000572_rot90.png,train,172f9ce891e55249e0567a9c05b7af1b02d0affc2e35e59be02f74d05692e067,2
000573.png,train,832bf91a19e11b0cd9b71463ecacf84d4bb286196aad555274cde42a53bb014d,1
000573_bright.png,train,8cdf92ec683047eb478145f289abdc0761976937d808e74484ca71b5349d9954,1
000573_clahe.png,train,64c1cf3b8f220f2b2a8730866fca4b522b25d2a002491455eccd2f9d9c79cba6,1
000573_fliph.png,train,8315b11770675852b94e9ddc612c966b10aae4cbcb44ce9192d79d6a183a7f28,1
000573_rot90.png,train,955bfb8cf3e0799afb5ce4928d1d70e1cf51694a891b24ba56c193d15610ee12,1
000574.png,train,599217031f2e27205fae71f13c6e071698cdceea1667d5ae5cec22eb7b450bbd,1
000574_bright.png,train,14d49a6bd7512ecfac95a3e2c9ab7cff3b46b4bbc3cc036bdcaf465e04975eed,1
000574_clahe.png,train,1b8ce3052d7349712b70da01dc8da13acb1f3ba4e5a9ab63fe7a0fb712a07023,1
000574_fliph.png,train,4337926b4bb010da1cf70345ffa9594e4a71fc9275519b398c9d2d0f16c9d9ac,1
000574_rot90.png,train,ad6d54a6080938ea0ad3e87b169b1a1dd27c044556cc25b90d12d02e27a56a59,1
000575.png,train,0df32142b9344c5d39d9a586fed5bd512a6fcb948d9f1be3cf7e8d46aa5773b3,1
000575_bright.png,train,79c537759573dd5a766416b8af171b411c200dcb1110052eff02ada7ab5b9ffb,1
000575_clahe.png,train,74ab46d51dcda71c5a88d6ebdb5e9c7cb31344e7239ef82392e5bda3e01ba121,1
000575_fliph.png,train,6d2aa22e913edd6943d00ee329c511c6f9f259b2ccf16d22068e17f0534756da,1
000575_rot90.png,train,eef134ecd22d9cc1b3c47d84a2c42d2833fcad144406688d7290136251db66b4,1
000577.png,train,8deb3ab827b34ae7b949cb258fdba4afbf7ed58bdc54c8dba05eeb39ea13fc6d,1
000577_bright.png,train,b27a1e6767063c2e0c04be0efdccc593f9b48a04e079a55b9e83c9b8f8e661cb,1
000577_clahe.png,train,4d1968e62431f52519d1cac984ec64b02dcfd372fd56fb4b7d307f83cc32455a,1
000577_fliph.png,train,348b3c05e07e699ceaec0f49a82aaa7f0b88495b8cc5ea575210f4346f5ce9af,1
000577_rot90.png,train,d65092eecad970b4d4ca97e63366ce2d8d0b31dfd453b4178dad1f5614738410,1
000578.png,train,93b02606894e2f4904929f9417063f59fad030a3ddb941cb9b2a08f35949b7c7,1
000578_bright.png,train,6ecb109783d3d7173b82e849b44f5172e6bed52cf2ab26cfe60510a2bebb74d5,1
000578_clahe.png,train,23b8f77eb636180e9533f7e8fdfe2db44128f70ec00e8e02be7c44f1b0140c47,1
000578_fliph.png,train,424ff2b03b5242ab2e3dbdc658d612c26547e6b8d14ee5c4001fcda2f62120d8,1
000578_rot90.png,train,d1a457a0b84d2f942e158c386dbf368d8b4bdf775188cf124ce2b8898d165767,1
000579.png,train,caa88e1227d6003ffe6c6844ef2f4e5e1da16847197385140aaa80777a5fd4d1,2
000579_bright.png,train,3e35e1b249920ec4860687e63de0b4e5c9bc22d672e1cd3bb8468658623f304b,2
000579_clahe.png,train,0edf91bbe7ea3b8785cd6985d6f39d58ec77c31b1273fce1f67ec7a2dd3f8908,2
000579_fliph.png,train,e848c04b5620a803a62107fca5df341bf622f0552d03718ced732a376e542a97,2
000579_rot90.png,train,70912bc2d1cc4efc98b5149cf9fd8a6549f79aff90137594f0c6d3404488ac4a,2
000580.png,train,234d70be3b5e2f07d103451c02b33228a32663dacd82b1491684bc537a4dd242,1
000580_bright.png,train,fbc15ee7ed323286a33bf27b3b7793a91f8eca406c29ab8783e4bb1f20da02e5,1
000580_clahe.png,train,b36158f52a80793d2ba95e726059fe27d51d4fde0144425f5153335d789d340f,1
000580_fliph.png,train,db8c719aec6e25735b1d380ae9e01b4f046a7cec1a021fcd21b8d857c740ca77,1
000580_rot90.png,train,ce948e7edd39b1e133b7cde081ce351e95a7284b4255088aa3c1ec2a13b9c91c,1
000581.png,train,ad4c7575d07d4033c11f960fbda09b0dc9e4d5ea953d6d5bd39b4847c5f37fd5,1
000581_bright.png,train,77d1dcbc60ab1bdd324e657172bb10be17738dbb9f5af01101371a1e32d986d1,1
000581_clahe.png,train,14ec482df0084fecdcb48870d101557b9908a7906dd09d69ad024f50bcb8e001,1
000581_fliph.png,train,8d5ad6f219b8fb5ba7b7097d7dfa035471c2ebf8da7b280e6c3d8f0314756676,1
000581_rot90.png,train,63ccbfee147db8367ba1ee78f2a35eac4f533a20835bfbdda0a0a9d92821d3b7,1
000582.png,train,5474f754569d849df2c24352564cb9eb5037397dd1292e35952608f3376d4d02,2
000582_bright.png,train,571ba305463ba8107d63b63de2d8aff0d37d09dea91378194226af49ea8cc7e7,2
000582_clahe.png,train,cb415de046e0df82f3618a4122a3995dab3c1f0c89dd27f01ed413845d73b049,2
000582_fliph.png,train,e11c87a29a647a7cd45ec48549c36edb2e2006219eff124adb9fad692849e41e,2
000582_rot90.png,train,1bcde5ca27f67e1ce029d17103677c5561c2f348567ec834cb749f622567aebc,2
000583.png,train,a87426f46406964e9335d141a9d31d4d99c070bebb79fa77cf98e519d8905e68,1
000583_bright.png,train,c14dc39d6fab441a11e709a90d87323d3cd066bbad75ce228d7e607e5b4658f6,1
000583_clahe.png,train,0b3b4f095fb184921746b23ec610e039550054ae59b33a9c8439f9036bfdd40b,1
000583_fliph.png,train,2b29f20ee9b77652554860eb6a319d90b0738638c6bc9ccab47c61a43c0e4586,1
000583_rot90.png,train,fe7d41cdd7bf697ed96f61d0bb330c45df2c225a9bea6b78de03fe2e6ff85a1e,1
000584.png,train,329f220ec0881261822a7c82f5165efd4d80450bde054388048bd9261de8db45,1
000584_bright.png,train,26f305e2df0d9c16274c1be357daa084d9510aa4c8c4b130eb7c44bebbbc399c,1
000584_clahe.png,train,cc95c29b248baad301080ef438c89ad0490b99380fa96f4161526b4229927fe8,1
000584_fliph.png,train,5a695af0b98cb0570bb04ee8bbf395587d0dc9b298e71d27342743de3d838392,1
000584_rot90.png,train,b59404f24271e8b3b17f6b9ed21b054c66158fb71814cb2e3ba02cec1d34aa02,1
000587.png,train,4ec0593f84c83b41d0f09f30427722765c732442e7ced8a6da99568110a39dd9,1
000587_bright.png,train,25cc30242a5b2e5cbf4cbcd526d768c0b0f88f181d8e622a2e283ad488f095fc,1
000587_clahe.png,train,df4a5702b4a2fa0a114429cead34b42f0a166583ae81f5ee60352f6c6cc7d3f2,1
000587_fliph.png,train,843fc2b92b22d7340a0a0689bd4135454bae9c870e0331ad71409663ef0a789c,1
000587_rot90.png,train,e56db93a11fab040f269c469328865c8b70c02ca9f4d53f759ffa07451710990,1
000590.png,train,d87fcf920e3c0e40184a2b24ca1ef282f7c09e8fff63c6eec78356bb5e867e3a,4
000590_bright.png,train,e1df7f592ec3760b7daaeafd1527cf8f61b751b75cc22fbc09c45fdc73ae16e7,4
000590_clahe.png,train,b9200e4757a9c8e2256656824690b7330d6421bc63d08aa81c0719bc8ffa4c8c,4
000590_fliph.png,train,dbbe8ad6a7a49c379befcfb330394026b09722a05f451d067a7f5d8f37f9e965,4
000590_rot90.png,train,e27b70126122a8bf25615289fb861a5770099563fcaf6a04884ff9008071b0fd,4
000592.png,train,9d0a7ac2d1ccc35ca36d79473ec97d3b1ba33429e3012b7fab639d7c3b4e5a0c,3
000592_bright.png,train,019b1f41601b5ce191b264bf96834b2aae1beeea42264377d8ecc666f7999967,3
000592_clahe.png,train,d6eab8c826971d306402b9fc03178b6c38492e4a3dbedaed3b7005edde9a95b0,3
000592_fliph.png,train,c4638f2a8b8b0382e5b5dbcf0f6acdac15168bbae4291850b0b0c2096360a3b4,3
000592_rot90.png,train,63c42b4ef9080613151511eaeed7564429131c792ecbbb199e7f77f3b1a54839,3
000594.png,train,3545c0416c87fc4f8a72dd71996e3d2b6e44bf270f96e2480333b477fb7fc199,2
000594_bright.png,train,9196c1520f1e75139d3bf68624c1a46c978afbab35af426ccd093ad9159beb40,2
000594_clahe.png,train,da006f1d30eaf0e5b9c18f193a967bcf96c2f6781b6ec3e45e153fee54b7237f,2
000594_fliph.png,train,d7c2ea450cdac05da89d793a3da4b8a882ea50f7b39c27cb3ff3a1396ad71ccf,2
000594_rot90.png,train,24204c10a6d107d9f04f8a660f8acb42c7c02a6c6a3ab5777a3ec8beaf02ba38,2
000595.png,train,4e3e3caa8cda5eaea7b3dd70625cbffc27dc0e48de752c2fc235cbf3584edd09,2
000595_bright.png,train,0fec535ccb10232a85b4c75d3f94c4acd3bc35607a80ceffefca841c0347f003,2
000595_clahe.png,train,6b14fca90f83bfeb9ed5d56e00619eb88095b4675c1036d689b5efe11fe67d1f,2
000595_fliph.png,train,0dcdbadc7ce191f82d92d119307f9a9a040449d8ecfb60ab4336f8b31ebaa344,2
000595_rot90.png,train,fded414b2024dcf28d387efd78a199fef5f2f13705a045969a20c7cd473ffe5b,2
000597.png,train,4c0a5c84d4a198620878f75e5cc5f5cd6879ab86d37ec9cf2d3a7ba7537ad200,2
000597_bright.png,train,ad8d1d94ad0f1db561a8839557c5de5a700bc7001901baa6c53d9d5358b36b31,2
000597_clahe.png,train,66c660035cc1c93a4d2e2ff736a1925758159f076e1359da8cd21c5bfd460997,2
000597_fliph.png,train,2abf614d04a58cfc9117395e73a3cc6b4480db567217dbbb11797aab8ef6277d,2
000597_rot90.png,train,50a123845eefda35f49072290a5d3816ec80bda03cfff969f3e7a7886837c5fd,2
000598.png,train,e9d5048ef10e040b6997cb56efd30b340b39f109ee3ac8d822cd1db858c61849,1
000598_bright.png,train,071b80586050af4a7d176b4c37ecdb642f8d364a4b7dd76117d403a37852f86b,1
000598_clahe.png,train,9b94381e4238b4481edb54a218b2782726dea2cc4ce7b81ab6fca29292e2b2e0,1
000598_fliph.png,train,18a39d4e485f0597e3f02a3ded90829776e0bbe52027fcad483010cffc340c5f,1
000598_rot90.png,train,f248cad4633c3efc68561b43986c5012faf204beda74abc931cefa3336b51a89,1
000600.png,train,d8af1dab4824165acea71c2f50dae0849f0041bf35875a0438247f853d762377,1
000600_bright.png,train,42dfbfeb4a221df4e82255a2d4008482e11e21c963041f579c2c3acb48ae5bb5,1
000600_clahe.png,train,afeb49496ea26ccb80e13d50c1981a70cc31b6e16b1440d3e74b4950e2b1dad9,1
000600_fliph.png,train,29f6159d5b1621c10af308021860cb6a51a7c194177f32933b1f59a4cc5396c3,1
000600_rot90.png,train,e020bd8db7859bde3d33478a216deb127cccbe12d60bc93c4141ab5c482d62b9,1
000601.png,train,58ac62ed1f59b4121ab909c191ad590dbc90eb303ca5fbaca47467e7f6d36a40,1
000601_bright.png,train,4d359b17778bbe33cbbd7ae82200a7001754d55be6d7d10943ef5c3df0947635,1
000601_clahe.png,train,e30325b2415c270bdadc429788ddfd56cbee137eb8056fdf14f43de57585fb33,1
000601_fliph.png,train,89df6fb90d653e40b99853ce563789715f13026dab5570d0b0d7baee53856e1d,1
000601_rot90.png,train,e624bbffccbf67f50cafb71af5ee653f999b7563a9bc83e9f34003f8978a9391,1
000602.png,train,7aeb3071551a9434983b323b8afe08ea50afd0746619a7c5e0ee77d495440372,1
000602_bright.png,train,b7209b6c819fce553c01a7ce7446063f9ef3c9b0b9a37d3e12f106bca6ee746e,1
000602_clahe.png,train,6ad985326e05c995f282a832b8403ade6952ef39733df8fc1cfabd5a859622f2,1
000602_fliph.png,train,2a12424b0d4ae3b164f423dfbb8baa1ff5853693fd2d0d79f5853a7e753e3a0d,1
000602_rot90.png,train,b433db05db9bb50d67dd0c8e669b5c28bd905e85c1826d248218de88743c85fd,1
000604.png,train,da5d4b1f3c5d222907bc7dc02be36b6409e9fae9bdc992840f49c8a666c00a3b,3
000604_bright.png,train,b7e316a834244339dffb73560a1545401c91d27f2ae16f44ec9bce3348a062e5,3
000604_clahe.png,train,ac8168b54f1bec25c9c7584abbee54dd762d89a8f0546148eeed6589213bfe17,3
000604_fliph.png,train,12d30af62e5309887420e65ec6eec2bb06380e6afd9bd15ec7467972dd3dabce,3
000604_rot90.png,train,d2ca4b0c4c36d728014a54283e193bd51ec4dcb85f9415cd13f574425734311e,3
000606.png,train,b0cfe2b698307cb03a12c1cf03af84312353ce25c7996d9467e248d5056d6bc7,1
000606_bright.png,train,a21ed75fdc7b3223b720e93310b1ff37c7fce32f6303adf8c704ef093ddc771d,1
000606_clahe.png,train,0cceb65437da408431d6c6034edb23aa8a480d429fca31eb8f1122503151dfc4,1
000606_fliph.png,train,4a8a9ce113f55efef12726d90b40f0b39a468b53b3df748a92981d60f1d930fd,1
000606_rot90.png,train,d4a05c181df936d48a619881adf6d3bbf8dbcef51f2735c4a99f662f6fb86808,1
000607.png,train,31e546c2eafea4884c32a61d8b4231cc28baa35e3901f1eda52836a85a98eaf5,1
000607_bright.png,train,0155dfaab9c9ddb32ff959640d80c0cf22544fe0c1afc31b7fff684b0afadcc0,1
000607_clahe.png,train,91eb9f67dc797573e62de49c24d93e46ab46ccb8030050b4a093fdb918b128dd,1
000607_fliph.png,train,c8a7fdea8e6052ebb511f7339e60981e7f6d4f31b0e36ec275b206a4f132c008,1
000607_rot90.png,train,ed485e73031298ed3192745b02ad7c0cee71189be39965dd595d9c5906fd562c,1
000608.png,train,682d836ec13c480be4f0d343f78f5696a265e3fc542d28736d37aa96a633525d,1
000608_bright.png,train,8a3e8374ac7c26026a356f2200fb11d46dbf790a06bc080c1577a882ee58a70c,1
000608_clahe.png,train,aac06b4ef054a76a7fe240c48a7c4c7af8a838ecf4b38c016cf8ae97867d2f5a,1
000608_fliph.png,train,28fb894ee5b25f7cb2493340f451e692c7f28bf8ba4b231bc5422c4ea5768ae0,1
000608_rot90.png,train,b9adfa1f88d194f4bdc7d523b812454688b37aeeaab04836434f26afc674bdf0,1
000609.png,train,4705499027b9e53e4506d51ba4fb492c2a524c3b5b5bf692d36b1bc6b89c300b,2
000609_bright.png,train,7c277f5ba52d93ad89a37eb7c5a542d845033b25c687a00b9f11991e2eaf13f7,2
000609_clahe.png,train,eca73860e8f7a2db143dfacaac5643a914f1b6bfb5e265a5ded6eaf716bf800c,2
000609_fliph.png,train,a74b2cb8859b1e25e24416afadbfb4d43ed04cbbdb078f24ffd5fc45e835db40,2
000609_rot90.png,train,10f74da90631e655fdcffd0d0d0b46de1b17dae7f85c13124a8ac6ccf676bc8d,2
000610.png,train,cc2fa015992c134bbbceaa736d18a75df7b2a943ad21046bd1991f944ef7553a,2
000610_bright.png,train,685f270d1a3ff8fc742df50af76521f40bfc6041c7dbc4678b6c3c63fd5c0a29,2
000610_clahe.png,train,373faa69cc81aa7dd2cd54efc7f805dce301be22fa9712e9fe0fb5f55a5e1a76,2
000610_fliph.png,train,5d651adb61afe249579f4c764aaa4185676c17e49c19f7481d6d6e3aca002e02,2
000610_rot90.png,train,659a94709d0708c3eb8a49cd93cf0aaf12361932902f5708d2f1655f6296871e,2
000612.png,train,32a5521519f73527c669e907cb61258f9126d649a9ad99d7dbf4ef3a22b05a15,2
000612_bright.png,train,445659653f2630d3e1158deca8b991fadc2d28cd26583c6ba8021994e8ca65f2,2
000612_clahe.png,train,06c551d193a6306401ba17a9f23d736e972eae0784649da92062e34229952a52,2
000612_fliph.png,train,1e19e965772b36e7537fefe675bdf607b8588e41f31d809c2c3b29f2669096ed,2
000612_rot90.png,train,8ab745d51327ef271214886aac385af76148d07d39e211c254b53c37ec26080b,2
000614.png,train,2671c6c0e2394ec3716ea77cde99efeea965b62bbc91ad115af720f7e8ba0054,2
000614_bright.png,train,a8a39a78063b46906f7461e74cafceaa8ca568e47f3a2cb9f2881dffea440877,2
000614_clahe.png,train,4a3810072d004b145074421f365d1d2ba061019bc8c9da00c18b188a40744b7e,2
000614_fliph.png,train,a195fa26a6ad92ee7107c696bcb656c2c7730068b690dc16299d694f1d405291,2
000614_rot90.png,train,7583067569e4ba03494a21e2dfa5c17201695f433e9f881ae6590add1b970d13,2
000616.png,train,e0fecb06181efb2a4241e96a98b44b6ea109ff0cb8ebd9455166e704094e4941,2
000616_bright.png,train,2f98f11291b2d8b44d14f0ff6de1b4da182489fe556515a4a753e332811f63ce,2
000616_clahe.png,train,7cd92d18ced8175bba575d7d77bd36416b8a5e69709d5df0b3afb41ff4e374a4,2
000616_fliph.png,train,f5dd8b4135bdd4b7c3ac14699a045cd41483aaa1d28de9238f0d9974c3d1a5db,2
000616_rot90.png,train,73efa72be80094ebfa8856a844b2576ab8659915a290855205c4562f96b08a68,2
000618.png,train,7c553d72331c1fd25d4101b7da66ca68fc755e0099355e4ebb6a5e2f32d9d7c6,2
000618_bright.png,train,ad7fe7c0da807201a57dec8018b2ce2756c4d6e06ac0368fb92af6f7bf976f46,2
000618_clahe.png,train,f05f4e9865fe7784e41cca848d03e5977f4819ab898b73e7d4a2d1e7ae8255e3,2
000618_fliph.png,train,2677d412d2fab972aa68b7c77928f2c0563d7829b6c5523fc62328f3bff02fbf,2
000618_rot90.png,train,3fa3e80eddb0ff5f35bf38d0941152415d3e6d3338ea6c71183c292d03c4e139,2
000621.png,train,74c5a827f2c32096f5d578dcb69e78b995e7c5d4920e9fe0fa0f22189d93534d,2
000621_bright.png,train,297431811716f2ce5b4ae1609e0b367237609f1b3c5367866f54e88eea783677,2
000621_clahe.png,train,b4f1555efda8eeb0b879bf0c1af73b4e9728448b229ef45b9b40df2a2e471cf0,2
000621_fliph.png,train,1fd91e1855eac56aadb7b7355e5ba0d1ca443abb1dd7c2ea62e79fbcf1c5c8a2,2
000621_rot90.png,train,c279fca674c79109a19ea021fc7e3801002af866090256f1e6f362d4e68116eb,2
000622.png,train,e33402999116da99ed0dea031c62426428dc015afe67d7a4da939a38d945fafe,3
000622_bright.png,train,7454e7f51a47c1aa6964b23957443f9d9aed3ba156e7998f28cedd59016bd7bd,3
000622_clahe.png,train,c9b6657b4f70b7944b78847fbd1c6932267f9af30579ecb6735efccc8691d1da,3
000622_fliph.png,train,3349b32547ffd79fbab2855bd3ac13afa048ae4d42ff8e69cbb4e6aec454cfa0,3
000622_rot90.png,train,50aee1b32ce8703da2ea3e79459b940c74adbb0ed05e38b4ebcba9ebdf152398,3
000623.png,train,aede0bcba8298ba02132984bf0566dee25b0f614d8a5afedc2d9f5dc609b8d71,2
000623_bright.png,train,dd5c9afb906b724e90d80f01d6dd6986ef7ec5f50beff9ce330881a6c8236a1b,2
000623_clahe.png,train,08bb10a99e3c28311d33b41ea7391f5a0a67ac4ff914e28955e0e782459d2247,2
000623_fliph.png,train,f8e9c35ecc31ac03dcab5f1811bff5498d042174338e4dd0c7a30e3e8b514651,2
000623_rot90.png,train,2d048a0992ee4e5611d5cba90448608229ca80261fc61979029fc842e874a650,2
000626.png,train,554b36f41770a0c4a5292bcc4509857febbd2c43fd8066d47986759a129b7538,3
000626_bright.png,train,384bff627706d6678e715ed8c33804eb0413ea3323d12c5a7ccad3118e70ea77,3
000626_clahe.png,train,6e53132d1f6fbc6d1ea5182b512d4e74e5c07fd0efa41adf1e2337b449c8320a,3
000626_fliph.png,train,b18edf4bf2febd6bc31d93b6ba43fd1bdfdc5691837ddf6e50dbce9c8e9a51fc,3
000626_rot90.png,train,4a6b859276581d4af00fc94a9300b5e1c5076f142ae372ed0d22f60948cf34d1,3
000627.png,train,177843684764be2c331fd5704623e2be9d7d9bbe8d4adbea3c4d081ac5bfb76e,3
000627_bright.png,train,e9906c766594ea7031be196e49523556ce2290a47b832d3c3f1c97fbf38ead7c,3
000627_clahe.png,train,4cc8a7e848d19a727d65e533dba605a1b9bf7cd88a90a254c461b27ce447ef70,3
000627_fliph.png,train,eebec71ff2bb6bb3c1db033a66d44c029f380bb7f322f3c744bd17f40d89f416,3
000627_rot90.png,train,e996b904858b5ca9d784209de307c2a261af3b2b3080286f19d6fb5ab9bce760,3
000630.png,train,50dec7d95ce4de29b752af6adaf3e0d6730a03f88885f18b9f136bc2fbc9d893,1
000630_bright.png,train,9c2bf7ca740487a16ebbace3b9536244aea19d7c7c967d4e69407783bb81dad2,1
000630_clahe.png,train,10b8795677cbac79172886cac427b36e4d22abd2dce3f9ea6029d6417c3f5fa5,1
000630_fliph.png,train,893aef144959cd6e0661721e4ba7207796dfa87fcb5808e473df95b0551c1741,1
000630_rot90.png,train,8afa551a050cff4efa88ed810037c4b86015bb09cadce053ac9e801193d862d8,1
000631.png,train,2dc10865afea41de24cfdd519d8a626d5bc27f76e4e689dc9f80c5da3a39576e,3
000631_bright.png,train,1c8067031980e2dcf02f4167153ab28617cca4373d0bbd0d560ebec4a145965f,3
000631_clahe.png,train,83dd983aaf2b93d1a050732e3207fa46d8a11252b4717068bd9ebb07da5f382b,3
000631_fliph.png,train,3b4180f2a6ad5e59bb7ff8cca86d832c71171f8e1e228a5a44b0707a1140c21d,3
000631_rot90.png,train,e29c624720620318bd824712bfd19aaf38fb683e7726a90b1b433b41a997b4d5,3
000632.png,train,276649da01da285ac85471129cda9d445dad7e47dd7bb779c3c83783ddc77f5b,1
000632_bright.png,train,31cd73b980d03699b2202ead351e31f2c0ef8517f3fd492ea0d24a59534c42ba,1
000632_clahe.png,train,bdbbd5db82880e044c22386b4f84be98e018b0eeb2f5cbf822889487d993fad0,1
000632_fliph.png,train,98753fbf47a9f153e461e6ef4266b4273de19d1c18f7a1f81e946c9df2c7b8e2,1
000632_rot90.png,train,406920de13ca58d54cfa05e21d9403b5792e4e40da7672a89caf607d1deac3f2,1
000633.png,train,af18ef2f05d71a5a4883fe338d291a37a31cee35487d34e13920f5bcb3feb28f,1
000633_bright.png,train,0580ef63078e40c1203e4888049aaf5ac8c4a2d8de0c0c3ef80d457b01473ed0,1
000633_clahe.png,train,ece5d208af2317def1ebb086807ac2c8fb4db4ba44ba6c530d1e5776afcaa76e,1
000633_fliph.png,train,0c64f46ada8d178b93f7fd7ea64214e9645d5acb53442ff6e6f9717684a86763,1
000633_rot90.png,train,4592b11a4335b0d7b4910f706936f833b163b04b58c7bd7c9d9a43727c29bf1c,1
000634.png,train,1f98d510ee075e6f55452033f13e769e45249ebb36831c6b1985cf5e92967f48,1
000634_bright.png,train,5675230e5a4745e6365ad185c1e45e259b32861184331a9639236f961c4266fc,1
000634_clahe.png,train,72ae4d3d4e4f27d5052f8f35c9e86732b080bc294c1199ff052fee5eaf52299c,1
000634_fliph.png,train,793b5eca081eba77fcd60f0390b6b4ee2c224e2f3105cd631ff133c869424180,1
000634_rot90.png,train,84b73f49dcb4edff0828dfaff1f141cdbd3865540c37f571b8cd3effc661384c,1
000635.png,train,bcc6c58c3aa7559de9dddf66df7a8c34132470c8175f6e71b1de8a9d7c4440c1,3
000635_bright.png,train,c5702a983891e51efb5c9dde19851d5406a883f682ab399bafadb67a6cab9035,3
000635_clahe.png,train,62c3290619e97698a173ee84807431c6bfe08486d4a184fad38cb0e6d6356070,3
000635_fliph.png,train,1b10f8fea92b546698f23408ed5433fe7290f17192d0828f76ce8c7b8f65060d,3
000635_rot90.png,train,1920abbe7cf5d3ea95a3fecde87bb70afaff0ab4f76a76c73a929a03a575e84d,3
000636.png,train,b90fdd85f32db09b146604362709c9183e4af27885a9f4c3033fc3cb20428c54,2
000636_bright.png,train,2851b742445056de1fcf89e01f2b45ad10c271a3fe657f2256d4cca6642ee664,2
000636_clahe.png,train,1e97b38534c87fd6e7f6b55654a1d9817d02aafee29f50d58b2b4a0b230d93dd,2
000636_fliph.png,train,e1b8d64411b42609e80780c6eb68576375ca3e5acb167b13a9f4aa9a05e54f81,2
000636_rot90.png,train,227e908adc3751628862bcd4ca580455c192f97aceed57095914810f409ea1e7,2
000637.png,train,537204f0cc2deaf8759b2b6310f79c7341ccb91e697a93bcd3ebeb9f238f46c8,2
000637_bright.png,train,ecfb18ab06b12f13915721203279b3a8b3bf353216b9689746503ed878f8c8f9,2
000637_clahe.png,train,29f4ba332d817185cb2b641eb9413f6b46716a3d3fb9f358bf3b434547515f30,2
000637_fliph.png,train,60d057eb1d8effe71db9690ad09b389a39941c94a11e5967cca1684861442f11,2
000637_rot90.png,train,72af6cb05c087f783a15cb6d9543492f614837fe635afe5a447376ca8747af95,2
000638.png,train,84ff22bc16211fe3f5a3bae5b05e5f6eaae330c3bc1d13bc965801aca0dc8023,1
000638_bright.png,train,cf705833706c31f24dd648ca3dbcf879d69381cfdd21b3842e89b46c9f1d1467,1
000638_clahe.png,train,b3455ca6c70aee3d467a871d02ea22a2edda6d1b332f4421df5cce040f01e09f,1
000638_fliph.png,train,fba5a1fa457b69e73be79d493cc552af399a140dd2e39b9840d2248668b326f8,1
000638_rot90.png,train,6073aaf64709ddafad8feb161746b4490b2be9cdf701c97dd6d74c89c8889bf3,1
000639.png,train,9162a460f5afbbc5d6d672bd5968c28180603266a8fe360f6108808c5470a810,1
000639_bright.png,train,fa25c801748054c14165dcbafd987727a863d39a5418e47ef2c76d59b0a3a9ab,1
000639_clahe.png,train,72a40f0a3fffd2ab4a548c90ded3c1f35d3069a677647220f1f45fcbaab56409,1
000639_fliph.png,train,25b755259fabce2d5a6b73ca713158162abc2ee007cb32f31b6b06232d376f5b,1
000639_rot90.png,train,62682662f278c7b66c723970be7d384a30e22b43e3079045072e8fc19ec7312f,1
000640.png,train,77c3f2e7c45acbb876026992673feb28055a0c8024860809c5a6e673a3bf7c45,1
000640_bright.png,train,a842b0da582dbfed46e600086a5bddb0637f911a47c624a06b81e4839b3d3ff4,1
000640_clahe.png,train,9cd6feb6a4314e9362b893e3a1e85d29a09114342e1a419a29d66feb02791cb3,1
000640_fliph.png,train,edb6afd9182a25f045e3c2181ad702d362db3503a4b073dff61907ba8f75d88c,1
000640_rot90.png,train,b63666ae1ce93128b2ad799e464bcef4a23d926c14e597e3548edaff80fd9aed,1
000642.png,train,7dfcd7f4327ce663d47f4016d422b28ba36d11bb4a8f0b966a0a2d7ccd7386e0,1
000642_bright.png,train,dc25416d0d28406e0754b8d68510098ba5ef1ad3f405fe327b52e1a2974fa4c3,1
000642_clahe.png,train,61e95e8d06c68985c16ac1c13adaa644938f9550fa880dc718b2c364aa569848,1
000642_fliph.png,train,88bb5d66c96eb93a96f9236fc2ef00df10370c01c93e16098fc9580df20346a1,1
000642_rot90.png,train,2c1ed3e2e2e115902683ef0a9258c43ef1a8800fcd438d2a6f20ca3ebb80123e,1
000645.png,train,37085dc477d2b1c0b8a4214d6a4b6c7c524383406479a4ed589489f215a6cd36,1
000645_bright.png,train,3866a66f1d4f06d0130d4aa34ccc299384ba269df7caa6d929cfcc0595ca132c,1
000645_clahe.png,train,878de1ee85279b7cfd5962a22aa5dfe4133cfe6c8bd9115505aa7aac43a4affd,1
000645_fliph.png,train,db4c4d546ee7586e76bdddad3e85a70523afed8e111df2b979bf366e532b218e,1
000645_rot90.png,train,d4c72332a23fe409cd8f9c122c7d079096bcac0fcfa28388769d86a158b53250,1
000647.png,train,c25aaaf7c28f905cdeb91de8587ccbccd09b923007c45e29a270ad4584280955,1
000647_bright.png,train,ebfe8074e2719647242158af1a90b4083a0d2ceed87500b39ec1015c4bb2bd21,1
000647_clahe.png,train,a64f643bf558f2fdcaa7ef94f33df0b51ffcac9eb6422a1e656328e85c756a8a,1
000647_fliph.png,train,045e377e2d47e20d77c018bfcebf72dcb4af87bab15a994b1e8be4088fd8f316,1
000647_rot90.png,train,70af2bf6bd5e99839a9651fef1086d52c2ffb74c8f95167bb30450cfd4976766,1
000650.png,train,621d4a392dc0b13758fa6ffaced34972aecea43154070598c201be8abc2477fa,1
000650_bright.png,train,62db8c47fe8c719ff72490ab874b90c908cd08806726cd60bb7b35277cbbe44a,1
000650_clahe.png,train,3591181aff17d76d10a9b95f71feef926e243f27eb05bb85777b4084f96551ac,1
000650_fliph.png,train,38091e7eb6318e03504ba608b0e8514535c8545fa2d0bd735fa5f27069a404ab,1
000650_rot90.png,train,2e48151b40274a8afdb3c09a341478714c4e245fc0e178ec42efa6bd7f174168,1
000651.png,train,a5bccb12f27c78a14080711fb0a0bb924d7ea5cec9afcc62b1c9bd08eb249c20,2
000651_bright.png,train,c3d8874f91c88d06e667056af30a087292a35b1f4cd436daba050a045aaef51e,2
000651_clahe.png,train,a47e2d81b6884eeb87be831b7f4f9c8cbfdcd2b9b2b3dbfe1fcc6064b1ed3f90,2
000651_fliph.png,train,4ef67df02654b056ff38aed48bc2de02227533892fd4669c1bd4db7cce619936,2
000651_rot90.png,train,1253645f4773d4a3ac36ffeb9a5c80993eaa6be7aa808460843414bee4a6292f,2
000652.png,train,92749088a8c03dc47c52e3770c584bac89f24d4c3820993c0e8c1d40fc715080,1
000652_bright.png,train,33aa48903f988d6425153595d1dc9756a0f2eeda7126b4615fd82d76ddc258f3,1
000652_clahe.png,train,5257d013e1f80aa142dc6d97f7bc403340f5a454ab84b01a2f2779392f38b881,1
000652_fliph.png,train,bb9ad950438405e235cf855aa5a5938a68ded750fc602f93ad080a4fdf04ef61,1
000652_rot90.png,train,a962495a61751bc067884f397a508e9ade2e96691afc4262465480d86a152d4f,1
000653.png,train,9611cac5c6fed5b1ff80fbdf624f35459b8e9c11e6358070f57cc44c4bdaa9dd,1
000653_bright.png,train,19aaf3292643fb07b1d30e08a2d8496f7d3fe4c1cc33a64586527beeb99dba90,1
000653_clahe.png,train,c93ab96fa68335cf6f3dc2d74ea0ecbf48d3fd50c7754d9e40713cb9ef0bca45,1
000653_fliph.png,train,50dab68e9468e62f8aaacc0827089dba8456a478f8fcd13b00181cdf580ee6e6,1
000653_rot90.png,train,2986629e5fa210fa03d3eba104e24a3c27079a78ac6a6430e9f95e82e9bb19db,1
000654.png,train,a0f36385eaa345b9adc546853fc6e23981dc44fc0fd5018f7f49155ecf15e59e,1
000654_bright.png,train,73fa481aa23d0a1b894c34560bf7da1e893f6a5b28a73e553a152c7296c49752,1
000654_clahe.png,train,2f1484f754b35cf9068bfcd6ce29aeccc2a16f81319bad9ded11b11836a86c8d,1
000654_fliph.png,train,9bc47e84ca529f3b566eebd294b14b7f20b563a3d306cd6afbd3b76fd37ed780,1
000654_rot90.png,train,cb8115f687986f8fe89214a222b9baa8ca8d6612a9262bcd557b531b19abe2f6,1
000655.png,train,eccd3cc011d13f469dad824321d98d86bcba4e3e767b9016347c13ffe4a68548,1
000655_bright.png,train,6cf08462550710f0af60f7c4989c9439f5e63ff38cb2fd82254b10a297b1e25a,1
000655_clahe.png,train,a342600e80a7438f988e1588bea666ac3b637c276a093fdf4126165bf5270b78,1
000655_fliph.png,train,905050c3bbe8737bf3408ae79a2fe475b2542ceeea24a9765cd00337526c7a6f,1
000655_rot90.png,train,6d091880968659e9fd0fc9b936348b37c5360c824cf1e3e1340a2ad09ceeef0f,1
000656.png,train,635bb65f58c3d56aad440287084c8b5c4ebdcf5dfb1c1b3d0632148727b85e63,1
000656_bright.png,train,d7899163192355156c978a22a2efa625ee6fcb96214a6c6f7c54da881828e907,1
000656_clahe.png,train,85e4d27a0a93cfa95cbae9f0b0e5c7819782552366e621fd55e657f473b422cf,1
000656_fliph.png,train,c5259d0302ae2706b003ece733fd0349690f0dbfd73d799504961854b67ad26c,1
000656_rot90.png,train,0c0c75a4bfa0101b65bf0904a8c2b54c6d5bfa32e9ebdbbf8663eef8d56ec948,1
000657.png,train,2abaee05527b80d33a7bf1f1cc8e8c33ff3f4f4e85652492d38e5dd36a7d1c21,1
000657_bright.png,train,825749d2fb3ad236d2e1e72d011d5574ab824a32db8fd91968c4421effa82401,1
000657_clahe.png,train,b528b25d117e41c6ef2e6f1747f04f865df102b6c04f7eab51ba4796e99ceff3,1
000657_fliph.png,train,77e1ab20404da7aab036d047518c4a8abea441971e05fdfa3ceaf877e70e3807,1
000657_rot90.png,train,31221673fae71b92e8d253496b2b41ca197fe9dc1f28f84305e1b84ec55d59a6,1
000660.png,train,5d705add41abb1498c4087b5f91f48ec08632644a5d3b4a67d487b68d4c9961c,3
000660_bright.png,train,0d717a1d5631bbd9d1e28c70edf222b47889aaae2ebc92f35942dce4bfcaeb49,3
000660_clahe.png,train,dd1ad66dd9abba24415ee9dc74d515865a5bc6fd9f8f3c8e8cba2f67f4123523,3
000660_fliph.png,train,4182e0e6b2eb182f054e0fdf7ddebc177e085c5373b933e2e1f4a6726bca75be,3
000660_rot90.png,train,15a6181551d933dc0c57e8266b7e61cafab05b6d2c4a3bbb5f66006afa3e0bda,3
000661.png,train,39586285e52c021be00d1127a0fec4f7ce40a532f9242731227f1901fdeb8fc2,1
000661_bright.png,train,2d1dc5971728afa9e32098dfb75f55384af0dcf680f6edd9c7317a5b8136f23f,1
000661_clahe.png,train,4e1211dd9a8a3c50b88082a84ae0d1393ba411cd950c1ba805d44a077b2df15e,1
000661_fliph.png,train,50ad2a69a044cbef84dee9da5736ff0f90309b427e128a723c38e872f24fc010,1
000661_rot90.png,train,3842179cb11bf3f6785f12d5bde35a96ae3199df9eba850a5ce712f69abd0a1d,1
000662.png,train,163e88e257006165fd4f62f4d93fb469fd9327dee1bb1009e1e76564a9a9b6a1,1
000662_bright.png,train,2cfa921d377221409383a7d40450872ae6511324ff6e8ec373473348616b58c2,1
000662_clahe.png,train,426e027eedc803d09173964ff3e84ccfe42b123d01db7ec8d208f3bb9af0d940,1
000662_fliph.png,train,caa8785f769348c39d227f76c67fc5c33ef70fe57240bb814c8dc6a32aa74da2,1
000662_rot90.png,train,8dc657d84d656f97979bdfc05427c28b16d02002df46a8ca70e08e97a307dc52,1
000664.png,train,6ddc8713a8b796f25503162998f2b9aa1dbb239df61581e5b39c58856b5bca42,2
000664_bright.png,train,7e2131bbd9339a1f935ffcbc2f8e5ee04797f0905bdb0cd44a5b8db5c93e6bfc,2
000664_clahe.png,train,f3791a4439385717a36c282adf4131c149543f883e5bc1f2fa2f2c2329104bd9,2
000664_fliph.png,train,4775099896e281baaea2875959f1238df34710be15130b3f41c98821ab90706c,2
000664_rot90.png,train,35b5f18d384050c967608e72128623984c72b8b0d61bd850cb136a287194095f,2
000666.png,train,d380e8e5418ffa4ca4b78c963504f8ee5f12a2407f050a0c44d470e9d445023c,1
000666_bright.png,train,448fe9e899ee1759da40a8e9e43af1c9e3b04b424699c639374ba0d21a16ad6a,1
000666_clahe.png,train,fd48c3953cc822590526abcef3c2d1efee2d67803ed817f49b25ab88a7b59b1f,1
000666_fliph.png,train,a2592606256ac20f23dd4f6cf010ab3913e1ee058db07532c485c01ebea56344,1
000666_rot90.png,train,6b1a7e05e3de272101f311db4cf06a029178145a6b5ba0a6661d244059f4a395,1
000667.png,train,cf3a76cad519d50050891bcbfad4fbfe8aae67da672cf63ae2e38703524f6cdb,1
000667_bright.png,train,e31e692a44b1b812b3064fb006e838b8cb739817559a06f290d11ba24eda55cc,1
000667_clahe.png,train,9960e1e66f10927ebc454147a6e52a23d6abd87e956908c794b64191edf08a78,1
000667_fliph.png,train,3459b0ec123eb1072bdce24c9b2aa3726af099c7ca029ba134b01469a2f02a5f,1
000667_rot90.png,train,427b268831b73e43db44b3d77f53912e6e529990c60b71747d8026c82638f593,1
000668.png,train,808e5dddee9d62b8125ae982b41a451afc3e2e3c82f3b744e3d3b27a9c4f4dbe,1
000668_bright.png,train,a443bf2767e818e331cd2f2892ec4e677d70f21562a088fd33009062b0121cb1,1
000668_clahe.png,train,54d11fe3cc1192211be1e537797d0876279ca238e4ad606f3fc07359ab84cf17,1
000668_fliph.png,train,43e8b1af6a7670ccc4ec68a366df610391c58d080ebe18cad82405da3193f13b,1
000668_rot90.png,train,9860c8057fc4fa1a78fc5b7fdf73d5002c559d675cf1103e54a41f22b5be4ccd,1
000670.png,train,2372d03e0e0e71b18d9e3b41bf7c9657e086e6bf46e9d8d50a4b6303a1d2195b,1
000670_bright.png,train,f06fdccab5e1aabce0a429abe006ec886f74110a6334ca953b50b18b3b9d8fae,1
000670_clahe.png,train,1c1410183669098ea96b5315e7082e63f3d8da7ebaf4bb2f3ab58e0c65fd8686,1
000670_fliph.png,train,063c670c3dcbedbf983c2ce09ff21042a2a134d7af71fa33e2ffae88572bbc0b,1
000670_rot90.png,train,bcc3cb9acf539cc166658910d16cec5cd21f220908c5b5de1162b222e757006e,1
000671.png,train,79b1087e1bf41b091ef2c73a25cb3052e002383e2ba7e0d4cb2bec99b414375d,1
000671_bright.png,train,743aa4df98523074ad3ea5cbca513d192e933bafd010ec19d39e99980ae091de,1
000671_clahe.png,train,7b9541c400bf9d6faab9953d6824696e287757f7475285b23dfc86cc398740fe,1
000671_fliph.png,train,edc8cfce973c3f751d949bd12a0ede0309da9e335e721a571d62a7038716c3da,1
000671_rot90.png,train,6816f3e25920319c5bacdf7a97bd53d3c0cf72202bb2bcc060a3bee1025d4cba,1
000672.png,train,f03ff10fe08764081069b705f7705370d7d122374ff5c8b4f74383f35d0c3b90,1
000672_bright.png,train,ada5dfea38e133ddc23d70c2c9d6abaf62779a952e4c306eeaff1a60e7ccf476,1
000672_clahe.png,train,7a9ff482a852ac78cd65fd40118f3a82184a5ed844536390e03280cc58cfb976,1
000672_fliph.png,train,d6d2ba8e95a08e08a890b0a714e05e5f9c6b5f4b246ce2bd3ca82046c8ec4428,1
000672_rot90.png,train,1d00b9f7f8ae4f8bede56995d88ebf3c3b7e45a58f3cf4a5cab7d12395c22c65,1
000674.png,train,66dcd320050e48cabb35617c0cff0d3815839c464e197d42943508fbfd696e89,2
000674_bright.png,train,82fb54131eb022c81022f10b38b4a115a0a92fe0ebee9ded3fac21002c882eef,2
000674_clahe.png,train,86da827e5464e91dd0f62b1d1c457d997efba94d3a98819317cff08c65384cde,2
000674_fliph.png,train,5bebeda1114001808dcfabb05766e5ce2fea1f327d74acdc2a73b0d266f0e1a1,2
000674_rot90.png,train,968aa4810a9f793d559cef1cec8d471eeb0337c62f58448f1ee6a867e800fd56,2
000678.png,train,9598cd229740ff9cf60f55bd8a727604c9e2416639d60211fe80b4365636f311,1
000678_bright.png,train,4f725f799ac2a5226ff1226b0f5ca81e22b796a91df99bfb54e903ce642f310c,1
000678_clahe.png,train,e3192d93cb436f8b1406b1a70e7a27885a32320379a7eb19fb55abf1de054430,1
000678_fliph.png,train,968528969c5d5326825d4a17a958a2ba08ba4756c16257df6ac838989dab1050,1
000678_rot90.png,train,6cd1f35623401143bc398688144a38212671e7efa5ac97ebc56dfe86bb6ab463,1
000679.png,train,353c9e9b021c2170e5ab34b7ce3dc1b7914cd30fe1eacfdde73f84d0b5d49ce0,1
000679_bright.png,train,459a33622e746e4166c0f51b3ff9f206dfd8e10518aca84066d9ce66a82449db,1
000679_clahe.png,train,b5e6cd1117df3dd9a2a8ada6d9205e8eb13f80b93a414c638fd0856c0384a3dc,1
000679_fliph.png,train,0ab3ac937dfcd0a58b4bc4316c97ff736b4b2ee3351818c83f257de323852d47,1
000679_rot90.png,train,b94134e7f7b37e6881e446e178b9ab00b114ea5e9c94f11cd6b56d9b2fb86c40,1
000680.png,train,e4a84a4a31d1ca5b2df22f2e808a18085f0fcc03d5c3c97504397cd0a92d5fa7,2
000680_bright.png,train,fa042a49016dfc7163050a151857c947a67fb1d29b75024b85d5bf5ebdd8c0e3,2
000680_clahe.png,train,616fe8613688328d915139d89b81c3a158608c0f0c28c946ef3fdfa707facc81,2
000680_fliph.png,train,b0e21881de9b52bc0cd9638d5b1391ef58c0290e0be7bfba05266803d92d0a8f,2
000680_rot90.png,train,32b8685939c51581c7c80c8107f3e160f3aa380f0155daf3f035c65ee48a560a,2
000684.png,train,835aa3c68a6c080d7b2f2ec7219b4780aaef3f6bfb2e41ee11c23e55cb8e6a33,1
000684_bright.png,train,1214078020138de7807a4f578e6a57ac3ec4518a68c75f029c460d666a7a9d27,1
000684_clahe.png,train,7963897c9b4abcef24723a0a15988db8607e2facca779b572466492b5d071f34,1
000684_fliph.png,train,f4f344ac3fa4e9808b204621d6d9b0fbaca1dc08b102b66e0389dc6de600d58a,1
000684_rot90.png,train,70edfd227f20f4d28c6d970a88b28b9eb6d1e3c03ace252ccf23a7fe069cbcd4,1
000685.png,train,89d7a6ccc07bb9c8706cbaf14c2735c143b988fca11c955293e0ed1c3c4ed65d,2
000685_bright.png,train,30ea0f4577f6af4ad7b2a5ff96352009ea0175ad5ab4111f8b85e1154f585eb3,2
000685_clahe.png,train,200546f4157d41aeb20df2db88d90e697fbb7729ebec324a8449187d81c60e20,2
000685_fliph.png,train,c1be8d6cfd655afca21cb6137896f15d7340d858faa76d037cfa9fbe4353058e,2
000685_rot90.png,train,edcba37c3436cfd72da0e5ae5eb6019d3de2544e8dc0bbf41b237a2e7c4fd5f3,2
000688.png,train,ab96c98257fdcf2b82327bfa219cd1632be5758fc39f1eaeb495d1c5f6663108,1
000688_bright.png,train,34cea48abd726ec7c47ff749601a1a8e26cefb41a0d1e45e0da659cef3abad15,1
000688_clahe.png,train,2d8fe3770de43b2f592d9780db0663cd35902cfde38d868940dbaf851010fa88,1
000688_fliph.png,train,bcffd62aa021b68ab2bf9537952e3cacf4d9eb17f51b59f85db9ec6cc93113f4,1
000688_rot90.png,train,4fd393da053fb1e6e10bafdb26c4b3071ad9a1c5e7c14ceab290ba50037b4a7d,1
000689.png,train,f50d2992ccf43ae9483a30e7d226c1fac53c3c8b6ea6158af6c6220787f75329,2
000689_bright.png,train,ade78b8e02308293eadca9bc82a41e562b9b3260e98df32748b427e03c700a14,2
000689_clahe.png,train,8a64ceeba68be4223b429481a795f131bf61a3c3386e03c936bfef21909d2123,2
000689_fliph.png,train,36fba26977f19fd21793e96be3894b1ebdeb0dcaa02e6ae664e874a8e1e239c6,2
000689_rot90.png,train,5b04f9f18ea3a1a1b12128cbe2fbf7cc24f508d21979dc1ce2503d59bb00904a,2
000691.png,train,cc21372ae3e78011cf8238ae59d17884789f23075dbeb054da128a72ec90353c,1
000691_bright.png,train,fc9a8eb030b474c399a0ab6a9bed4936b64695dfb7b44a2cec5f26c0b7c0204c,1
000691_clahe.png,train,4e55dddd230a41c7c51b44b898cf118c3fbea03d859eb9f9fa2f039093747486,1
000691_fliph.png,train,be33ecdfa17424a72a8ffea5e8b527ba117b92ff4d75e4998dbdc6853bc997bf,1
000691_rot90.png,train,685c595edf51779a089035a7ca51902a1d0327ae552a6365ab13da4ef753f309,1
000694.png,train,c99597318868dcbfd11ac8c3498a82b9c676c38c6c450027f45ea3957fa9d068,1
000694_bright.png,train,cc8612e44a23fb9e72d6556a1737fe9d875ab136c65230a921c326c60a8c1d27,1
000694_clahe.png,train,3f506dd517c837bf42975dc1b32ec80cf50dad8db840ae77d2ef3d655091ba8b,1
000694_fliph.png,train,fb28d52fa65af5a76d39bbbea5d4f71aaed95cc8bb8c3affd8c1d312586206fc,1
000694_rot90.png,train,6cd01ad611d7c402ec3f22b21d5b285c709bba774138d059dae83fef5a99a7c7,1
000695.png,train,457474734b52622887a5515f658314e0aa27e54e5a9f2f9d104a01c5422ce1f5,2
000695_bright.png,train,7fad8e94340b5d5430102b63ce9cfa4c566272117e5eb85c3833610c176f370f,2
000695_clahe.png,train,70ef7a5359164db895a277b0d2e5d832a874cb2ffb15e7d3403fec6e6fab19c6,2
000695_fliph.png,train,513bd265ba953abb040800933d8ed244f992a2a11c0d12dd437f2b92bc5a2bc8,2
000695_rot90.png,train,fc182c4bf88b2adc4584ecda93b90671cc6ae879e7693a726f883651185870bb,2
000696.png,train,0d554ca2cc0e35ca029db405cde941cf8a1880a381f0143e5d2521e00b73cfe5,1
000696_bright.png,train,85d659a270554323e4badf2ff9be1cd844b4a301405b7a24b344bc6f7f175011,1
000696_clahe.png,train,022e5484395fce50de778bc59f7970dc805dba585fa0dd0de138e1ac497f1ead,1
000696_fliph.png,train,1b04a6c2ff72511127dd09465da4a59f661be887915a4e4413edcb05a2e3e262,1
000696_rot90.png,train,7de55d123a472f85842f03ed1e81c38cffce3a34716c7579d0562c6a7d9cf592,1
000697.png,train,2244446adcd7526661e5c5dd0d60af81ccbade6fe1bd6b015e7c7a2d0882cd70,1
000697_bright.png,train,f52d815039b88bae8c488eadb701cabde1bd28af26d1ca95d67003cabc55e6af,1
000697_clahe.png,train,6ddf3eb4bc9d3ba26d9f4ea27ac275dedd16efc54b779eb0449773ced96597bc,1
000697_fliph.png,train,10e9d73b89320c09cab67ae295e8cbfb3b76bee4efd4eb2c22c246ad4f013d4b,1
000697_rot90.png,train,f339ba32943d9c0f315acbb6dadfa5052bd6ec5d469eb7ebbb183a2c02bee24e,1
000698.png,train,9c2cd58cf295e505aadf713ad14fcadecefecc9709aaac0af2a809ba3dc966cc,3
000698_bright.png,train,9a94a94f1c4f940456a3be706a7b60c05461b0cc2e7d974f63c212a16d08e956,3
000698_clahe.png,train,57fba4c927f950969c988290dc1b13065c408fc22883376778fb540b4997bf4c,3
000698_fliph.png,train,dc7cc2cbf22ebc53d63e35f95da044728f6913539e22d8b96671a98f4e26499b,3
000698_rot90.png,train,06533ab4accb7010bd2c657307efe1172c2b6d3ab2b0f5ac7d0cbc4c1be7fb08,3
000699.png,train,f19464e84fefb29770c6dc93c84bc52da183300e18df85865ffa556d4b20bc07,2
000699_bright.png,train,7a0cdb6657131bfbca2a208f60c41b7c3f02ccaf53d2481462725a0ddfa553db,2
000699_clahe.png,train,820d7c0775fe72ad72da5cceb1c5510feac58014ca58135a811ab1c5017d5379,2
000699_fliph.png,train,39cc259e165a78945b1ababb5af7ef343c3ca972bc25222f12d07616914bf653,2
000699_rot90.png,train,f045ec61941083e0d9bfe33e717e2df4d568c9bed480e387b25256ebac35af85,2
000700.png,train,b6c8094cab69853d9eca4af5c19a3b4ad9218fea4669cd4de43bbda0034e0294,2
000700_bright.png,train,b46ffe6c40a0c332a57acdd96ee81ad73006b5b1728f8bf7d13847a3468e3de5,2
000700_clahe.png,train,e58e0af4062eba3d61d8219d2613f154b0b9c0576b6454f63f1f03be3955d176,2
000700_fliph.png,train,b78cac915e188f7bf65bf6b293b30573584706fb38526932d964e81dd7c42fd7,2
000700_rot90.png,train,7b7beaac074091495394eb1e3dab3e1bcba1d8ea3b4e67617506a077304b7eb9,2
000702.png,train,6e4a9c71de38a166c1ebd195ce0d18ba8431178424a4b82e2629791fd836c2b3,1
000702_bright.png,train,09d324aff82ff1514c561dc307d9fd689369bdfe15a5260a89d485c7355b01a3,1
000702_clahe.png,train,e38e220c0e36ec497103c2e82955c757fc8098bb4a2d3eeb15602f94804ce2ab,1
000702_fliph.png,train,c03dc70d33d01eafd286a4edd3c01bde098886e23384006bb3bc3cdedc3e09f2,1
000702_rot90.png,train,082343a0c1b03c3d685e429642a61fb8429898a28254c42e2d164cadcea7537e,1
000703.png,train,6dcf92721181dad430b6cee42e3a828157c1177aa274c4e333db61a9f2e04860,1
000703_bright.png,train,25078d83487c163540f9f20b2a3c8ed42e40988d1d53899e5ce13b6a9ca778bf,1
000703_clahe.png,train,3decb9e2b75d7e3399adcee8d804da14869b4b899d7a5238993e394eee707208,1
000703_fliph.png,train,c7aefeaa59866ed927d36a73f02e0fb1861f25cd1b759ad87862701f285a4e93,1
000703_rot90.png,train,2a562c69e4ad81497797d6f326ba3f6e86f562fa7f144c43843584fa2e1a8071,1
000704.png,train,97bd4e871e1449c9b793ea98e0c1bed74e000c8e5e6cc9a1e081d53327e325e8,2
000704_bright.png,train,c92fdaa3532759939e37d4245a21d921bb7f8ded4950ff59668c04f5b6a67ef4,2
000704_clahe.png,train,3ecc728735ba7876004ef1321865f77a4cbed42b118e7fd1df76a5a450e3b09e,2
000704_fliph.png,train,c430f8b4f3a701b543c793ceb3813368311212a1e666e6007799388c4a9462ab,2
000704_rot90.png,train,2366cc3f46d4f921385836eaff46328739a71833122c606c774d7600f8f4319e,2
000706.png,train,3415950f8266f3332ac0cca1407978972d9f2a938ad89851ae3575491ffa079f,1
000706_bright.png,train,dd3d84203fa5c22551b282d59c2d0ead9dae58974aa3d1492bda6a8b8ca0e0ae,1
000706_clahe.png,train,d09f9098a01f911257b11a00eb434f5f6edc6ea63b6cc1d656fa3878db1eb37a,1
000706_fliph.png,train,e401dd0b7549e54c4e975a9377aaabf9145a05260e594ff368086e6709dbb2fd,1
000706_rot90.png,train,69c78b5fe94695fe31c17b34b11ad3e186513d6b8580e49f846bdccc682cc7d8,1
000708.png,train,609c4be37b70cf2d2c5eb71637305ce6f8bb2e08ebae4f07a68b464515d97404,1
000708_bright.png,train,006c9a7ddc7c41535658e458b15db57247b32f1497cff26e92155b9bb0a996a4,1
000708_clahe.png,train,766f37c557f858a4898ef00e81fd41333a105d12d7a7ff76d0a6d3e6b564f03e,1
000708_fliph.png,train,ed8587a442fae1d4a56e3411980fd3cf3ea013d9d8edf9b55a1081176bc385b4,1
000708_rot90.png,train,a6dc5774e7ce0f93e7be57a5f12fee04e234277c6d0dad5fd8c2aa6cecf08cb7,1
000710.png,train,3bf3f0e8c5bc0a711e5cc6f2336c231f667f76c50b3df0709b3bf5f118431cad,2
000710_bright.png,train,d70104e426c6e566e722ff764cb6f27dca3bee942403230457090bd00d15df86,2
000710_clahe.png,train,2675744e8d909094d7d8e8d29d5a8cddbc2d287bd0ed0c0bdb65f4fb9d7c4c43,2
000710_fliph.png,train,872c1fc76df06239a99b236305a05d9533e432e2f82d8ac978be0c66c462ef21,2
000710_rot90.png,train,41eba97072b4496048fa26338851a33c925afc26fcc1ead74afdf262a020ad76,2
000711.png,train,a3b342f379f65262e16184c7161ea06563dc952b7f5d6824cc1e0e970ff918e8,3
000711_bright.png,train,9fe88d16473367fa78cfd4f7b9676632c8cb6682f1761563ffa48664acf57ce5,3
000711_clahe.png,train,3528c4bd2633f676a1884e278fab6b67b4ba9093cdf62a617fa1af01b79077ce,3
000711_fliph.png,train,5dd7fa5fea6c1f08047243aab6ec80ec2555089280e9acf2c0cb4d2a328b5465,3
000711_rot90.png,train,a646da74bfdb3e50e272aa1fda6f536616cc99a3687c1b387a5d8d63135f11e8,3
000712.png,train,ca4ce9ca22886e676437d43ac1e2edfc764c8014b8e3803b061c257a35ea8d10,2
000712_bright.png,train,4f38b5e815aa2ba67178e0f7cd0d9cc072c0c7dbe1f001ff05189cd9bda0ba5a,2
000712_clahe.png,train,46454cd21c79f20255b405734778a5f6c6054d1bfc59af6d29f4ee06a37e1f4e,2
000712_fliph.png,train,0d376a74cd5e07ae3dff8cff578bf8966ce18c7373ab8edc6915ea193d3f94c5,2
000712_rot90.png,train,3a952d115fa15e8ce9318c370b98ebcce1e2edc2311d4e24d19a8531e0da0b2e,2
000713.png,train,91b6e706d053cbedd024b6601e0241a67a083feaecbb7e0ae4b545a828eaed3e,1
000713_bright.png,train,da836cd1c4b3c590fd43234938e4b3d931b5b828654e24abf571286e6e106b55,1
000713_clahe.png,train,17d182bd55d9f44ae7c7d844a15c24f19a3471271eada1dd1b8c3167230e597f,1
000713_fliph.png,train,d3f44030ea592812448bf8d13fa38e774de86faa5580d3d0ae7d089f5777aaac,1
000713_rot90.png,train,efceaaa6a0ca5f8d0c18d3af0547a7cc322e8ee62d9d5b19a7ee6d4976db86da,1
000715.png,train,201a6b4ae607f03e2499682d74636d1db0eadac6e5abf9e87d79f03c24298b79,1
000715_bright.png,train,3197271a08dc6b475a9d22038d2fcb55bb019f2d4be97080f20c9a1c51cf6024,1
000715_clahe.png,train,e04b45776cc1e83046119cfacf81a51b063d106a3c468f077ca9b26cc331c14f,1
000715_fliph.png,train,4b3cecd7523926fa683207887b90ba881b27e53d6fe1a5df04888fd8c746a0f1,1
000715_rot90.png,train,1abad9270f5dc4c123bb029e858eb3d1e8c296376832b45ff1366047f204fe7a,1
000716.png,train,2a9e3287ee199e8528f1081599cf607e6e639ea8b3f1f21775261abc7be85a27,1
000716_bright.png,train,8c4f340af3f878acda4b96def98c2b555a541eb4480172dd389ffcb156041af8,1
000716_clahe.png,train,c96fdc6d3682b448ac2e0a9acbad298518e66d2acd38e7ac228e75c38a86e0d4,1
000716_fliph.png,train,1f4fa0d6b321d3d4b112bbea503622bd2f60766d08e46c02a5cd69dda50e9100,1
000716_rot90.png,train,ca5c58faae9741810b0dae721dbf2f7dc2c9789de178e4b7b8616ca544b9e2df,1
000718.png,train,c5de526fb22eb38ba699fcaa9feb46efdf8036eceed2aa49687335d35c60edfb,2
000718_bright.png,train,a07d340921b23d16cd8f51ef174a6d4d564ea525d6cb44765258f54780c768d4,2
000718_clahe.png,train,db357e91eee261f2e4538414e5f6f716005708a090e71f3b6c423f5b7353e5a9,2
000718_fliph.png,train,f65abb0fef16b9c3e9a2c2bef7820a450839b9a0975d53f57e6eafd72c824bc3,2
000718_rot90.png,train,e73e7bed4ae9accebc24e47a91df1f4ab0c8b74f44cd16ddb9d36dc5c69e8fce,2
000719.png,train,52d9845202d25b00fa43f4db56e93de0888358065fd9cd603d53587a70ae7f26,4
000719_bright.png,train,3d3e10555d8564ef3f3bf919d24888be1ac25fb6332dcc19108997dda7f17811,4
000719_clahe.png,train,492e670954148ca14adf5e0f481a9bb2dadb8ad567ecfaaa7cd38ccc0426b09a,4
000719_fliph.png,train,f37224e41b0c58ca2f8d9abebe66cb546784d1a172c588141f185c3c79eb466d,4
000719_rot90.png,train,5b4a08f85ffb4174fa081c4e28eb474ea4e7850e865534606d1692e3136d0510,4
000723.png,train,c80b3370e56ad4ed7417f7217a42cb69c88a0a5d0766d889825c04693cf5aa1e,1
000723_bright.png,train,a0278703190c51112ee97a098d25b623068588a3f837129fedefb2c663b107c9,1
000723_clahe.png,train,25b5d61d6a816ce9df1598cd969bfe641a6da6351eb6fd6d12b095d72b7b7e08,1
000723_fliph.png,train,41a97fe93c7574832918b9fa485df4256c7129dbcf95395e39b2b98b352bd067,1
000723_rot90.png,train,a277f03e10d3841e1b077ae6b8430ceeb177d248338f729f1f42e3cb6b24413f,1
000726.png,train,9f041590294ae73a4fab052ae3b31572bad6e9ca2986a04de91cdf7b56413d1a,1
000726_bright.png,train,5ff48fa5b7870ea6989c578009b38bf21da2e1d9b5e1558b583c87827d74b5a1,1
000726_clahe.png,train,65c871fe4e2c5bed11694f8caaecd882e96da44933bdc41dce06a1c9e7f591b5,1
000726_fliph.png,train,59abb7622128372c50e4eeb7efad6215370343853bbcdfa1d5640d7217d03447,1
000726_rot90.png,train,96a9be87c8f9e60ad45de7bb6f900399eb52431ad4459384a62d7455e4d64033,1
000727.png,train,c44a01dea93153112897b42823ff90991f8b577b6cae8e5c86b56b5412b4ea76,1
000727_bright.png,train,ae96b25c47e776082186804f3be0f9e98a9573624c76b4dd8d64c0824ede1ac9,1
000727_clahe.png,train,93952d94869022d553b3f44b3b88b63a84aaa864d6ff2eeeb0ced8dbf6e676f4,1
000727_fliph.png,train,fa932b640ece95733d41d37bf3b6ac0a561412c4c965f0001b0517d25fcc456a,1
000727_rot90.png,train,832356517d163bc03cb30399cdc8631a677220fdd5ccc66977644cc8ff54b65c,1
000729.png,train,96c9c82c03e03cad2c43b320bfc5af0d28a35758464c579736486f00080d5994,3
000729_bright.png,train,a4fbf86821acdc391c5505d6323a31f88d277fd5b6ff261a45541a761698d8ef,3
000729_clahe.png,train,b05ee08668cf33eb2c5fb2a4e38c5b54f9716cec6f44aef76c12cae1e609d9a0,3
000729_fliph.png,train,5d672aa10dd870861b38c905ecf8455c26f5b9ce99fdc72964c975ea4b7669bd,3
000729_rot90.png,train,3522ad2d3f8a96c3dcc7be0f94c96b443474c6934ba3f4b1b9ba878eb1cfc9fb,3
000730.png,train,7d1fa7853dcf87c5c624004eedd06fc373862f842016b2073f5db3bb3366ef14,2
000730_bright.png,train,53785842437d331ea0e372c715a2a7d3fa0afcc57c3d9a501b675b76b0930f06,2
000730_clahe.png,train,92646d8f3d6177bed0af9c9d914055050c019bfae9ed2de5eef786d995376228,2
000730_fliph.png,train,722d56b375861c0388d7796f04a0e8777af61e89effb84b4e9e74331b05e79a0,2
000730_rot90.png,train,aed76fb8b3019b019d8b1c05886b187de5a17fe5ed15d9e380ab0dd3f32975f4,2
000731.png,train,ce0c90fb14711f2e6deac7dba990e5cabc375a2158a50e76fd3013953540defb,2
000731_bright.png,train,be3112a312b766536ed8e1574e0ee3ce1a41703e582ceeeb33f8c0d5b49e1ed2,2
000731_clahe.png,train,bd97b526c5666c2569b567b5c1774eeb1bc8bbda86cc06f13eff3239eb727179,2
000731_fliph.png,train,72b3f1279b5b2f15d52af55be16da383888e2766c40b9376d60fbfd41406278f,2
000731_rot90.png,train,fd2cda454aa98b3b0e0c4779ce2446bd91b7abd67a16ad04af7dcd87fa9d3b11,2
000735.png,train,035a10e25569b5155b2cd94f7e399c6b17af692f19335460ce166c014cd9e0e8,3
000735_bright.png,train,130c6c3e6ed4069ed0298ddff92d02965687a2c5041175bb0daf5f7a0430b57d,3
000735_clahe.png,train,be953a9576511a771cdf382eb5aea1af065e89e25260542baca1e68a15ed6cd0,3
000735_fliph.png,train,e0f1a0b6d9243487671012588fd679490ad8b61b0f4c227b1ed631ac49c43edf,3
000735_rot90.png,train,89a3cb4430f823e50a5abeb7decdae8d361511d73e56277e5ea2f5dc49ca9212,3
000736.png,train,808ed4929f22343821b730a50db9f8d69a91471a539f4f01659775d5cfa401c1,1
000736_bright.png,train,aea75e64f6110552aaf5a90e50858b1de3ba2af0806b4d8a2096b092ef829d44,1
000736_clahe.png,train,e40894021c06ddf3d8a313fb893157e8fe15c3f29095302702a3f790033739df,1
000736_fliph.png,train,12e4de325125b032fcdff6b7f0029b278276097815c667cdbece6db0ab5a949a,1
000736_rot90.png,train,5c922528bc6fc1e2235a5937ababd73e7e7a66d93f9b5b682a45aa00835a6ac7,1
000738.png,train,e06e016bd689e1293ce535c4eeba602216dcb805a2160e18677857af54f0d312,1
000738_bright.png,train,46edba52022e1afdfcc7b0baab01dda9c6411b53f4af85cd5a15d5ad09507a09,1
000738_clahe.png,train,6655ceec68bccd8ed4e38b22585ccf35d5227451bf3f6fdb6644b50f9fdaf2ce,1
000738_fliph.png,train,3f584daf3c44d8178eb2f2001b20413d81f14545d861552122f85000e302100d,1
000738_rot90.png,train,0f30ffad2877e78cc87eb5abbb46d72fb7399fa7d33a7c1f18bd593bd5f351a9,1
000739.png,train,c04f2027428ae5fc658d5f2ceb54ebe322282d9e2d0a04a986ad81a92149d1c7,2
000739_bright.png,train,d5e66f7cbe0739ba1508cbda945d20bab5da73f96f8a925298b34d605ab4b820,2
000739_clahe.png,train,db6d5a39587dba4e5082e42b705e2d2bc6a99b683e5b66cea95500397e474115,2
000739_fliph.png,train,a87e11a10f0e004189a785b9cbcb1babe421ac05247373652d7526410c5ca7a4,2
000739_rot90.png,train,61a46d812618b059bd904fc213217e7d569f09d86a6acf92a67b577b5ba74fa2,2
000744.png,train,6748627ebb05d31403253aca766a046150c2a4677076f8f1b19289c841e3e69c,2
000744_bright.png,train,68b7eb6004881d67b0a7ab3bbcd3c88594aa9b9f15fc59114220b515e677f183,2
000744_clahe.png,train,52b4ea3d64414e5fbbceae90c9206eee9af8d0ae940be4d7cb8d7bfdfab56018,2
000744_fliph.png,train,9afae722f790f56dfef979fd1b2cf4ac57d658457c85af51696d6a665983f02b,2
000744_rot90.png,train,cc4f531876d3b9a1f081f796dc47cc4affedb17ce2735989eb89b1ced485036f,2
000745.png,train,7987549ae4a8d1892c94543e2f09169db2f31a299ee6b38c7bf2dae157424ec1,2
000745_bright.png,train,eaaaedf0dc59d061539aa6b3b89a9a8d2944cf41ee42939dc45b28ca865047ba,2
000745_clahe.png,train,b8d69713251c84fd8b94df2475c762745f2de7df9a1641ad4755d8c09463eca9,2
000745_fliph.png,train,861d0cb62e6f9d5ef5f5086307370075fb51c3c66b51d73eb8f5e2f7c2c1d91c,2
000745_rot90.png,train,5f0194895fec386e4b38eb9174da1bb70a7c782ca93ae4a3774ae981f1128c8b,2
000746.png,train,17a874b7a2a55d626ee85a54086236c18dd9157671ddf23ff7a351f9d8b0284d,2
000746_bright.png,train,3a9dec98d295b93b2c3639fd7e96d082eaa9ba62d4631d1c97633f307e9289e6,2
000746_clahe.png,train,f147b196653d2db5477638fbb9aba63c58abaa4a77e1fedd5fd263ffb1c6f5be,2
000746_fliph.png,train,d4322d8d031474cd4e4575ac50d81e16abeea55327d5d86f9089c226e018ccf9,2
000746_rot90.png,train,e8b6467f34ca107afefdd2ae87cf97243e8e7c60c3e7d4dbbbca70bf1ed3484e,2
000747.png,train,4890d624a6c4b1336a2928c1756390923a34e9c2185d17878b0a3f250dcd089d,1
000747_bright.png,train,b89c44c1b29a7b460b049a3a4902f03214b18f3e2fda217f6056ee24965d3afb,1
000747_clahe.png,train,a3f9ea1a308ccd46bf880d42ff4fcddafd1411e0fc778f9b6ee58fa47bc18dd9,1
000747_fliph.png,train,5a753efb013504e3a46b103b9fec4efeb148b4b6fa9eac387cf15e23c29eb0a0,1
000747_rot90.png,train,2a6eeb81374988ba3c81d4ff14918034c35bb50efc4436fe0f2d14e509e90bb2,1
000751.png,train,76af2f10d0e96a51f7e18fbab8acb4f68fec04b0b5c1fbf24fb25c5169150774,1
000751_bright.png,train,16d3c8d8adeee568619c7e3c8bdcee60f297dd78e29bac10f3edae4e25ab459c,1
000751_clahe.png,train,d0474be61746c00c351e87026387a6642d013d380de842c2ab8c3d8086b6be2e,1
000751_fliph.png,train,69d9e5845c39166f2ac43c0b1b1564393a021703270598be35dc8616fdf8b2c0,1
000751_rot90.png,train,c1ea096f4486538833282e32a2ee23377a85b10b04d29b4e47e79309d650de6c,1
000752.png,train,6b530fcfb30c1c4de345e8e3fb4df5f88cba855f2b049d8b47641452532a7467,1
000752_bright.png,train,96a1e8539eaf4b55c19a674b47e8e6f4b5cb1a7ee108d70032f855e23c66c9fa,1
000752_clahe.png,train,e9a5e14cff5e8a713de6e37fea33181c3fb7c6d33a999e8735ee326a88409a92,1
000752_fliph.png,train,cdbf6b544c0f4acc48518a92b857e948207c643ef63ec2aad6dd985bf06c5587,1
000752_rot90.png,train,8db717275fb7c8e52625dfc569f767ea3139de206ca7ec48f0ca1d07f932173b,1
000754.png,train,a629b163143752c8691fc5bccf1e9616b5e68c400a5da60bc53ed4b407ace90e,1
000754_bright.png,train,2ea73ea43a8af73a6fd6e63fe768a12ae7af9b3e6d4c7877abe384418061aa2e,1
000754_clahe.png,train,02785d29acde9cde4a8353cb570c5d0633e1d1a5752f068f200a7c707b9f3179,1
000754_fliph.png,train,4b6cc390bbe2e0ab515cc5a74e7ce83acac9c95a6d3eb4fffdf7da30d4396282,1
000754_rot90.png,train,d1d50f7ad6543995ad3964f94dde930ce1fbd1ca2f564874420ec5b1ad76a201,1
000757.png,train,fc91dd7b2e172d3a87fcf0edfa43650e85abc4b116a327f22cdb5c37cb8416bf,1
000757_bright.png,train,2617dc7a1dc7d4362be78a8d038dd6d8727197ffe8ab2f094f459f0a13c0fcc2,1
000757_clahe.png,train,bc1e2b6f034c32a2581eacd2403fe81a3815aa4ddf7fec9aa9b3beb54d2a5e99,1
000757_fliph.png,train,7ef5eba7d78d583e326364f63b0c8f272ec46505b66fa99373d5eb984ff6c428,1
000757_rot90.png,train,04a79f3d811a7a0029e1013a1d6c33a5b6795dc38718b6c1752b36478f6ffa87,1
000759.png,train,d7c2fbf38dab0b2d451936bc8df4d282ef5c3faefca1acc1a4bb32140dec9b2e,2
000759_bright.png,train,ad261bd7a9133870dfaf7bbea7bce5abed8abde280f5c74fc1b984000fa251fc,2
000759_clahe.png,train,0a166ff67543eb5f6c06e69271e9387104ecf70e2ab6f863b56b6e908e363a31,2
000759_fliph.png,train,93c63f23d3fa700b32ef15d0cd4f72cf94db8b373f9e759c41ae1cf687c5d3d1,2
000759_rot90.png,train,7b6cac29b2b8567d772515df9dc572aa0e20afca8c31ca806ce7e634fb316b7e,2
000760.png,train,43cab26e02d5abbc54b0c7cf5768091aa2ae869d9c87b45089060bbabeab1382,1
000760_bright.png,train,bf2608b974ba961b7f9d9528d264a4e6aa47b0ba198f131fb6519b0602e07ec4,1
000760_clahe.png,train,a3d29e1ffd82c973b3c77f22ecbe23cae7af2a0bb2881173623e02475a4fcd40,1
000760_fliph.png,train,c179f377b1d099e967794ea63c42424f037e5a52c92911523094abeec3a3bce7,1
000760_rot90.png,train,2c8dc7b715cd1d92cdea960bc144d880b08f7e874755d39ffc7c9fa93769925a,1
000761.png,train,277e3d09c0b7cd67d8017cd4b3314253afe9f80b026286941fd7da664ad817eb,1
000761_bright.png,train,950afa3766d46e5163a6edd33fa46492b4d6d3d51741151e1496e1fa0db0733b,1
000761_clahe.png,train,015aeb7cae8e2f4b4afb945a061e58bb0af4b3a31d94f3b10cdf3f07c54090ca,1
000761_fliph.png,train,b7097aa87d6a23a076cd01b4070397fe6dd29b8471b7b87d5c32c20300586466,1
000761_rot90.png,train,8be35d74ede92c8e0940d15f25225b3e06e0f6e7d7864b861def31e94a070244,1
000763.png,train,840b30702bc8185612d1dd75a48e322129713c35cb55849b171805e85cd758c1,6
000763_bright.png,train,13a68d1eb4c00df2a5ed4f27c53b9650c6d9989195502222f52f444e3ddd44ee,6
000763_clahe.png,train,1545672708d12062200ef0dbc1135c5735aa12ea761ea465799d33e610890e91,6
000763_fliph.png,train,200ddaf9f8cb30f808e6a811797c7b89b20a2ed0b10791a930d0e19e43527460,6
000763_rot90.png,train,bbe3090d23d33a17552c8955d4a0f7874d0b7fa78ba4bcc9f0127ee4355ac843,6
000764.png,train,695c9e0ae1c1dceb968772993cf329d519a5b94698fb12ee684a0e3502094da1,1
000764_bright.png,train,930e29e3549b1a0c6c7d5bea9ebd1cd34a2f27623f1f86e2b8248e4e84256959,1
000764_clahe.png,train,4881977c8ca4abee43cc0c7b0422fef05ea3ed5dd9431e5d897c8d403273e98d,1
000764_fliph.png,train,87353ec003d407306bc98fedf9fabfabf66bd1e870bf726072ce8e72df85f524,1
000764_rot90.png,train,20660fbd0c8ece646dbb592ec02dd91051ad2ae4fd48729ed1f5fb405f2d3436,1
000765.png,train,56fcfb4bda560a26cfac5a7c375d93d84642b29730810666ee47001bca4666c4,1
000765_bright.png,train,6fd9ddfae53c3a42f9ff35ce81b442de2e5267f854a7eac6664caa961452d5a1,1
000765_clahe.png,train,a9f328924e45dd5af4f565cc7af0d544a469b33cda29269b4c55909caa074dc0,1
000765_fliph.png,train,95c8c19a61109697bdccfa8c32bc99b35617ade8b3b96a0bc10d99c4cc0883c4,1
000765_rot90.png,train,aacdcee927cd21442ad8fa87226f184b517248b9ef5b4c7a0517a76e3ee60efe,1
000766.png,train,326f9b0c96fdc88ad5bcb10098033efd0301ce749b7df64df75609dcbd9b4f09,3
000766_bright.png,train,c5cdfc997762409cf643defc0c2c73982297b635032fd106c10ad515b9bf3257,3
000766_clahe.png,train,7e28c00f9aa0799019ac1593c4779dccb79b658da3f4c76c389f45d37dc082cf,3
000766_fliph.png,train,3232fb27c164bd8cf79795ad67047b93e8bf462f4915b26d2a02dea3f075e537,3
000766_rot90.png,train,7fc79f38be9530388903ccbde5de0ee17bc1174f590211150da6122df618f506,3
000771.png,train,c5de13c14d6bef6178018c20ede4fdfe7b7955dba7c1dadfa1cac632702cc024,1
000771_bright.png,train,5d262cf48b00d9870c2765ec55fd91080fa91c0fad045946dd8fb6dcf969a5e6,1
000771_clahe.png,train,4c302d1fc26869f626d9df888ffc2172438d13aafbff3ebcfa4990dd5244ef30,1
000771_fliph.png,train,9238309258aa5775b5f581a01ab62060cfe0961a97be7ceb800a34e427d45bb4,1
000771_rot90.png,train,d1626a0ff07dc705cb904d225f99cb7aa89decbeee1966b390ca235e4352b931,1
000773.png,train,213654067613a051dc6c4649d27700dd16a9d779f006204113e59f5ce0f3cb7d,4
000773_bright.png,train,838d85c414b79eedb7148b226f2618f7c0eb537b873f354e7bbdfb0f76fdcef0,4
000773_clahe.png,train,527266418524beb4aeeb58f52402fb04c33e45a8d81035f4aae3e4c9d2a82aad,4
000773_fliph.png,train,480749122967ed31ad520f2215d60a453009c143ebf925744464c6be82275d2a,4
000773_rot90.png,train,1d58d239bf31a2d84acd70bc1472d596f5e59d6b0ea855304ec0e7a0406b5862,4
000776.png,train,d050088505d0715eae8b0c2c52d448915aae94ff501756a9828703b04d4d5456,1
000776_bright.png,train,f52efcd11bf41c0d950be2ae94427979f02b1c9a73b4f4759e298d22626b1398,1
000776_clahe.png,train,27f3daa96ab4e8b23fdb9175d92de25ec73a4ef64b71a302acc8223edca63a48,1
000776_fliph.png,train,2f009c66c291c22bf9939d57ebbfdb5e1a17465949a671aa5575a2b285e010ad,1
000776_rot90.png,train,011b3ae29e1af34afeea81ff824a7d29f9e9642b4dc9f5ad3b83395d07b262bc,1
000777.png,train,24c9289eeb9f3d30060c67a5b7fd40e50ea34266331074633963be9d6053650f,1
000777_bright.png,train,82a1e34f2aacd7dd15c7972953ecde8e1db54e3871a54482cdea579812557c52,1
000777_clahe.png,train,fd4c0ab587aac23c4e54b07225488c5556a63bdc42a13b77d73a3ecaeadd3c06,1
000777_fliph.png,train,062f4563840f249f739eb3606b4144ec377583c1004716d2a3ac3f84c540db72,1
000777_rot90.png,train,d34cbdd3bf65df4a26ebe4f4939f59820cfa0dc783d577f983a2f5c6533642d2,1
000782.png,train,22302bee9f27b17b5e8a5991ae38885d9c8ff1975790bb0b7788fe8e0ac4a3f0,1
000782_bright.png,train,9d873621276a9c302da04e3b85c5fb8be9aa5e60484f39987fadcbea5d542e2b,1
000782_clahe.png,train,65cbf63e8049fb9952d024972f5fc69a89a627bf0543ed012d1006b4ce7967e2,1
000782_fliph.png,train,73f84a96f4de4f6ccc191758e2e0be48c2ec6a555bf27a1bbb5b639229c02e91,1
000782_rot90.png,train,d6d337f8478902ee21d0906b620cb571ef743fda61f4d87b6a9789a551174fd1,1
000785.png,train,911587690e39e9a7a51a8eb0f08085d20cc758f6aa767b45f75c0b85066ca193,1
000785_bright.png,train,f086db698082388727c74a93890e083f9e9e8e9f9e87fea6da71a6b56883614a,1
000785_clahe.png,train,d870808fda8aa9c039d4a127bf70011e423e83ab87442dfc6bcdc2c418f8a34f,1
000785_fliph.png,train,8fa7bd39f71de4136a20fcb05d8399c8a0e5d077a27b4b9b0680b833b22b3c92,1
000785_rot90.png,train,39deae0d1fadea7d54ac8c88061d682fc16bf019c0de4ff556e6214fa4b2e8e4,1
000786.png,train,7bc7e0f4c31d2b69ee1daa04c770eb2d4a79805916f77e79ed4aeb9acb6b2327,4
000786_bright.png,train,b2414935b28dc78f61b887dc0937da06dbbc50172d6417c0bcc269d9cbc8fd90,4
000786_clahe.png,train,dcf737be2ce1ce13d762ed67587dc5c9afb6986527afd6a7ab0d4055b68a1f55,4
000786_fliph.png,train,c0d3f493e2f674a9567173bf0d57dd6a3ff0b65a8c14711e3773ef4ecf3c22ac,4
000786_rot90.png,train,f6795e04cbec7265b094a7f52681634c84ddcce8869afbc47eae8f7d927b4101,4
000787.png,train,53f2d3cccdea232acf094451e501830e56446a6f0262eb0ea9dbd191b74975fe,2
000787_bright.png,train,015ed51a999d44be0773f6774b584de73cf4850982dee6900bd4b59337b6fac1,2
000787_clahe.png,train,28e21e4f4fe6a229d2d6d60f5283e6619fe41c78f3add005ce253863a8e2ca14,2
000787_fliph.png,train,720733ca2e3274d3720cb502e366c5477c41339bd69b7648ff1068fc37405474,2
000787_rot90.png,train,c57b80b1a1435748bc9ea4446463be2564c374f03ea599874832e4de9746046a,2
000788.png,train,312245db0572fc0e2a31de9fd7119f0933b67fe1624e28d950481a8695491c0a,1
000788_bright.png,train,d21029184d807e07a1661ce6305df7dde4cf77cbdff6dd9bbbf6112a8e05112b,1
000788_clahe.png,train,762170fbfee7e91e2f44d81dca4923b5bfe3b140ebea5399c20281d80d600c8f,1
000788_fliph.png,train,e29b11dc3298aa792267574652ac9a71e9a35fc7611f87e891f01dfc3c2a5e55,1
000788_rot90.png,train,c8ae0b042773264d5fce52852e47287df1ac409266154cb9889812b6d79d4b1e,1
000789.png,train,6e7d35c68952ae3565d539c9d3f6d4cbd33a414bece153a6b12f9fe1e8eb9091,1
000789_bright.png,train,11827c42e8027c9bed311c82a975f9cbded8a507873d209feefee26df4554fc6,1
000789_clahe.png,train,86a5df9f654b0dae3b40942ae3a6246f485b7b7b6b007dfd84534584089a954e,1
000789_fliph.png,train,08e8ad600cca384700de40487d364d04142ec477ce2900154769ce21c2de9fd2,1
000789_rot90.png,train,ba39ab90e7424771a628e8a4cd3a4bd9926c113f9ffdf669f1ea61f732d0d96d,1
000790.png,train,399619ed1ae216f80e3914d71a4c99121198887de66a0631f6885043f0be6832,2
000790_bright.png,train,bbafd3ff45dd226283f115eb54ad8b4bec6788baf702938beaa58aa4503104ee,2
000790_clahe.png,train,25b74992d18a1af822ddff98d0378566bb8e21874deba79b104cd66d455aab1d,2
000790_fliph.png,train,f9e3da6786fa3550069d6d669446db0891cd4ba91e6459409f047124646adaa3,2
000790_rot90.png,train,45611be4b6ae6baea2dad6bdb816951977a4b8e9559403bc5e845e0fc24a1370,2
000791.png,train,81d990d00fc25b0c6404f46c23fb75930a71e2253d6343174e36096a0100bbf5,1
000791_bright.png,train,59688b8524efd8eb64ab7eb2d6ea6870c20129e3bbff942c240ba8f4a100697d,1
000791_clahe.png,train,bed12e570b5a389d86471c4a233ad4e0a591a5c1dc20eb50fd5636a4319ac93a,1
000791_fliph.png,train,162c6a4ca2618bf883bb2b8b1324d524503212982e13de555307e41ead45cc54,1
000791_rot90.png,train,20824e1c08f79cd25b776b33be0a421dc347111ce8dd262e23131785485247dd,1
000794.png,train,8d273b2d96fa40131d61c4765df3bb31ccebd05b07572ce8d568dd25b11e9917,1
000794_bright.png,train,f8a0c8f703fbacf77f8f15a6367ce4aa1a6f46fc68e847151a9e1fa7249a96f8,1
000794_clahe.png,train,b19457f8e1ecc51417564cc1aca07ca628bc0092c6e2c7945af9e7b016857a05,1
000794_fliph.png,train,1d91f2bb2c5e3e1943e8c4e2b3eb345db5e6c3132a9d2e1594dc5d0276ade4eb,1
000794_rot90.png,train,70a91aec0e60e558f3b02ce998777892b2cbc3c76697fff30ced6121ceda7664,1
000795.png,train,bb966badb0a7a5398a9e779c10dafe4d64cb11fb972c2206e786ca0b8c1832ba,1
000795_bright.png,train,9f8641d65c3eb842a9003fdb82b2fc448e4d574920fbdb63ad99e85d50b55eba,1
000795_clahe.png,train,27bf3cb49ffd1cae82f112092879355a2187c75955e199247867ea63d95fdce9,1
000795_fliph.png,train,020c07643786ab540f336b5b6b66cf01fd49f4653ff705a9a0a51fbfff7b8bf7,1
000795_rot90.png,train,c2810ee317b0c345629201c5905629c424b608f834f876205e97d6fe6a904391,1
000796.png,train,cc0acbbd8419f32d59159bd8bed3efcb8aeeb3ac3ff043fffb525c823a915342,1
000796_bright.png,train,c8f66dfaef28fabf073058a3ce5d60bd9d31d4a5f428dc4b13eb3116eb61c9d7,1
000796_clahe.png,train,524701959e70dc6479a8ea5fa845f656db2c5c5b51f818a7412b700bbd421dcf,1
000796_fliph.png,train,88aef213ae61f46796d0d7fd28981f572133e357412e8c577af548f778d6e410,1
000796_rot90.png,train,9a626c98d288090f7eba4338d40c1b1b06b25306ebc071c07e715cdcd08ebaa4,1
000797.png,train,161d66524d1b34326d41af2a4764282e0543eb6191864f7be22aa4ef5684d1e9,1
000797_bright.png,train,9eb76d3ecf6c6a19870c4f2ffbfaa571e3ccf51ef1f19991712927d39f77793b,1
000797_clahe.png,train,a4ccf6626aebf8c449afc93da17e94d58b8654e1e837df3369be482aa37710ee,1
000797_fliph.png,train,e376d3e8949b82eb084e6393fcb42bd23dd8e77bed59957e1919f4d3c884c46b,1
000797_rot90.png,train,b15a0b3edfc326596aa4c7dd19b53d9713803d0a8e96b1a91da66946adfd33d0,1
000799.png,train,653b5012e3fa0ceed5196b6a1321f9f9a729fa9e836d79fd0de172ba4e943d7c,2
000799_bright.png,train,45b06a7810d9c7b810a75f2b856ab4c1019fed713f07ce250f05183e9ecc4fa6,2
000799_clahe.png,train,c8307408f0e8854f2e74fbe6ab491de3215fc9cacb2bc3217b19100c0342a85d,2
000799_fliph.png,train,e13f963a1d14f7cd6ca932be410469fc4f6ac3d381dc8f30ad4e39ba155219e9,2
000799_rot90.png,train,1745321f4a9ece2dd5e1b754cf2a9aa63f7071551b64dc3c5ec3b4181fb77f7c,2
000800.png,train,75cfb20097b52dc078174514d461014ae00e7ed44e7985700562aa646c16ea0c,2
000800_bright.png,train,e231e3c1a7b17767383fcddf5bca8bf4689cea9b6b932fb1ed39fde88d423970,2
000800_clahe.png,train,d3d8bd4808d04f42930f15490b0fdc630ab9f46a2e20bb88d1adeaab64e23375,2
000800_fliph.png,train,ed0ef951f1765efe8325e386ee1c76911447ce07713e5c30303d42b6dc7d3aa0,2
000800_rot90.png,train,a99ea6dc42fda1735edbfedb23f774f2438ae6c3bbafab9e1d3eab5825d86450,2
000801.png,train,81fb7f2084c0fe3bd680e4fa93885ca79d98f9520e7b9c0899fe91c26db1c58c,5
000801_bright.png,train,6c5493bf67fe621633cbd0d0f3d2f3290f8299bee92917dd16dfb897de30f518,5
000801_clahe.png,train,b13d03468105ca74762d474701e9dfaef22037a1c523b87ab558859cfcd97ede,5
000801_fliph.png,train,96d990c60d12feb0e73e01435f72197779cc74c4dab18d90f16dca79a54ad420,5
000801_rot90.png,train,6e617f3be735443080468492cc38a8df47c77d00342c02261dd90110eea3601a,5
000808.png,train,0d3f6a307e5d2fc91d1c23f721723bd725b9b6e6cd4e0aa8002d32618b2027be,6
000808_bright.png,train,990baa9209038cd67ce9a4d817ed99cd56036b5f14334c83c8f3196f0f6103d8,6
000808_clahe.png,train,0ca7187d16a43a489e3fe0a531354e6eceb85f48a6dc7820016e89058d991723,6
000808_fliph.png,train,f7588a08478079897433557497caf1801bc215cdee0f1b9ba9100b25147a9e42,6
000808_rot90.png,train,be61833175608d7e6f2bd1ec6ed538d5ee76129557ef568d4c2a7cbd358170c5,6
000809.png,train,52bbdd329c5e3a04551bfce02dea106bde357099383a0dff2e844a8c97d40a57,1
000809_bright.png,train,f86a3607550a13ebc70ab0926a1791f489d37e71ccbc588335d8cf49015fccdf,1
000809_clahe.png,train,eddd6ab4b1235d334d2c67706f46684dc91be701b26528ba5c1fec26dd63939a,1
000809_fliph.png,train,600697da7f99772a063050ee696798f11662db5ebc0b6d6a9e46b101ea22de5a,1
000809_rot90.png,train,5038e9d51002d9553ce2142f8d7745af0d9abe702639b766362d5a2967c80a0a,1
000811.png,train,ad3e37193b40af834950495e3196e85c92bc4c4155f3b1fb2b4eb92f0c417259,2
000811_bright.png,train,c23817149cb5d7872fedd1d56e763abd99b3d2fa8794a5cdec8f8c0b70df76f2,2
000811_clahe.png,train,8f6de69f2e69bcf132fd23a864ab41dca60a3e93a0d37c54e9af38e101203010,2
000811_fliph.png,train,65cdf9e9951b2ebd5e355772e3ce427ef9220cba19cfb27f55b579460f62b132,2
000811_rot90.png,train,4baa37f5dad09bff4a97de2b624b64fd8dd1608258887352933897fb486b1341,2
000813.png,train,ff1356557e9608b090efc195602c9d38fa4414e3895bbb3b1701bd34ab5ee6e4,3
000813_bright.png,train,fe20bda8369bda77c7f3485e6a417281cc96ff5dd44c84b04f6a7c9478edcdf5,3
000813_clahe.png,train,e882924f22d91038621e3ff84544968c32eda3b10831f7ac54b2145601075cb8,3
000813_fliph.png,train,c14e807c60bf63ec13af654230472a76224a0211bfd9e6d47be84a91ad0d2f93,3
000813_rot90.png,train,3b3986ef208dc4e810977e410d6493b7c6b1e7d00f6a4f772392c7834e3deb4a,3
000814.png,train,ed71f79972da0d53c689f964f7a50d32c67d8a68e39dd01c455cb31b90aaece1,3
000814_bright.png,train,d3d5815b22b6487cb786c216f217cd185444b11dcf005c1f571522305f139df5,3
000814_clahe.png,train,8bfe7cb2114557a5623271569aa48098d951a08b8b7df19f71c5c30178ecdd43,3
000814_fliph.png,train,bd53fa587f8145f95b432a267f1a591ea8931a6c7a58da2987c402e0981e6cfb,3
000814_rot90.png,train,a3ebf58809b2a3ca2678927f940621da732cd8a1ca8266b3b36bbd635dede505,3
000815.png,train,e05023c4fa5c9488e5419e7b24376e9a78c2f1a1980f1e1e6079c3f7c10c68a0,2
000815_bright.png,train,5e6c107e39954511ac8b6d34a66ed52cecd5f1a1dadadfffb1ee27adb657a15d,2
000815_clahe.png,train,614da5b1eb4446f70461a3e1a9d7cb8ecde1b1182eaba6454670794496cd7302,2
000815_fliph.png,train,58bf09835a7c8a773872aa4a49e40c04a8da3aaab46735982c85b60d88be1ebf,2
000815_rot90.png,train,fc9513c41e1b989b12bbdb483f759dfd8f4d87df28fbd1a9194d8302114a516a,2
000816.png,train,3dbfd873556d353ea90c7d53122ea4d89418bfc2957923e91b3e2542ab09dfca,1
000816_bright.png,train,be401b1e92ec497ed9e16e736e2ddaa96eb167d5e83399f3bad998058168cc30,1
000816_clahe.png,train,bafdcdd1e3d4851975ff36a4504336b8dfcb7e608c5af0e6d19a4ae981384ab5,1
000816_fliph.png,train,597656bf159e55c74a2436b060c02862e6e418f7ee673683211de0b0d22f5c6d,1
000816_rot90.png,train,715695a8953a6236d961f25682496aeb2b8d1479edcf901a94261b6bb3e88deb,1
000818.png,train,cabd44851a7ee1e34ca0e27812e04f31c6b881ecdb60a232a289dbbbecea88c0,1
000818_bright.png,train,5992a8fcffce6179ae19fb6aeaadff244509ba7fe6265ffbf59a14f2a48d03ca,1
000818_clahe.png,train,1503da48e6f3fcf00dcbfb74e8d3bb9845ef3c38f6dcccb9d432bbf33c74fef2,1
000818_fliph.png,train,5f0278dd28d7b4b727ef9ca41971574b5ba52d2909828560637f46b43c0b039e,1
000818_rot90.png,train,ab8695d49b71f489cb04ebaa20c7a28c82bb7873814a35d0bad8616c1706d61c,1
000820.png,train,b9ae5ca6a1b2aa8bc6fd5b7f1b658e619f6c1a5a49e23b017728a85f2d6787b3,6
000820_bright.png,train,b30a65b02aaf41a91755f29758a52a4e9e6b0d89bc527587434e6c48e5d86b46,6
000820_clahe.png,train,af7391a93ef37c628a5ad3b2d3e1c6a7fa42dba8915f245eb0b726ff8953afa2,6
000820_fliph.png,train,1578a927e38b59d30f31efbe555b67cbecb7902f58bbd5b6319ef57326ec1503,6
000820_rot90.png,train,d8e2dbe7972fe3fbeb18a359086c2e3facffe2dd0e28ee27ffae928f897df8a8,6
000822.png,train,caef6a20ed949055ac20fc20914c13f972f781be9738253867122d781a38540e,3
000822_bright.png,train,4488e0f3fe01b64a7b9b7279337589b53f156816fd450776076319b8a9fc1b7d,3
000822_clahe.png,train,cf8dda27fe45b445a0371f315fac34948f2ec99379eb5035b101ce9cc894b32f,3
000822_fliph.png,train,fd95ce59cdf97798a0326c0263bb1e5c124cfed61fe129d4698ae156424f5b7f,3
000822_rot90.png,train,a2d11a3f2b616310f313b6eabece99ed1424a846c3e691d2501f74756fdf3c77,3
000825.png,train,0903d60fee90275a5e47dcfad19b8e9e37df3f76e256db7a3b86ee856408d31f,1
000825_bright.png,train,e58f342b3dbb4f2d6d20e97213775a6146d0e665ff06c9cc14bae6de47242215,1
000825_clahe.png,train,fc57b8eb1c2fe1846944a274a46e64f74508812cad650632ee79885d51cfd405,1
000825_fliph.png,train,0f96915ead7920c7537b20146ad3ccaaa538ee28730acb14b829fe86a787d3fc,1
000825_rot90.png,train,b633e5b0907d57a40b58ae967bf9c81ed201c935a86ed4a0027ea64e2d24f8a5,1
000828.png,train,85fa278bd3a0c16d22bd9c5171cc28629a16d00f6e69d19bac27e1b243bd7f7f,2
000828_bright.png,train,b32780e678e39b552f2ac238e6b5a134b6f8a26f1b275f1f32a18505e888883d,2
000828_clahe.png,train,ab9422b3a0c7d18492054fcac223c271623e0e005ededd931134e8feada70162,2
000828_fliph.png,train,2ebf264494acb43d1e5f6b63cb6005db108b9dca9afd48dd28297697ef8b66fe,2
000828_rot90.png,train,b230bf294af3a96bfb36e257a7141f19758edad0627ad89722656693f9bd540c,2
000829.png,train,023ecab52feaa06e9e1d35ca1570d6953a70c759fa9cc66b989f8d647b3bc2c1,2
000829_bright.png,train,b9e3fc10ac3ee01425cb4500dcd5875a19291739f93cb20452c4b59539d2e229,2
000829_clahe.png,train,d45fc0095fe5f085975d8b194c417ca68fdd01602780297d6f5f8c22df30504d,2
000829_fliph.png,train,3f839e80ad61c9fc8793a95d3e4fd76a24c37c7a03a15d511b295cd9d473ccdb,2
000829_rot90.png,train,8669f80c0457da0129e70c63d4b06e3c2a80e253118a2e3de0148df4f0305372,2
000830.png,train,9074895f94c1cad71b93f019700964c56e655f3968799714781c12b4cd5ab5b7,3
000830_bright.png,train,0403415c0d70056658cdd1d7294b34501f8137ec337875cbad98d73e48ec25ac,3
000830_clahe.png,train,b8996781041bd20e388db16a99266f62ebd67ab8d4165142da4dfb96793bf727,3
000830_fliph.png,train,bff593a9448a5d07952b09aa3c9049c776d57c4dd1bbb61ab8f19d969dadcef4,3
000830_rot90.png,train,6f8f308e7780edb8ef0f5a53733a58187ec725d489df7e649494e7761de4c198,3
000832.png,train,518afa16cbebd3e56f43d5bad399bad6595761637817198b03ca0ab329de38f7,2
000832_bright.png,train,179cc6a5eb4e534b24c8cc0f83acc7bf3891cae65d55b5a409615ab384474f07,2
000832_clahe.png,train,6146dbfd47ec8d811e4307c74d99c9096744105fd253c11e619d65a68f658efe,2
000832_fliph.png,train,922c0b4bdb82e4e70395a5efa392f9db7d51f87b037cb00d6765e2104d6a7910,2
000832_rot90.png,train,8bf59874f1e9656830e85777b7ddde0cd7a7ef56d2edc5f408806b38267b52f1,2
000833.png,train,74fe09994402d05743b1d9215ddd5ab8c3b66493a0e0564563d1b76cd0c4f5f2,2
000833_bright.png,train,44373cd418af43b66430b3e88e9cbc700da2a5f1301b5c9813bc0e2f249278f1,2
000833_clahe.png,train,bc772e50926f73526ac7d1cf06716bc17ed4179882334485040d230ef52cf8f4,2
000833_fliph.png,train,54e6e62e296a9b617b70083533e33798578c4d9c804a3acfdf8d570bbf567cef,2
000833_rot90.png,train,9f9589e9662880debb2d364410d331bca70cb9029eac5f29ecfe8b847de556f8,2
000834.png,train,efcdcc11acd62909e8f9fd74afe434e8bcd6497237e99f0548bae5dabb269a8c,1
000834_bright.png,train,6cee176f1affdf12f0dd528e8481e9d9f56007ebe7a9bdfad037c075053a05a3,1
000834_clahe.png,train,97649e4dc8d76918ddef7418c3143e8f9feb3136da80922018aafff6ac52d9f8,1
000834_fliph.png,train,efbf01d2d257eeff34b3cfb3618f6328cbe6418fc4596aa070c99a44b5c87b9c,1
000834_rot90.png,train,8c3a01d52bbae73b1957f68bacdba5624a32667130f448ee4eb5c213da059774,1
000835.png,train,8c3477de36a88ceb0bdda6a977e45a8b4b127ea60d97cbf8a18a5d91ae11aefa,1
000835_bright.png,train,167880a5c7a5276a736648e9014b11d51b2179b8656d9005d54fc424d0e8c275,1
000835_clahe.png,train,4a12856914ffbc23c20316bb9f2de42b06f88fb4276a72b58d23f8d762d1ee42,1
000835_fliph.png,train,4e4b5067903ecda1ddbbc9a8e32b3142558a11e9bf0c0a5f443a1bb12058496d,1
000835_rot90.png,train,8374cbb27c0688e90f3dd46e81ec707679f38240880a9ce3e704570a59b503b2,1
000836.png,train,7b54cb1e02cbbe2a53fda842701d8f7e13d40d9a085ba366c227fe1b4ab9d1af,2
000836_bright.png,train,b63094a4cfbdde3316015b77a9923e14ee83e5eedaae9c17792359f35f32cbff,2
000836_clahe.png,train,469a688943ab5eca0e8bed1e624b99db5bca60fdb5271d5d3ffee8a44eeae479,2
000836_fliph.png,train,1431f43fbb6ca537a6c2db2539dde6dcf4d9402cae3f38e521adf9a6dbbbbbb9,2
000836_rot90.png,train,b4f852f17614616d0910f51c1a08674997c830016b704967afdef3de2efe3825,2
000837.png,train,41ab772f9e1d1d8afce3939aa5450f17da49966ff612c4d2f7f1672d5118db6a,1
000837_bright.png,train,305f47c0a6ab39872516482a15774806dad7d4e8f0a7ebb6fe216b238a583ded,1
000837_clahe.png,train,3754969008f081c031cee3c14220cb123e26015782bef16725a5a0b0e953b3ac,1
000837_fliph.png,train,218bb39416f668d3bfd07a8c46dee22d8decbd9cd46411cf4bff9ec15677900b,1
000837_rot90.png,train,221a27f26ca93e0268e7660220f46f3b2058ce4ac7ded38b90c47a9d81c2e76c,1
000838.png,train,6164d2712fdd7f5ddba084f9b1bbdeb20a1d200b5cc9fe5210035f28768ecde3,2
000838_bright.png,train,9db9edb35dd9ac59e7223774199fe9c1a58ece5140409f4bb18e20d8d9bc5b88,2
000838_clahe.png,train,6762cadeab034fcec60fa2f98f8e3a38e40ce0be2f29b1696d1d1c30bf6854da,2
000838_fliph.png,train,b54c0d6b844d6a642dc090fde7916cf56e36782df0f77ddb40bd018b97e5d000,2
000838_rot90.png,train,153cdb0780c13b10b48825218dee0d051650eaa4e6dd1fd2333f78571c845c09,2
000841.png,train,2af7de42a06473c83a26756ae6242c4b94a7ac63ac6bca464ab0846be591fb82,1
000841_bright.png,train,a17bfe6a83fb0edf3aabc90ac68fa9bcb6aecc578eb14b450a5bf4cb5860a4f4,1
000841_clahe.png,train,85aff9114c7ac12899a3a597bf1da80bc3d847c03fc7f9b6faa559906e9aa5f1,1
000841_fliph.png,train,fe60122b859ba1bcbce5211ab99b100aab5b3345b0ab18c7d9dd81e0fc70b209,1
000841_rot90.png,train,4394b6673aa8017609a515f7ff0f6275063c9a5cc89fd29f0e8224ff9c7d9023,1
000843.png,train,4693381b87003a84a7e10dd48f35db5a990dc2a021565730549204b87b31e6e4,1
000843_bright.png,train,431d9c5b3fdeefe68fe935d3f8c3ab73653e1d188bcd7c3b1a62d09ef91f41bd,1
000843_clahe.png,train,5cf7e7564a5314b84d355c1fc968e3e945dcac8973ea9f21f14a83e462977881,1
000843_fliph.png,train,da66ce67dde818d4bbb2fcdc78d501a6aad4303f0fed62589b4b9a8d34cfbdda,1
000843_rot90.png,train,d15f3d44d0798300a25eacb7cc5565977adbf522d414b559ba1b89cf3c35c1b5,1
000844.png,train,b69058e5a2da212e58e6db57c0325426758f007337c8cd86eb1f2d11869d1f36,6
000844_bright.png,train,9aada4d873c80c960b718337b9f9ed7f90da025d6e792dedc7daa881dc34dd92,6
000844_clahe.png,train,5baeadc920a49d74ab8712723e86ae24500fcd281cb8ee1faef2e3bc4045070d,6
000844_fliph.png,train,6e4f98b5b304d2f2e3cfd37149682c8a43757ad740fe7615953e3a79a2286857,6
000844_rot90.png,train,0f81259f4414bda54e4e0d9c1a1fabd796cf41897779106bbf7e0be3c08c0346,6
000846.png,train,e830a299064a71a98e9ec428047c4b43281f5e2236cf20ef24a54855e15fa600,1
000846_bright.png,train,41b11f33c6bfe2443ea186986955b2ef6dd19edb47f4752e3254ad4e973ec59e,1
000846_clahe.png,train,99396c73936975a06e4c1c9b4f92c112f19f72402094b45651997494d29ec0ee,1
000846_fliph.png,train,978166bdcbb02f819c3163c81f3cb8a78a1c5fc71200701b46f1461ed6cdff30,1
000846_rot90.png,train,bf508c8371edda433858a30eb5ade94c2af7fdc00317bab95efe6045eafccab4,1
000849.png,train,fee3f184c1f769edf7d7020d0e3ea3be58df54d13a1f8868d83e39d7111528f1,1
000849_bright.png,train,2e093710c496cff08da1860385083353012470f45b0cf10c3f194ad7c04857d2,1
000849_clahe.png,train,8337168ddb0d80e9cba68210cb47e9203d022e1481f4a00382c65846b6e6ffbf,1
000849_fliph.png,train,6cb68e0347ff81385464e37d9ed749ecc78fa21e61f5ccf067ea6ea2d782a5fc,1
000849_rot90.png,train,e7440ec8525f0ec196b77ac68cc04f3a3952257534a149ef7743cd43dfac1788,1
000850.png,train,cd3774f970300e165103a7a7ebdda41308ac7dc03cc0ad5b72442687f37ed641,1
000850_bright.png,train,a931635aaf9c9b32d17b9b372071e90ea848bc04e71194335a166471d29da266,1
000850_clahe.png,train,5786dc8cba61bf2759b2e2030056c3fe086c9a866ee314c48fc4a6af060383a7,1
000850_fliph.png,train,604c3b483efd4753fb4d26441ca1a596d5a9e6a2d6a3f11206ad290ab6eea12b,1
000850_rot90.png,train,89e025a6e5e27dd89a3f4e7d97f14012c02cc39dc8c9914a5806c2662332126a,1
000851.png,train,ec8cd6ba2de0112057a46674a81cdceb2170174d85e7b6809c30e25e38a3fb64,1
000851_bright.png,train,1210543c66ba95bc2a6ea745620372eb032ac9231953e38adc820d39cec8d45a,1
000851_clahe.png,train,7c5147909619771937124ce31cf8c64bee38beb2fed8f7ecf0ce977d3df46f40,1
000851_fliph.png,train,0a65546c939da8b8834e793725b6b23e0d674e5dc5aa6b7d8c4baf5488a97baa,1
000851_rot90.png,train,85584986790c2ab4b0792bc8bb6d61b9b769e24c3d82807f5b0d60ed63ca3d99,1
000852.png,train,85e1f128d4a3de2f28bd47c456452897c3803818f30152b40147bc9c1e928b25,1
000852_bright.png,train,c494c07b8fd24dfe4d30410ff41e417455fcbf112cdc42e5c89090e4c0ae8361,1
000852_clahe.png,train,73560b76bf6c29f7ff37b32fede4f805f951c8a5818437ddce92d623c844a3da,1
000852_fliph.png,train,8e3619a32240a4c73c58ef31aeb61ebb733c38351b3207e6290c0f1aeb155bef,1
000852_rot90.png,train,1c892ab0096e267b08890e4d8900b3986bb8674d7bba4a9249e4568ed2a8f753,1
000855.png,train,b6f0cf95d45b5695e9fedfa4b0e81f940b340cda222596fd52fa6481ab7c72a3,1
000855_bright.png,train,25963413c76479a2cac643e4bd0128b5afa7aee13f56f0794f8a8b73044700b8,1
000855_clahe.png,train,538b3333e9f3f2a1b24d1edfd4536d7a37a4b9cf3741248c3d4718e56a323b24,1
000855_fliph.png,train,c5d25a49480e1d5989215a73fc7c890fa152699247ec1beef137840888e163e0,1
000855_rot90.png,train,c40224b1d8f00c32f7a1ed8ccbed2d610f0cc8fe74af05f0b313154e9b8371d4,1
000856.png,train,512781d7d1320d33d9b5d1a9e0ed22938ce15e4acd301d36457bd185332ae97f,1
000856_bright.png,train,94d23ec9d0cac32a5a0879bfb081ef1255b41b0a7029fb86663ef597b2f84e84,1
000856_clahe.png,train,04393c4cd959832071c9822cf84f77136c475d7c44265b8a4cb9669daf03a1b3,1
000856_fliph.png,train,010604f04ea037136d3ff1949a7bbd2df494cc2a0eb479c6f5950ba9e2b4d139,1
000856_rot90.png,train,b28c7cf4caaa6f66109c75228d7a07d560785cfffde0e918b3c2f0a0806e2877,1
000857.png,train,061e8049feab4302aa770a57e2365d3a263ca7e7c714b03384fd96d76d572de3,3
000857_bright.png,train,c8d23d30478b9ab5891c380f4e33bfd106f416fdba7b7b08ef7bb1ada5a3422a,3
000857_clahe.png,train,6bf095b30360f7df3c2ce6d6f81228e68a1f2f5326ae179ebc2a8ab779b12a42,3
000857_fliph.png,train,aa30360be730f7087c7dd6e19410a6357635e3af07ca877730a36464d887cbce,3
000857_rot90.png,train,ad9b245820e79971c4155f7a2ded95ff4475e169fdd8b1398362f72400803af9,3
000858.png,train,4d4ef7712efc4567c8bd81a277621701b3426905b7a174438a48f485c402feac,2
000858_bright.png,train,e2b56e68b1c2becfa7cf204b434834f730928e40fa6f700bf0657c8c08593a8f,2
000858_clahe.png,train,c6a34c5b4f4d6c99c89ff5663e2f1d1370027bbc1b7e12d5b84e641946755ca0,2
000858_fliph.png,train,b1f487589232a0b4ac03b98ab6576531a307d1255f9e20fa9f1dde21b6cb8f02,2
000858_rot90.png,train,12a552231385d6733b30a2f11f107a1ea4287ebcc63961f884613b52ce2ded1f,2
000860.png,train,888e920bd0714be2ac1f2255295d2eb769aacc2ce3b855de1cb698bc09fdf307,1
000860_bright.png,train,3fabe0c382d74fd7465b3531f5b487528b053d933f736a158ec7206330fe3b02,1
000860_clahe.png,train,93bb9f3e958da43646027f3f47a991ad37f5f369425ee8437eb7422aae68d909,1
000860_fliph.png,train,3bbddcbbc6cf2d04ecf12c09cbd18b86226135c83858dc2d0327f2d53b287010,1
000860_rot90.png,train,14db1c7a233d30332cb27837891a583ed8e6f38f607a8fa23e92ebf71796fe86,1
000861.png,train,a79583a22222c6ef05d3e2ce479397844c0095d080f6f9a43ecdb4f6077261d9,1
000861_bright.png,train,55d808711be08f9b92750d7cec0b356720ce4b2ffecf83c0d5c4fbe13fcb467e,1
000861_clahe.png,train,e389c830c073e1e9c4d11b4e19b3a46fe89e978e6fb85430fce673489ded3a7c,1
000861_fliph.png,train,762c4a07ea42409aa77dfe9640348a8e51499f04b46f33fbf472ae89fb3e6c3a,1
000861_rot90.png,train,3b932bcd48d69ae722abe204c7bf443212a7e5ee57abf62d12c9c77ebdb22849,1
000866.png,train,46b9908c26f127b5b637f0c27c6050ab63a289fe177f37774c777dc44366aa7f,1
000866_bright.png,train,b9a7f057f4db475bce43ecc2ea3f8f8f3d7c370a4bc9eb30e640cc2a7b195838,1
000866_clahe.png,train,df9828b88aea73858cfd6400b5f99dd1bbcf2461f1c783ee0c7a9b0dca4d5e2c,1
000866_fliph.png,train,01086a4458f60534a3262dc8aed59b1eea1ce4038daf7f2fc9c6842ccd5c4cff,1
000866_rot90.png,train,d3b6a79dbb8be567a8d640a2c9ad84b0777eedfb808b8d04dae411f9e8bef8cd,1
000874.png,train,ec6a191935fd82806247822c7169004f41d9aeade9e2d51802be024deab9937d,3
000874_bright.png,train,184a83bab5202cdff34438ea864c25747d88d00dcc7f47bef6537378f4aed891,3
000874_clahe.png,train,cb6b37d74d666c816f0f54ceee2b5f483f47376c569e814ccf0f66a2d6a43752,3
000874_fliph.png,train,b5895fc547211de59c1235ceb33fb399633e4cffa62fa73256d7159f79730fad,3
000874_rot90.png,train,13e044545828862834e6a13f1a886c385f02ccebb3571e80bb7dc0770f39d406,3
000875.png,train,0432d5fcb23eacf29aea00f046c9c2a8ef490dbc9ba63aa61592ad4fc864c077,3
000875_bright.png,train,ffb5027a0fb1615e09bb6909365feb69abf4b8804547c1e78a56c7c4cbe8da51,3
000875_clahe.png,train,781150e08dbc56f686ae323c52f53468acbd3523a3ae474252495be91b4b55de,3
000875_fliph.png,train,8275ff186cc59d9913636db38f69c55e124a74fb557bf38a906e9602c61e124d,3
000875_rot90.png,train,31efc3c0fced6e430d5496527fece2f3a30797dd046cbb7d0eb2ce5d600cae66,3
000877.png,train,d5c6711ad1090c759750ade9685a90fb97044512f903c85099be97f869bbdb98,2
000877_bright.png,train,25a081d0f3c75d4d3c1d6f270bf3aba6c580e30de76ea4b00e5620bcab3f208f,2
000877_clahe.png,train,4613be728a90bcb0d217aea61b3fed7b1aa405080e517ede6a8bdc79975cb2a0,2
000877_fliph.png,train,9bea0b187a97eb0e804076049d9d41e058c67fd38eb958c5cac85e3cbaf3bd16,2
000877_rot90.png,train,b8b4fe2477a0e169c5f93f3d0558c7af1978ea86b58196664543e53a515e80d5,2
000879.png,train,3495eab681ae291d7ee1bfae1af049b2d371be64610336dacd3f987ff7edf21f,1
000879_bright.png,train,445439acd52ced432a183beeae84751f352623486cde41964b2ce5737debc84a,1
000879_clahe.png,train,cbdf5faeeb3fae59b638332a7f452fc0524fd099ad15c3de170fab3acb81e798,1
000879_fliph.png,train,9ae5682deaeaecd9e37e703d54a1e8ea936736dec438c05974f007c613f2ee8d,1
000879_rot90.png,train,476939f5d3f0e419d74321da091a1be2abe627b260439d1b381a5ea4c25b5fc3,1
000881.png,train,c35539c5c3b388aace4abc2782ee0fc1ec71bce80cc3a60856b76c8a3447b554,5
000881_bright.png,train,0e183e952ca08761490092fe6f51adc7480073b14727548a090ca831eeec6b3a,5
000881_clahe.png,train,e14da21283b1cc7a7dfde3e79d946c746455a6b975ca1340ceb250186ce30db2,5
000881_fliph.png,train,38bea78db501eaf0579eb5084f234cd8dc49a22f7407433d40ecc55e0d153525,5
000881_rot90.png,train,9818837099d8cf4f5419923c4a2ade5dcfbcb19d09ead272570cf260e8442b8e,5
000882.png,train,f790fb6755824d8aaf7eb491685fc7d4b9740c4000deaca25f1718d970c4c1b7,2
000882_bright.png,train,25bbd2f22d1959347c195dd557569f2bf3c5d3b0e6265c4f088859d30eae2818,2
000882_clahe.png,train,f9b7c98f3e4dd56c0481a38ec53a7806047c798dfa28a3cfa15f8a050e92cde7,2
000882_fliph.png,train,87c8192df910aa54c056b352585f7ea5286de205acd32d06f39a79fb1ab74370,2
000882_rot90.png,train,0029ce897a5eb1b58bec726a71ba24c5a40a8b6e520afde4ca8fee092342dbe6,2
000883.png,train,5820c01a0a62221f5f6d3b2da4bc3193a1f671e1be9f970a42fdd89eaa6db238,1
000883_bright.png,train,fb9a059a4f55b8efeeec937d05bee5614369e14b74a394e5ca0615f760b5ba53,1
000883_clahe.png,train,7c5564df847f90c114cb7e2e245383e63ab58576ac1001d20aee3aeedd76e5f8,1
000883_fliph.png,train,66289515790f3f7fa59114ba147dca65d3ad04e327fa68a75e5e81a7c8ae8b76,1
000883_rot90.png,train,3c423be09574506f9dcc91458767b57b4a1b8659848356fd8da8648953193f0f,1
000885.png,train,aa75f07fff1a886bb3c33a45b99e3a7e3c389369b16dbc3cf1a4c41b2b2d6c85,4
000885_bright.png,train,7e592cb82f1cdf13f5368821ffb2854c70c0c36a2c3aa61f6a48f44681830a66,4
000885_clahe.png,train,41b9e9e451af3b75887e30d32ac03568bbed1e578618e1d48811890281577b0e,4
000885_fliph.png,train,044270c8468e032abbaa5e4c8587e5e38f6930d078940e1c0bece8cc1910ce10,4
000885_rot90.png,train,8c9fb7e3bc69086274d224401a3a8bfa023d5fd17d222ae570d4c8c636923da3,4
000891.png,train,34d521f8758a6b21b5edd7c7edd6e9b1e4742881e70898b34b35419e7a1df53b,2
000891_bright.png,train,f8d1eb109914c20994b87dedbb47d445eec3d8e3440abc2a460c28635621494d,2
000891_clahe.png,train,f6c5079951d6ddb846c88c4830d78520ce2e20cf41311f7731e5b471f9c7595c,2
000891_fliph.png,train,d321ef4a65ddc46cfa19418c680f7bcf85abb46a634f6389a8c4b122e0073311,2
000891_rot90.png,train,f8ec2163750a9ddfab60ceeb2cd18b9e243eee834f2453e5ff618acc8f527ee3,2
000894.png,train,6ab8b5fcb5098b9e3e91f605cb554e12c3d38792bd090ec8eac5b2b15e37203a,3
000894_bright.png,train,8939bef734a68457d6696fa172f1c3605287f7b865c4afb013c1f047fe4e57fe,3
000894_clahe.png,train,5c9c6eb2d5250ff1436745109afb4f7a0e0237c0b72c69219d9034d0e4bcbd51,3
000894_fliph.png,train,f25e2bc11de5cabcfa8b2ddeda9493e3606d5139c935a054692d4e58babb7b1c,3
000894_rot90.png,train,cb8f7e8044d0676a9c058613f0d63539b86bdaad93b9880895478039e529cf15,3
000895.png,train,437b041ded40cfe1e5c5821940c573b5c996d30cd98dad7c55d6648a5ca5fae2,1
000895_bright.png,train,302d499a80c9ce4c79535ecc3ac3807ba9e6edfb9514f17bb03f4224aa807058,1
000895_clahe.png,train,91b38f727beb6e7ce9999735350673064d493a733bf33067210ef17061b89a85,1
000895_fliph.png,train,d21a092f95c43be160b983c78e9d99bb9e5255fec2032a6ef945d6f84ba8df2d,1
000895_rot90.png,train,60a80c38c3ba4fb146a8011e40f0ac3436dc3c56ffba030a557592aa2a8cbc6a,1
000896.png,train,49f5e9fdfba920a885e6dfd804c612c6d52145f1d319ef44a753996c60de1de8,1
000896_bright.png,train,2254b8c4571108ebbcaaa6bfeccd3421fcfab12bd228a382ff4cfa1849e430c4,1
000896_clahe.png,train,ba097a803d4778b7bb6b7102bd40de2653172bc18e0ceb5554f45b1eb480b73e,1
000896_fliph.png,train,e8aa55d17f70efd69641c6f647695e8405e3d9ce14396a69e0a163c0e5976017,1
000896_rot90.png,train,12afa7f41230bf47e410a61988d324924e6b19c51c6703d534785d03f5c91d99,1
000898.png,train,ac7de2b6356234062bfd7cbe78d715aef689255c946c6950082aff4bd2f6e1d0,1
000898_bright.png,train,f419ae9c1b1693d15ea62730a66abd88cf93c8fc43a686824b51848d7c4b8057,1
000898_clahe.png,train,e0f1a267564d8fb34600f20d93b846a9995e848a26e45753b33783ee66f0f7fe,1
000898_fliph.png,train,68abd92369a9d0fdcae201a0c3b536bfeac078a9d8aacec89ddcfa9f5d33d0b7,1
000898_rot90.png,train,3800e7a2f96e5870fd200e4aa64bf9bba63f42ba2ddc119ef9603bb7b4550e28,1
000899.png,train,60f0b61f75710cd9b3cdb81370b005f9d0daa3dbf16f71caffedd7cf06a6cc8e,2
000899_bright.png,train,23fc1610a0104880a14d9edb454fa07d2f13fbe14cd795508e1e0e08ef69885f,2
000899_clahe.png,train,2d1f470172a2e8234f2f646b5495bc5cc5c9f301fe5c44194e656dd5276de2c5,2
000899_fliph.png,train,130bba6c71b92a018f00d9dd20704ac7d7d2dde45fc7780ef0004b85f0fa645c,2
000899_rot90.png,train,cbf331946396cbb1035ee89b02a0f3ae2fdbe3ebda5f4429431dab2a6d71b0f1,2
000902.png,train,7453d0e1700dd53eba18a82d0c52bb54b619ee8f7b75db93edcaba6f2e24ae6d,2
000902_bright.png,train,8af5ef2657ed48ea0c0aef37151aab27a39d9111d4c6ce82f9b420ab7c55b978,2
000902_clahe.png,train,2674681bab14cbe42ffb011a0231bf1d9537c95db4615d7e174960eb2a703a94,2
000902_fliph.png,train,b11cf3f53c8f410abd9b0dbd1257d5ef8f05dfe6110f56f2081f6be707821ffc,2
000902_rot90.png,train,3c59bcf331e1bf869c72e6fafefa3e46136148107d0925d6340f0b11c82fc280,2
000903.png,train,bb3aa98c1d8ea8c213ebab8cf8a332f6eec1627abe6ba1f5b92af6f41c418bf6,3
000903_bright.png,train,ea6bb54907678aeaf7d815651fd3490d4b568ff18c9779f6855bfc9faa0a6f19,3
000903_clahe.png,train,d276205c308a9853bbacebe71c3cdc00f63cfb661443ca365add28762acb9c66,3
000903_fliph.png,train,295be75d16b8603c1dcf01766a53b9fc7d1668a12def9ed25cab4a2bd8e1f409,3
000903_rot90.png,train,77216c3346b70f9a1f9a9e55adae5174b5288f4641357ce52d5e4c608d9806cb,3
000906.png,train,1b19a20cfba94a9e88038bb2799148bb2791b8c01ff5990ad0db659a67e51d63,2
000906_bright.png,train,5632e84963099bd465042a7c9eb92907f157d9453f1e542925b260c144c11512,2
000906_clahe.png,train,c31067d586644dde575e27687ea2ee6b19cf7139c2506d9b9f1f69aad61356b5,2
000906_fliph.png,train,dbd71cd50ccf45127222117cb7e14528d092374f70e1fe08291971edd296d368,2
000906_rot90.png,train,7af85845b523b1a7f78a98e0f438dbb2b6becbb945184b17347270eece7ca1c5,2
000909.png,train,db2049eb482138b41e318818e51f24a5ff7351c064f658349a37419f7addf38a,1
000909_bright.png,train,a105e2f23398bd23730640d17e76fd7622c1a68ae64e1176b8059918ab29274c,1
000909_clahe.png,train,9e22cc4323fbab820a9560f9fa383b688facd435362eaf3553fe66f2897b44d1,1
000909_fliph.png,train,a7ff08b007114f4e3d3fe6882440fd1fd1633f53f72b6e536e0845c27093a3f7,1
000909_rot90.png,train,52085cdb56fa223915aecf88830432a17f7108a2e30b38d95cc1d3205946004d,1
000910.png,train,db9b4efe087cb348d8aa8f1aa59d58ed9a83b842529fff5f0c61f96776ed7ddd,1
000910_bright.png,train,8cafc894f3ce3ebafa5c55f092a31aabdac998ec1e0c3fc34cc7e182acd90bea,1
000910_clahe.png,train,54f496b09afa341b033ba2e02c03600334925f2c80deb7f3db4a689acbac9d73,1
000910_fliph.png,train,12f4b6f99cb0d788bf814ae72d39fb32c870b88a0158dd8308676eb46cfaf685,1
000910_rot90.png,train,517041335553ec367726640445adea8c59e388cbf9ede08384eb290980246fb5,1
000914.png,train,bac77b76d2058952654fb488debcd608faf7f120d27d360e80e8f9fad0481d01,1
000914_bright.png,train,a81730d7ff136cc8f513fa801f43b6d5ef5d631bd78149c008b37d4a464987a2,1
000914_clahe.png,train,d295ed3bb24c6ce818b248238ad3587e8d89ea17566c4c5dbbd8068409c4a811,1
000914_fliph.png,train,8f3f2e47f9fb6f7594888795a7174cbbb4b585535157c424c8751afcb0b38b04,1
000914_rot90.png,train,eb24e85af3837e63f26d21380094df7e1471b7936e96f50cb7fee44f18d1ffd4,1
000918.png,train,b0dd68870d9cfffdd91cc5aee3a30bf6eb3e13ac88da92ff2e90bda9407831f8,6
000918_bright.png,train,05fc4e7c208ef1a467d30fe542eb03e2cfbeda185035d3a16d9fde2f8c434ca8,6
000918_clahe.png,train,20328970759da3ca40d796ee942279e79eddc60a0b93fb985b5d7e69278906c9,6
000918_fliph.png,train,cf47c5999c4490a4893dba246bf3b697deefca5ebb7e6045eb4a5a18b03b1367,6
000918_rot90.png,train,d480f8897e1a960be7b467c95c56184cbacf26c0ad7b51ced65066b63b7642e4,6
000920.png,train,9ae8fc9951ffdba86164fd36ba113daee5bcd68b4e216e1f05ca1a299e8fa1c4,1
000920_bright.png,train,43b49f2e444e011f6d06838ca3034c8ffa79e0b22d1841ae71fd2355290c42d1,1
000920_clahe.png,train,7565bab90d80a86f4496080259ce6f260df96afb7af186f88b1bc9a0b779b2b4,1
000920_fliph.png,train,88934973a5d887a539ffd8f681a50f3b73900fa6c892aa089cf84e2e11c616c7,1
000920_rot90.png,train,fbe5292668f779023e4a683a660b8bae24358dcfd857f5eb7bfca9538f458002,1
000921.png,train,4ccafb9186086575d78f20f3d85b5fde3629857c9c4b428aa4bd6b4cc5f014a9,1
000921_bright.png,train,3337108f4eb3173b97a23ff5e022ac932c47fecbf72dd5d862112d92df5f50bd,1
000921_clahe.png,train,1499494224be60fbe837132073538338ffc09a3e1b1196ed7257f1fe9d6d174b,1
000921_fliph.png,train,b0bfa69983f48270c00eeb1c2feb1fb604ee7775ec1d3a50be49167d35e8b671,1
000921_rot90.png,train,c5de7757515b9ea374a34b0e552864d7301382f1c931d948c78f091e63b4beea,1
000924.png,train,9b2d2823d40ade39b0554c9387d8a762f8438f43d5bb98eb78a3ae40097d6f77,1
000924_bright.png,train,ce67dcd7f5fb5fa7cf8a0bad464427dfac3bb369f65202cbb59ef45152139b46,1
000924_clahe.png,train,2559e4672076d97197abdd78e2b958c5c71c31bd8e1cb8628be66534fecaad66,1
000924_fliph.png,train,a7070e6215121aaa6b74b982c4768b4591e6dd826f8fc4691ff241f123333e09,1
000924_rot90.png,train,1832c0239bfc73f15ea45c92b2fd176435b898ad9d9e7238400b1c567f15ffee,1
000925.png,train,d59224320716fbe9ad7016050ff2475fbf8750895b0b878e7f181c70f8d41896,2
000925_bright.png,train,3f2be6bdf0f5f3d533a0658a792474fd1ce267522e345a90bc0a7cdc2671a047,2
000925_clahe.png,train,e09a582e2ff27fa90396a5c193f4076546902f2fadaaa79b83f6aa5bac268fd0,2
000925_fliph.png,train,13cfc6bf8f733877d52d8b7909fee9c8995548866449050b5739d46f403d27e0,2
000925_rot90.png,train,5ad6d36de9a26e9f1d29fe96ecbe53fc1109855d396d3e2eb7a844de7d53db55,2
000927.png,train,174ae11938963abbd184d337c7f31a0728b15298cbd5ffee71f88b79d64a1e4d,1
000927_bright.png,train,46ad2b846044fe0280aee2e2f1eb66f61046a17bd1bcd87cba9c2a6df34469a9,1
000927_clahe.png,train,bb8b99c54fe4c402026d77905824867fcaec89af2ea5e16976329504ec8f6fe2,1
000927_fliph.png,train,c596b5fe4e7fbdeae8ec1b3a7977997094bcd1c5bfb07d1277711f30cfbd7c42,1
000927_rot90.png,train,d9478bf2e3e3dd3086f4ca45b7e6087c827892e9070af1aa70ab6a33f5a0db5f,1
000928.png,train,5ae3a698322296fcf448f4ec3bfadf74ce347337288023b78e2bd80a38402e33,1
000928_bright.png,train,389e67a93684657f1636049bbdf3f33ba5277b9730a1813f083f8503a4e24fc7,1
000928_clahe.png,train,1b849ba53580665e6ff3a11b5d24999fff863ab61b12b6357ac8da6cd9853de5,1
000928_fliph.png,train,d1ab2636b35dd203fdb913c0947bc79dfa7fbd8aec8b3a31dfaeffb80d85236c,1
000928_rot90.png,train,b55eaf9fe4af7fd82683810e6cf6e70555303cfecc396b6197d34cb81d384f0c,1
000929.png,train,98171dd02d877ef3be103f0fa7cc6034a43c3872f616ab191e0ca3fc01459e06,1
000929_bright.png,train,f03ba15e23dee802b18c5e79015e0379ea40a6fce4e5f25688e239dbb6976234,1
000929_clahe.png,train,9bab61deea448d0435d3c82f952094bd13eaef761b08cc793d5902ceef037758,1
000929_fliph.png,train,cfe6300b4de253cc272608cc33eca3764c244c8ebe08b2ebe1b8ae0743316c18,1
000929_rot90.png,train,c31ddee9f1a1407d973e7bd98d246c2c958f7139d258eff50e725524f08f4b4b,1
000932.png,train,df023328bbaf1868877b86411b052e229e56f7e62661d783be4cbe3aff74d20b,3
000932_bright.png,train,bf3296b79504e0ce0b806bec0ebfc6b6aa2059d35bc06398994489a43507f617,3
000932_clahe.png,train,3c76da2d5b55a83e4bc64e7e964591d1b17a642c6db254634460af2d9072da61,3
000932_fliph.png,train,bc60bd983beffdc01d072981a61cc24269641c56ea0249df23e32e7e5299ae38,3
000932_rot90.png,train,b2d56644fbfe349c31385e83aad036b994398c020743b0d63ddfbde948d79145,3
000936.png,train,3453735ea31124740a2607be617131ed03a888e5043941541d25eb0961e73e0b,1
000936_bright.png,train,b3d90c2525a2e1690b992deb417e195bbdb4cf44d7921004f1c16d10fc21a239,1
000936_clahe.png,train,862e5a1899aee5a95000698b053801891d6ef841cc03f8f328d6505be9f86388,1
000936_fliph.png,train,078e428a6447c754a8e79543b72ba18bef0e8b594a34358e3470c74b3a83db21,1
000936_rot90.png,train,268f94b0972306ab4860e91bb394bf465e490ca06d071139da718f4946f277c0,1
000939.png,train,9ca08105f53fe691b7990a2820a9e4c9e5ebf8a77a53af0d45592fc397ffaf2f,2
000939_bright.png,train,42614dd536591f5a331a7315961b495cb0827c28186ce2c26a7dbfddd3aaf48a,2
000939_clahe.png,train,f64e13f018ee653008661a29f897165d67a0c890182453294276209806793dd4,2
000939_fliph.png,train,02a38b61e1e3bd81c9d3ab0badf281e912259077f2b02c6a146cbdc0855ff103,2
000939_rot90.png,train,07bc27cc02562f7ccafd4293ded3c1daac751b05e337c9f9a52bf5f78800f023,2
000941.png,train,01f3d92adf532ebbed8b696e20f0f37b596a0cd9da5990dc5f379878c7f069f9,1
000941_bright.png,train,db290615e3327a541f238a69b1fb44649936e7fd60c4e45cf094d0e9a61ccf79,1
000941_clahe.png,train,7f82ab17b028133f72510cb371cd911f89dbfd0ebe78fab72e9c22490c7e32ab,1
000941_fliph.png,train,90a598d3ebc495ba510f825315b0c95e418988bab07020b3972aada37e299fd1,1
000941_rot90.png,train,013956edcaacb0593c0a51a8fb08f13e3b485e7df6f1c53d3078023c646965cf,1
000942.png,train,0b896256d3b186164a6123be75ff03a67381c4ffdda4232adce0ed81bf1bbc19,1
000942_bright.png,train,0be2ed85eb048fd983d3ed2b4489a6b5172fb391af977bcfcdc235de49dc4407,1
000942_clahe.png,train,9a80995bebed4f1ffe107f17d1c2219c203e80b6ecb5f4832e9ca41be4d93ed7,1
000942_fliph.png,train,c47614065a04e405608f8f7c839b621ed1ec1f60c54c05a71486fdb55282a820,1
000942_rot90.png,train,654ad355e9142655e457b0d18c62ead1ecd17748537c918d9667c9d3b1ab4571,1
000943.png,train,26fba31d878d49a32fcc95fddd8fe8af81b888cb89363207cff06bd8fd39eeef,1
000943_bright.png,train,7b3b8e25087db346ee90456e3a6000ae81f84b24f1f782042d257196bdead717,1
000943_clahe.png,train,87f7c83254b8f28b24a796cc2d1b9082beaab3ab5aab3f5b13244b1526d69196,1
000943_fliph.png,train,34a7bcfa2f616a164e5b0ea4b7be31176b26c4a10a15a4919ab8d7b4fd1676cd,1
000943_rot90.png,train,2a4db2a3bda2ab988fba5b442ecb81b095d10f4b96995affb7d8deac98a4afb5,1
000944.png,train,155ce5bcad07ab896210cdf0aa94c4e836a6063cd465e39c1e37476961784c66,1
000944_bright.png,train,e2a9a8d377aaf67908d9c4a94807d6c82604364236fced28a42197c29d309925,1
000944_clahe.png,train,57318e9b960ce690f3ad9200a89d4c062decd532bd309018a36748349874323d,1
000944_fliph.png,train,6b9dc8b17b41ed8006efeefc0e6b1984914e6ea601b6e0de99e79b7ab064a31f,1
000944_rot90.png,train,43bf4821226322b240b55cdabbf741adf9803c7e02c177737919c02748ff4791,1
000948.png,train,5117bfa090c3c246f731d7c467b3eed5a990937adc70d5fa4c3bdc53ba89721b,2
000948_bright.png,train,680355eb50e1e31277148f84406989fd644e169411e517eddbe1bb471dd2fe10,2
000948_clahe.png,train,070e3b03f6fbdc7b07820f2b7c109ed5c80f8c76e9c737d719eca1816b7dbf45,2
000948_fliph.png,train,a2b3e2af5d24ec5073ba37bc3a8c60ac1f0588f92f8b6d58fcd4ad73da8ff9bd,2
000948_rot90.png,train,d7e7b6c19877a66eba3dc673f0dd7fbe370347ffda138e5258b206856ad2d8e5,2
000949.png,train,83649cff33015e1410b2450281efe0394a8d6f6db08a11e779978200ac8ad695,2
000949_bright.png,train,6949b4fae0ba1314993a92003590f60ff8e424a4ce969083b39b823bc82f42ec,2
000949_clahe.png,train,47c0e80ab455ba5d7ad2c71a64ab41ada09a7e8fbc2e806fc30428bdce06bca7,2
000949_fliph.png,train,5e47d769c905362d571398f3baa8ac8abd7b34a255b7c71455259d757c793c9a,2
000949_rot90.png,train,6c001ab244d15ee0fe9c6ac4972c0456e7007e431f8047ea01c4e021545280a8,2
000950.png,train,7822dacef1911ee7f0028a35d49b323a899184a8bad39713cb3a75bd059e1a78,1
000950_bright.png,train,3a67fd9c138d22dcdeefac3c5cb31688dac0082ad87ba7ee32b97726f7729f7f,1
000950_clahe.png,train,c88e9bf70564c67985a3ec68ef248bc977b8339937b440da5374875609fba657,1
000950_fliph.png,train,5e3d3988c1a0c36725a572f0c3b463b6032c1ade8e4e2f628f6d9695b8d22a7c,1
000950_rot90.png,train,6a0ed4288bb10a734a91a978b5a520df490668e1513f5673d355ba3199caee27,1
000951.png,train,140184357e5a2598794e7199fc11b767cdff4ad3078093d87727631aee3a5582,1
000951_bright.png,train,8fa166b54a9df85b04b9624f9f2c18229e8a2240ce9f79ec446b0a442d0231e0,1
000951_clahe.png,train,4638d105c786463bf4afb82e06de8a0e7b595e56bf32c25f7bed7338af363f99,1
000951_fliph.png,train,89e0d4acb27c24693fd4f37a6bc5d1503b3c740c553c5211841c0d807d5d8d4a,1
000951_rot90.png,train,856a5eb4ddbc0601b1bf494fd8bc6cd3dabc8e06dbdc8dc2b6a80069a7cab813,1
000952.png,train,ac72d0e282960ceccd86d21d11c5c3fb66de086aee73d1407b9f64df72c29d9f,6
000952_bright.png,train,cfec08f4f4cdea1f19bfc2ed78acbf233cdcd77202070841aa3e15ad8c0ca0a7,6
000952_clahe.png,train,f66531f8aa4278dd7558fbf62157c1f3f4cd46521297e3251ed73b9fdfc40c02,6
000952_fliph.png,train,e20899780d5127dcad5adc2ec744324d8d4ce689494270413cf9a615d08c52ed,6
000952_rot90.png,train,e9f29eaa4f28042e1635812fd23d4e3b6818d2ab47344f73b8aa0172a8981e60,6
000954.png,train,145c4c1c91bd5a8dfe2c66ed5aa53718e2f660e531ec04982d9c71d328dce02a,1
000954_bright.png,train,c2288993a85937981f0e68743a23a2d8a6c0799e114f9556af159a50232a2249,1
000954_clahe.png,train,fdbd05a45b36eb95f75bac1fa82ddee1b98e2dbf4727d3d88ab65fff58f6e133,1
000954_fliph.png,train,9b09a4108b2640f43382487d2a5d4bc10a8ee29cd747e738db617ded345c5d25,1
000954_rot90.png,train,b7c009483dbf90ccdfe967b6219db42b248062145f88ef98d9c3f2d1b9b4f68f,1
000955.png,train,55a6cc49dc9549349ecaa5347cfa50bc953ab70a44b6c495b2867bf2b5ab64a2,1
000955_bright.png,train,5c0ad633de649ec00b98f629c8c1eb2e527dbdd8d99ceb083e7b39a50ea9e881,1
000955_clahe.png,train,597882c50c0cce3f6aaf4dba4afcc1374ea4a25a6cd373592cf5a1e8885edced,1
000955_fliph.png,train,64edc53e51d729c9852c72a0495d3d19203bc1280bf001849026ee84069edd9f,1
000955_rot90.png,train,8366cf39afe0c7e3049f161214c902661b6a55c3178542725a658ece5da3b5e1,1
000957.png,train,03a2c3f1f02f4cfb70df08bb3a6a72d29924fc8683b23baa22321370f71a61ea,1
000957_bright.png,train,bdff15943e2de89f94ca68feb23d3bc527d5c495c135425d29dbf69110dde5cf,1
000957_clahe.png,train,3a35a713114445ae7927292f1c1d12c436988f81465f9c6e0c5e71427835dddc,1
000957_fliph.png,train,460751a852706f9b04b4c82e52f4261805a65115975884a9b88681676737d391,1
000957_rot90.png,train,43f28405075c128adbbe160fbbf05c9b318522b4e23fadf1471292fde6f94e49,1
000958.png,train,24644f1a62a1c571c579cf0649c239070c326f268b08d19233a03e44d4726c55,2
000958_bright.png,train,d8ec80195bfbfe572c27bb0b8f3bcebe69df837ce04ad012528766965b7cc213,2
000958_clahe.png,train,789b039c88138d13707af1efbe8da5f5c98bc67d2fa2fc7c04727088adea3196,2
000958_fliph.png,train,fcf76785671f3a9ca89abb1a467b657464fd20eda5fa05340f4abd41a0b47f9d,2
000958_rot90.png,train,b89a90808a09fc88da83fee4b00333fea5f04225f58463165d0c145355667722,2
000959.png,train,12fc341b7e5040bce38a19f24218ee8a7ca0e739a02162508e2062016dc60962,2
000959_bright.png,train,e33e3110b879e024a9e41f26c49d9c8c58e94bab118c1254dfbdd7cb231d18d8,2
000959_clahe.png,train,0e62b76e4728cb2266f0288cb63e7a9bfe8109369ea9b1f1fc63224ffe5d95ad,2
000959_fliph.png,train,c0336845ec40fcf61bc51786a1c08579c05b2417fc486e1e797ee61e5d830e59,2
000959_rot90.png,train,748f16ec778b4575b2031cdeb8bdebc9f45473f685db57a93e8612d6c1b94376,2
000961.png,train,fc105af94293958c55ed9d2059cdddae700b6f144668df66ebf1f1e813d18544,1
000961_bright.png,train,0607d07f29857f81dbed55a12c20800fc335f44585928408a01dc32bce4badf8,1
000961_clahe.png,train,2346909dfb6c00df51fbe848850a81b0e2fc4d43d5894af749ce7bca01636b36,1
000961_fliph.png,train,c625e56747aab203899d0b827bb5ecf9e853219da3f6d1772afe68f0e61a3a94,1
000961_rot90.png,train,fb5bab320f97602feac140800cc8a09f46a5519e74aaab30c5ce40e69491445c,1
000962.png,train,9a312e85eb650d28e4f5b93f34a8bfbd12043a8d4d92a4aa53de5efaf6f46b5a,1
000962_bright.png,train,0661f1ca11a22ac3f2318d9e8f2e5f9dd2c14c271b37536081210d1907e2efd9,1
000962_clahe.png,train,4bb2780b187b42fc93a222e636ae16644c232affe37fc3821fd4ccba20263953,1
000962_fliph.png,train,7698a65b3ca021042fbd25ee21eef27e9424313e09d1d5b36f3382d1c309a33f,1
000962_rot90.png,train,3f46b6240270505df8efd5db0a2891add98eade3981421d56baf1ead0fb01f46,1
000964.png,train,1f43ebbc57465707f07ebf21cba58757b70a1b03406f11624126b91d1821048d,3
000964_bright.png,train,655ebe24d8f0a9c4b0848e094c97b364e2675d419aa38d0116af5da78756141e,3
000964_clahe.png,train,c8cc3502bd381f4141f101663170d9f6ac9648369595224f5d5ba1771cbfa1db,3
000964_fliph.png,train,c3dac256097a6111446d3f44d31042f3be2654367cf4e93dfbcaa4ec7eeb187f,3
000964_rot90.png,train,9b7925194aa4be25101e0b6e652fa2b2a51ffa0c9a391afc8e3ddf8fc8764206,3
000965.png,train,2943219195b7f34488c03627c051a7e189e4bc28c36125b85dc4c5be400da2e4,1
000965_bright.png,train,b9dfcc0ce010416128b93f83e5ee005650cf9cf5fa3d7287e9a2e5171052b36f,1
000965_clahe.png,train,d5f8903f3d22d3f9c6c3bbeaf3a4922c4df9aa6a756ed5face595d7ec9660a1a,1
000965_fliph.png,train,ee19cdc7a35cd5c200a77569749b7946bbc929306e3f4adf1e3bdf82e9a5bf1f,1
000965_rot90.png,train,dff34a7972123201430cf124e9324951035a63f5222a44117179167a0351da0f,1
000966.png,train,dd9347e70ebfd201e6e15b88ec8a355e6598ee3103dacace26374784cd09c251,2
000966_bright.png,train,0e2551cd6e29150b54afc312d9197b5bb72297d47acdac3bc98219e6a6532659,2
000966_clahe.png,train,15d9aa6a60823db8005f2bb0f4909425f77fc4aa020106c8e87663589be1d6e2,2
000966_fliph.png,train,c18b3d976f2fa2e0c8fae1403e8c6030d0854272ff5ad7633c35a9b2d1673387,2
000966_rot90.png,train,3267efbc57216c7d829f07f548ace0fe0e0372ef9a1ff6cadf77e5c61af3694f,2
000969.png,train,0234106886575526686effd46def4ae29c51f85571226ec3c5cdeb4e0d9164af,3
000969_bright.png,train,7ba3d5afb6a79ff2f598056e593137c3dc9807e3495710e481b45240c2c4d8d5,3
000969_clahe.png,train,76a1342799614c8d51412bec5d0dcd27330bc7f832ae77fc74a329753a38fa72,3
000969_fliph.png,train,3bc73d7cb477bcb609f611d87908071563e6a9874f6e45dda8ccc06878f01612,3
000969_rot90.png,train,031fa7423c43dea6047f0692c846377fbcf640aa3ca07d66e23b83a473cfd8d0,3
000970.png,train,8ec768dda089a9f6d519c62e6fb587aff68570addd98ceaf01e50b0bdda95571,3
000970_bright.png,train,fdad723c4fc024b958c63c1c3a4b4afdb6c279e585f8fe0d2757863f2d2c5a2a,3
000970_clahe.png,train,851b3a8616a325874b011c1b111c593e322b9d29815e50fa46b3ee565499bbec,3
000970_fliph.png,train,008131b44509ad7417811fff7d08fa301091d15a6c245354a9b1cf70062e9401,3
000970_rot90.png,train,ceff7c548e929bbe21615bcaa00921401aac6bfe156335c7593bf3a5b9702061,3
000971.png,train,93883ce52ba6db59a29a3c3bdf1ddec6c8a81c466ce4c1b225b630d5e762ca31,3
000971_bright.png,train,4e95828a03ac8a31fa6a409a20e9d237062a72c3257c7a45895ae5c2b3837dd3,3
000971_clahe.png,train,769b8ee393eca5fde8e2926041828a3096687655c01e8a50ddb0f94313b2cce7,3
000971_fliph.png,train,3d2bb5be6b13a5201b5a962fd9695db6bdeab9397e9b92814bf05f83726a8f0d,3
000971_rot90.png,train,f42b315e579de0c5568153066a01fdd1bf33fd02a892738a24e4f77bbdfab1d3,3
000973.png,train,93220893ad5b1a0d06f85c1fca5fa20deb0e65b6e5a4b6fa06d784bbd460eb53,1
000973_bright.png,train,71cf8057a6e0bcbd441cf8dc2f2faddabad57e184e18850e36e88c4028d85486,1
000973_clahe.png,train,7380ed427dc258883e4a6285d73f0977b658bf47ef6de00580093e2f28c9c8b0,1
000973_fliph.png,train,389af5f9c8b35c52e80942a9ccbf0d8e5e00b37f5c13ce853a0565276106283a,1
000973_rot90.png,train,3a3c3008d42700cc13c3bd75b4e0393d6f8e95d0dc12e9e4ec888c974009294a,1
000974.png,train,7a5b0df1eb13eb22fd9a68422bdd962dc3d57d497dba0b84ae079664f0336c63,1
000974_bright.png,train,0edb4f393039d064d8bf51c2059e1acdd7fde7db9f93da94a408f625054046c6,1
000974_clahe.png,train,ce9fd72b4f4ede3e91e6889730897b6741d4d039e42bb19f2597948f15b68b0f,1
000974_fliph.png,train,58ac1d3950042e4d4eadeaf432466b4dd65fab3e4f3d1fe3491edfef9ca57da6,1
000974_rot90.png,train,8c2caeef957099551a485febe134c0ff1ef3d94fde6493ccf5e5040a2c2eeb80,1
000976.png,train,83eb0147bc6b8d47ab0ac88fc4239ae47f997023617da6ef2d7b2942b01fb9c1,1
000976_bright.png,train,b1d0c07449e4c536bb255f70f899449197ea0be760c691033ba90516bd923c0b,1
000976_clahe.png,train,bcbb3d09c99fcd290fda49a9cc5f458f7e0650d149ed7dc4a0da19ef7d01f007,1
000976_fliph.png,train,001e5923838d1e97309323d5286f2888d607c08e020ae847a35c00b0b700ebb3,1
000976_rot90.png,train,b02ed6c3e624bef8bd67333332be1fc3c7319126b158b7934f506fd8c8a4fb5a,1
000977.png,train,2c37a2614497263f02393d79ba8d6684ba360a2be20619248b89ccb986866251,2
000977_bright.png,train,4f8be8002cfa4ed1c949e429157acf97843441e9db091d0ed2615f2162e6cd96,2
000977_clahe.png,train,fd14516c976b2b030605eb4268587b33295d728fbd12261a784a94bb098b86ec,2
000977_fliph.png,train,0d5f6d54f4ab2f3ffcc9ef5870daddb484f26d9a81db9f737a078d461cff58ae,2
000977_rot90.png,train,ba175c72c45c7b7471f9b9dd20062b129fe81299993087e3873968c8f2b267ef,2
000980.png,train,dbea10bff41e69f601769e526c6222c8b6a74977a99b1962d95c0068e06c5258,1
000980_bright.png,train,dad959c633fb69aca7c16c40b4263e3cea4ff0bb064c484491f57dfdc86b600a,1
000980_clahe.png,train,da19609659313307ce0fa5d0927a496e037613996069683ffb2a0e879c875f78,1
000980_fliph.png,train,a82e94da5f81ad89e649355b206fcc19b185f4038f407bda9adf9f7410f170f7,1
000980_rot90.png,train,367248e6415cfe3a30db7dff7da1d5a0cb5dd2e151741983a1e83796abccbf24,1
000983.png,train,e3c4d7954c39e007c6787c22bee167c33e700c223fee6cfd2dc11e669d361827,1
000983_bright.png,train,91d90e26861438aed0037c286efbff48af41d3750dfd68748f1ef391fb8cc7bf,1
000983_clahe.png,train,62ed0fcef991f423ea1f8248e7fc038a37fa5f799ee6ff8429b212581b5c178e,1
000983_fliph.png,train,585ac3d565e0d0d220736719f964d5341e983842be7424f4fe7c1e241aeb6700,1
000983_rot90.png,train,e68eaa2262dc8746ad9eca1a3dd8465d4055a555f4a1dc1faf0b1f69d62cb15d,1
000984.png,train,17815d37fb577287524797ed057cf5d14d981b867e5647ac06a4f57e208339ed,1
000984_bright.png,train,23ab924eec67b2278158fad58c1eea359b805421eb9491baabc34db298176e0e,1
000984_clahe.png,train,3000a436a58f8fdda244abcab10248622c40f28670e3cd91496c772269bcc78a,1
000984_fliph.png,train,10f345b5354b6d51c89bd390b9a5f7b86cf84faa3c89ab3bb82ac7942895be12,1
000984_rot90.png,train,9748337da5357764e5685721039aa067f323ebc1ddc96d0e00079a0b9ba81e51,1
000987.png,train,73f974777e5d9cefbe0adb54c52bfe07336623e2b63d7c8106876b217e1477f2,1
000987_bright.png,train,bac53d14c842a76b9b26d52e744fb6f3e2016c1ad81b21c276da2d1958fabc3a,1
000987_clahe.png,train,56ec10916e460bb2b2a985ffbc81a987afc04dc45c1e7948fbe6ce8662c58673,1
000987_fliph.png,train,1f2d59675628288b2bc58570bb0d88a8ce2a7b5b7c218e5e0366679af3d97888,1
000987_rot90.png,train,85b511f3898f0392a871c780a8a9905f2f95a719a9bfda2213033e1521507014,1
000988.png,train,5f181fda4e3e1ca45b2ea34f0fb964535d339a58c9b896239163c9c0beb26553,1
000988_bright.png,train,8370302b8339ce2a6eb51b7cb1e5c9e231ca1cfa7406c61410f6de347cd244be,1
000988_clahe.png,train,630c50c410133f518e5fb01de24c0be5a62b0c363bd85720b74b46c0ad314c04,1
000988_fliph.png,train,5f97c17445a7161353612a625414988b92766c51ad937bbfe2f66fb4ed84f564,1
000988_rot90.png,train,98c7589dcabad562f9a6c8591cbabc298e30234cda8b5b3d3aa108fda7ce8070,1
000989.png,train,45ec2ba49b5c99f00c1cfaf7a39c51f0a22501600bbab32518f3d7ababdbc6f8,1
000989_bright.png,train,3c8bfb5dfc99d914784cf0cb4acbcc18960e552868d4e8743278226838c8b1c5,1
000989_clahe.png,train,10bedaccaea884a95b16d8719a83afb3df352742d1a6736a4697976f9fb5ecc2,1
000989_fliph.png,train,ca73f38558c6755ae06ca4690b4283d03b0928d5485564069c1d7c84fa828ae7,1
000989_rot90.png,train,1bb26fb9cd68db71a30382432923e8e7f7d7df240a1a6b9ca9e5415438e4ce01,1
000990.png,train,bfe9408ffded68b5f0e507bab4b96160ec8d466aae721074c71fd0a4d02fdee9,2
000990_bright.png,train,28ccdd486bb46386673737f49e349b65b4c1f891b6599e08d0d7dca14c9c9bed,2
000990_clahe.png,train,f3c9ac399e602747b402ec5703ce79b5e4b92a43d19e6f0d9edbaa2ab440b35d,2
000990_fliph.png,train,b2748c07df60fbfb649d397187642d6c2af3b88ee3e6b58529fb3b6c53e2c6d5,2
000990_rot90.png,train,4830d09d6a1997b83ada60b5bde19be2df9ae770981df85d19dd59cf45aebe5a,2
000991.png,train,8772d9c1b2312f728d3aebc0a3be5f904c2d02778c7e956d258cbec5bdd349ee,1
000991_bright.png,train,e9d8651040d4345f0e7c9b893c95c0b51fed467276b8e8cf56f8f2c0506e7ee9,1
000991_clahe.png,train,623b645c22e7295965541713f21c632fb0b5d2997473c097458934aa5f780ec8,1
000991_fliph.png,train,23b6207fbf8c07b257f46ffe62d01dd2e842191cef5a2f8e72757345f4a4569b,1
000991_rot90.png,train,2da9061e2608e13bb023392fba7c240d8c1b63a838d224a0395400ee7bdb163d,1
000992.png,train,064e33cab63c3ee73e0d8067250a925b37429cd37c3bb4086e80ddbd8711cd10,3
000992_bright.png,train,739425856d007d0296241042c02b801bc2200ce5ed1c4e827af6c8146fe7641c,3
000992_clahe.png,train,2b3b37755920f7168f23f2ab37e6f44e245dc5937eedc07d4e984a7bcbd53a3d,3
000992_fliph.png,train,40c7db39b24e27be0a47c055b6ff1d4402e80464e61403cda5b07cda76117608,3
000992_rot90.png,train,5993df5e76c368bae4f663b5ed95505d7f08bb7636b0cd11c0bf9c9a2c4bf0e1,3
000993.png,train,209446a36b3e1d7bf7dec3b52746e65984659060ba7c8b1b64d97d99dfc3fa04,4
000993_bright.png,train,558a617fca336e12bebbcd58dc1d5c225bbb4c74516457f8eb9c199c84e85709,4
000993_clahe.png,train,33926ad47ecfd7ef1776bfa9223fae5f1b6956048dd12c8e9073f4774391c2d5,4
000993_fliph.png,train,d74d83ca2f957f12642095efe1d380b0b99363f319e92726b4da764e69d14eb6,4
000993_rot90.png,train,6ce03519735f7f08b6eadb9290fe7b0723aec23ce3d0d61a991fa06f34d3bcc2,4
000995.png,train,7df87e9d00c8bc0d85b56af2dc8e147adc0558c03036eab2a2d5587f03efc3e0,5
000995_bright.png,train,f670e28551e110c8dc7dc13cbcb763485e701bd36cc854d8e03533904b2eb8cd,5
000995_clahe.png,train,17c9d3427046c6eab40c1cace3460fd420b5c134631dda4130622efec77aa7ea,5
000995_fliph.png,train,1125f5fa89ef292eb917fe7eebc5bac7db4aa28b1310e2f1ef2218c1790132cf,5
000995_rot90.png,train,998de53c6a32a4301f841e136ff1df5080952a4fad36363c7cacb19061f3f41a,5
000996.png,train,289ed107ad747e6e0c16750f13746ee27d1b3c2336822c7021dcb76664a59d10,4
000996_bright.png,train,9a1f7f84ca8459b86339bbf818dbd9ad4df700ae471153dd4158c731f4b47bbe,4
000996_clahe.png,train,6fd7f049d3807874a961b2ac3db3e3c4f9f2f9b8a4903c4a0ec54e069d118af9,4
000996_fliph.png,train,48bd59bf07c5dc6270d0937ddc5da1d4a3b937c2d68241bd8d424af69aff3289,4
000996_rot90.png,train,2d1aea2de5895cee34673b2b7fd55bd105f6822aee2f88f9aed650d5d55520cd,4
000997.png,train,4111a0d45b2faea9bee6f9719f909f460ddaa6c99563d1a5f9c68aa64916b745,2
000997_bright.png,train,4c48189d142627860674e1c57fbb4a0b2d987d6af8d462d31a6cbd4b092411fa,2
000997_clahe.png,train,441d7c924ba587bff918f9771657c1eb32cc908cf5fdc9a931abda36d27c3a31,2
000997_fliph.png,train,7d7d6a08963d213dbb56ea97121daf0583fe2b00bfd98b5a35be3505f015bbf8,2
000997_rot90.png,train,ccb08c27edfed1fb94497ae143eb8577b62d5f698a8157817f4e6d6f5f6b1fc4,2
000998.png,train,987a776af03df153904c32100f0a98abc916bdf937b2703eaa1ea2eb7746447f,2
000998_bright.png,train,cccb6664740e8465f8e07fee63cf829026b1aa95dc339511ad14e264476a258b,2
000998_clahe.png,train,31483db2a06360dcb5f370d9f1494ad44a42a07a1583e95b76be3d2c9e313186,2
000998_fliph.png,train,cddf4579971054e3b5a7fdfb449b9978844702456b3c6c7506971247c72308a8,2
000998_rot90.png,train,979ae60b9cff3d1c95332e2cdfe39910434532fdf2507825400b7876f20b3b4b,2
001002.png,train,25f3bee26645573a67267e1e6bdbf3a62bb548859ed3f012ed616659a03f386d,2
001002_bright.png,train,ec4cb1c2c7d8932406536ac452283ad9b1d0d710803eab779b6d4631eacdbef7,2
001002_clahe.png,train,00f4bbda0923b1ae47176a95377e63919745e53be116db50d5dfc088c9e32413,2
001002_fliph.png,train,baa5fe4ae8abd74ed8e1e98bfcaeeabec546243c0e01c95dacf103fa11f0de9c,2
001002_rot90.png,train,c137bbff199e1618f3d9294be48710148bd41bad6831fa5ce45d7e8b750d0062,2
001005.png,train,9b05b40fe24ba334f45f0aab39bf92849837f78b368259598ba5b52de5262d5b,2
001005_bright.png,train,d4922fad095ea85da98c118a68e3df1df63112103c11e258694c1ee373ac9142,2
001005_clahe.png,train,9c7591f4fdf96c6b7c9baf254d10ddf91d1d3ec131aaae8a9e29f3adaf00eb46,2
001005_fliph.png,train,a3c4d97ef507ef102fe60fca0b8ff6e6099db51a5d3c58650abbd21a2175f362,2
001005_rot90.png,train,33e6a36e67e8ef700128fc4a6662d46ae3aef43b3528630a2f8350ce301b0145,2
001006.png,train,c92f533d7e3f2691ac5507a8d677ccea0a6c715a31e61342a179513e35e7e709,4
001006_bright.png,train,4a8f89040955c9305d1a6ac9f129f820268d951640c183ce1d1c3b3a5c8a18a2,4
001006_clahe.png,train,1a9ecb1547ce8d9a28e3c33c0540413ffc682a39a0be6e8fbb392c1010dccd83,4
001006_fliph.png,train,9a494b427b4b66f1897498f367578d653affab7fc6243bc928306442877be214,4
001006_rot90.png,train,6bb1d17698fa0f4326e4efab565762bc700dc1ba942570a120fbe18cd5f3c4f1,4
001008.png,train,30448913926f2af4960d8c9ac6b7483e6c14753323e379897b78df4e38b9433d,1
001008_bright.png,train,32d08c05c4499767a8fc40562179bb3991a54773aedee30c5533cc13d583a4f9,1
001008_clahe.png,train,9da6f388f5da9e46f3d607a83c281584de10b22aeb925857be0f7668615119cc,1
001008_fliph.png,train,2f72c93f1ad068fa3b44e73d221627c9e7d82d47691ba174206916692a21699c,1
001008_rot90.png,train,298e7a2e7ca5447c9195fe5486ef73841bb3838dac93f0fd726770c3f90705e3,1
001009.png,train,23eac1dd53f6b141a70812b40fe05a2367da9d9dc7350533d3cd223fc8b5d4e8,1
001009_bright.png,train,fd0cc05a731c9076ecd6fcdf7aeefa8465a7e36da4104526485864dd31a6d0b7,1
001009_clahe.png,train,e3c290ad10f82d0385acb71101ebfdccd2ba8d50201979f1dc92164fdb825b94,1
001009_fliph.png,train,f5536561da2d3254ea3a4149eceb8528874c2e60fd1ac28be676e46fa196f3c2,1
001009_rot90.png,train,a6d9adc7bfe37b13495b98107d39c6835bd17c0e58a6185138a15916dc2e8ba1,1
001010.png,train,947fbd87a568a41cba7abe8c58d87d2624e87a51f2d99eccc1cb61ea682a4237,1
001010_bright.png,train,1fe72fdd0fe36e1b5a549f75076343cb4de3dd24492c2d566d962fd1fc25f0a4,1
001010_clahe.png,train,e3e65754881eb9c98d2a791cb28b128d2dd23a9fd0a924060355da12bbb5861f,1
001010_fliph.png,train,e8efe15c5c58960957e8e93b93a9c7eaeb859c3d9b90d7c78e5c24e75588df2e,1
001010_rot90.png,train,64bfa523cdee3165e7cf88c455412628444738083930209524409b5473c32c8d,1
001011.png,train,d6106f9382a4c4c0c7e0983bc83a7db55a883910762685e30fd77f7d980e8226,2
001011_bright.png,train,a8d4f7af026c59be87a73a5c73df0ff9f40c89f98d8e55685790bf0f3d4a2168,2
001011_clahe.png,train,df7f80b65c7b8f3002039199961b52033a55763db796feb10b5545245b7bd246,2
001011_fliph.png,train,aaf274a0aa1de7888ba02d887783c4ebba96287f925d2fd3e4682fc06e15c7b9,2
001011_rot90.png,train,ad56149157d8d689752fc3d1b7b89f2a6e00bd84a013d2c7619f2db6c9d520f6,2
001014.png,train,18cc0d05b8f67152270b1477993270f34171568976f4ede1c8b9d462f8b5fcbf,1
001014_bright.png,train,f1f8fa873b027f33db7b9ee4ed137912ed3bc4ad06e19e9f3537f1931935b853,1
001014_clahe.png,train,a757fecd295c249615fdb5a04f5928428929fb1458b004b51d59ae1555e524d7,1
001014_fliph.png,train,e91945bc55d2b30881cf9cecb415167c4068dc1291f9e38eee749ce91bbb87ab,1
001014_rot90.png,train,f0e9a86920b1e6b6f3526a91ad7caf8dfbbe10caef5e441c7c3f31c524b1aae6,1
001015.png,train,dc1c2ec83c49ffbcd527bcaf46083958aede0bdaf5f2a09b7ad3f0cb6c3dafd9,1
001015_bright.png,train,26108a53edab44797f10550a6ea4135be96b1d29b106f2e0a4c28d7ab6bd2ad1,1
001015_clahe.png,train,fa4d898515a8ae99410ce3c2eeea55f902fe3e2c608b59c7e4caa13e85ec0b0c,1
001015_fliph.png,train,1f3927fbef4785ce089db982e144a13a80bd07f99579e96021db2f8d9b656e4b,1
001015_rot90.png,train,bdfb7e6c57dc97684e848505a2b31cbfc0b2d1d35f8827380277f8d2eef2b23f,1
001016.png,train,fa71018964c9642afa107d1bb2fa387378c74a12760fa753c038ad0dc156a48f,1
001016_bright.png,train,24478b0198910cee9bac857dffd3f98b8e148e5315d1c829afed535a34e467eb,1
001016_clahe.png,train,9994e8f01ce86498e308e6e222b1e869b801cfcef2a9c81eec5c01ae03e0eee1,1
001016_fliph.png,train,13e8b89b8dc9fa2df0f2ee1fe2d949a5364f9ab20db34b079ad157b5727de24c,1
001016_rot90.png,train,fed15f840af5b864939586b147f66839f54811d07d7b23d18387a2bfa1173459,1
001017.png,train,fa22e73876e95ac4948e1350a647ca702f7e4f268c78950ff20d43868c295d7b,3
001017_bright.png,train,0e43bdbdb6861fe99c6440bdaa1d7dca0f5c65c4e56be9babcd2adbf0bc603ed,3
001017_clahe.png,train,926abbd067d63be72306a0fed1a7f21381f44f22b3d47edb4e3e28d91ce1f12e,3
001017_fliph.png,train,c58d3bb202764959617cb85571d38ba42a64af8c8aad42ff70681739272cdeef,3
001017_rot90.png,train,b9302eadcd54d4967f02dbd94ec8284bcf1bd70c7c3e6e1a4bdcfe16cef407fa,3
001018.png,train,4126b5f4d09186552546e62dbf4e736629552bb4919d85c8357b734e4310c897,1
001018_bright.png,train,d2bd5b7753816158840b9e374973137fc7e2fd82ab50e86de5350684e04c4e16,1
001018_clahe.png,train,2aa850e458c78618145babd17078aabaca5c76c7aeea4ec46759a90840546c40,1
001018_fliph.png,train,eb26bd9d4d7078ef9a460524b13ff1d7a9d119be840e935a9202595e4f198642,1
001018_rot90.png,train,e7378588abc2a6aa6c2116eb5d030d593858a4cc6fc33dd75a343633746685d8,1
001019.png,train,d973479c9a9d12f77cf5fd78ef3c9c57197914d50c6dda6b93190ccf06e950f5,2
001019_bright.png,train,6fd4a264c0d7508c3099eee067fe4207ccb5cd67c6f205c67744bd6c11eed4ad,2
001019_clahe.png,train,974d918ab7becf1b0e9ba066fb7cd74027b8446245d1a89284891fd6b36666f7,2
001019_fliph.png,train,15e014e8429fa3632ba1aba89e2a79fe1b01792ee2228e3f507f06cbab3b66f5,2
001019_rot90.png,train,3ff0360287d5ba42d4df054e9e88e8f8656fdea6d39c3f7e6dd3efdd5d9fd99c,2
001023.png,train,4e206254391c99e6a5f68c3e107a289bbf83b530eb89bcfb92a601a01263b7a1,2
001023_bright.png,train,4ab3214f44557e05b73c74674ae1926e4512ef439394228b42ccdb5b032c08d9,2
001023_clahe.png,train,c41717da1204d34e0c201d32301072d88d041b26834b248f857e9e675547f565,2
001023_fliph.png,train,199229de2962b7217272236ab1a09725381fe8e0617d336526bba8efcca1e627,2
001023_rot90.png,train,1967159c6f38fc24093f65071791467c7702dcad93c9a5a8c46e75ca0633d74e,2
001024.png,train,6fe9d2ef7056b0697f6d1bc368487a26694284bb2e5181504bc939ddd1295124,1
001024_bright.png,train,bf6482544b74910a3af131384d8fdfaed0896e77b23717a00ee0d105a2565e45,1
001024_clahe.png,train,9b049960b5a809a182352d36b0b6492d1f95e58f700ddd428f2f6037bc76658f,1
001024_fliph.png,train,79279b4c7b9f5730382eed060fcf9a3dc50313ab1cd086a645b0e27fd847f173,1
001024_rot90.png,train,775163c96d111e995c2a65ab8df7ea589c8751d7566932a8ee3a0b2dd9ba03ad,1
001025.png,train,0e964f32d67a9973856863a436cc4b2f6e56f77c39ffb034f49ff5a51ad0c8f2,3
001025_bright.png,train,bb323f50e381411a445d225418e8e2dad12334bc58e4f3244659baae41e62317,3
001025_clahe.png,train,42cad06ff771ae0cac824d84b29ac0e3e361d645c22a8919d276b7e558a2cf83,3
001025_fliph.png,train,fc5dd5de8d448c774cd5952775f385fc1e9d65dab8b40025daed5467b83910b2,3
001025_rot90.png,train,0b4796152ebc4980b3cd940dfa5639810a72d38978f2e7881323d6453c7b9612,3
001026.png,train,5163df963aa98291c5fefd40b48b792e20b0a84f35d966f928839aecca405d1d,1
001026_bright.png,train,ffe4c657ce2ed7dc5f9b3c98e3ed1517b107607b867d9cd3aa80980fc5483758,1
001026_clahe.png,train,f04941dc82b756c039dcb9f55e67709838182a24f38136069909ae1b31e914f6,1
001026_fliph.png,train,38c8386971886d53e9dac548e66c8d2f6ab36389bfc654ec1b1951c89ac3ceaf,1
001026_rot90.png,train,750fc4c1e115c10190eaf559b0e9bc75a558b16a704a14f47126bbb74faa9ae9,1
001027.png,train,29ae7a765ff65edece67c773daa5fb3a4432f8521f56f71d6742048ccfee51db,1
001027_bright.png,train,2a9838027512c755171e1936c203517d0747770847b8027f8a78176821ed6e51,1
001027_clahe.png,train,5284683892235d4090e575ba152cf57d56fad9bbdc8024257d32a2b8c747a958,1
001027_fliph.png,train,071e2b9195b1e8496b1cce8654f0cbe86450f6cfbdfee4cc24a4d26c11e2adcc,1
001027_rot90.png,train,388497b3a6d26452614b3c6b712d297d13232b65da85fa567076e0135c64cc83,1
001029.png,train,084ff98b713e0a86f63500cef1d741997c57052b56ed6071e43647f69bb902c8,2
001029_bright.png,train,640a25c9c5d041719b9a48382d6e6bfd7a70b2300e594c6d161e6cca2be326c3,2
001029_clahe.png,train,d2548c1426139fc911b168bcc111c83ca9199b51770ef48dcb3fdeeb0b314fa7,2
001029_fliph.png,train,e1ff979de952172433e7405f6d41cac6823645452a14504199ee4cf128c18f9b,2
001029_rot90.png,train,5fede9dd7ccb67e130e68529d5f71045a7cb106574046564a88bce3a8fa9c661,2
001031.png,train,b954d61b79f0539e1529a8b42fa827d3b9caadc7878a7f0ef2a8d83abbbca720,3
001031_bright.png,train,36cdcd6a2901669246baa3e7e8408006dd95b976853c38ab767e035ace2a33cb,3
001031_clahe.png,train,499336fcfcd4898ad79a115b9845831b4706234c8e91fe122f1b6bf26345cfa2,3
001031_fliph.png,train,8bb723d57b29dec251adcdc50370e7c826439e8e4b919f7fb9140a146a051f93,3
001031_rot90.png,train,5b5f7efb62c4cbe5f10888caf6c94c4a4fa7e4e72a120da26be746e2234ee81a,3
001032.png,train,c684fdeba135dae187909b27bf4c26a8e0db02a7d8daf0ea4a64dddeb773949e,1
001032_bright.png,train,2e1ee596c00f0edb2e8deee8fe15a78666732aa3bde8b41cc102835841cd3025,1
001032_clahe.png,train,e838d4cb2790cb0ab6bab674bf5e8d7963a464249f4543494e44bda8f8958f09,1
001032_fliph.png,train,c296115f39b5415c866e4b436fcbd173ebe2f53d21cbfef087d9103ba73d1f50,1
001032_rot90.png,train,46e618895616f0dce03be353e24ad5feba953c37d3ffa363b4c78cc0f11079dd,1
001033.png,train,995982a301e1201c4b60c717ec8e08a9d4b24114ba2bc675fa26ec651be73205,1
001033_bright.png,train,51ba494ed8cdc4490e7a671d3dd19f27afff8158aaf7c056f8cd66ff882742fc,1
001033_clahe.png,train,93b4a82880c9be81430a0be8f7055ee2b421200a4788f351dc827173958a1181,1
001033_fliph.png,train,4c31cf29bfa789b28d27339aa0e56686fc89798926d23903c7eed586c2d22488,1
001033_rot90.png,train,737fafb53bb3550692de45b055341d7089134fa122a20aa61e7db5fa9781e2c4,1
001034.png,train,36938aa9d1d3f8d0c502c94b7ae14f2fbf1458ce8b9157d881e697d23b49c8a8,2
001034_bright.png,train,4aa0eb8208d148b163321f41286016d588cf25f1d78739c18c7a73ad1806f565,2
001034_clahe.png,train,71bb03a0f0ecfe9e4f5fbeb8b6acd0d96d2e694bf250d8793522652802609f6c,2
001034_fliph.png,train,6f6376864091f639414eb9a3ea243c0af7725fca9c13f49e1c2d51c2815a4ecb,2
001034_rot90.png,train,7c1376a436178b59376595566e1ceda4ecc4983ddb7477ef5ea35dc7b208561d,2
001036.png,train,5075901d0788489949d7582e9c8760c2ed604b105c11da615c8c4b00bca5465b,2
001036_bright.png,train,d9e4c61d4f119079f9ca6fdc2f94a80f64edf985684290cf1573a65063cefcf1,2
001036_clahe.png,train,5c69539d24a3900ec9bf1522ec6a4394a30f7f85ac1b5de378c09ff4d53c469d,2
001036_fliph.png,train,c7bdcc4af8aee8e353eb3e4ae1b1c0bcd8a56c3e6d8bbc87e5a710a46df17407,2
001036_rot90.png,train,ae90a1db381c29c06944d3f5dddad64bbf2604af49d324fde3d4b1245fd2c401,2
001037.png,train,111a7166a7f8e76947f97d875902b7b8f205cfba0fe63fe019dd7b52248144e5,2
001037_bright.png,train,abe1f71efb4c74f6afdcb3f1c0ece6e095e64e2c29067a6d897ef51247f8397f,2
001037_clahe.png,train,f5e78b88dcf12305090ba870db2fa47a055c343688ecf3e991e3db7f1b4f81e7,2
001037_fliph.png,train,021a1f6026500c20736137251816351172c26ed4255aef02dcfdaa98c206f13f,2
001037_rot90.png,train,50421f27839c8f10e779d94ca7968419afad4545e6b271b3807ac61a0a506295,2
001038.png,train,3cc892900abd5e594796bac8331ef56954466b46b0a670c92033489e0e19e175,5
001038_bright.png,train,530a1ad0d310613888d88abe1427e081b73aa2baee8756ec5d808c048ac8896c,5
001038_clahe.png,train,10a4628522a01a2da871ce84ec11d940403723a52b50f58f4b230a1d9d6377ba,5
001038_fliph.png,train,08fb8660409cc8572ac4f38283cec5bc7216fe196f87dc4332641e7399f2c29c,5
001038_rot90.png,train,499cc6c43534814b8009ba0256b129cf6204f329a09e8610259d443fa6f7ee0f,5
001039.png,train,915c59ab91f70b16d9d456657215b9b414943e44f67b686c70d6fd2dca2bf06b,3
001039_bright.png,train,643b2d726e13c88f8c1671780e9c3b87867ad307a9e1a24dc509cff32e8f44e2,3
001039_clahe.png,train,f488e731fb81eab3ff3747c3824ad8a670c206ef61619fd2cc32a77daaa582fb,3
001039_fliph.png,train,d296f5b9889e05e10abd3829e1c33f342d0ff72f250b51c730b18e8c308a5a1c,3
001039_rot90.png,train,c1958577a01dad7521afd8cf52a4ea27a081cdf091b7f6a196586f7662728ccf,3
001041.png,train,db9a52a3b665a0d5870027037d4c4b3cd87c1c8039b774bb8fbdf09706775df2,3
001041_bright.png,train,ee17e3d931a1e665b0365908ab6d8e1635f8fe0e744c735f07d39c9b10cec69f,3
001041_clahe.png,train,9dff8bee59ca89f73e240e094ab683cc41bf760c15622c49e34cd7755ead6d36,3
001041_fliph.png,train,c7ee542aee71bbfb495aaf64062c42edb7d45fba9839bda49c4ea973559a19bc,3
001041_rot90.png,train,e3456b343c3a9a30e1e4f00a1d56c34823ad8301ba6913a65045efdf688f08f5,3
001044.png,train,542912cb3b194fe231496f376935b59f19ea0ee2b9b20a892150b2b8b5a91e6a,1
001044_bright.png,train,6b3174dacac43245b34c9a5e3f82de5e5512a088ba4a61fef5293809b6bb9e15,1
001044_clahe.png,train,e09807978c63723b7d57a8debf409812d8aec7d198c2c2a5e2fe0e0141b582a6,1
001044_fliph.png,train,bf317eae27e32dfbcfe0bab602c44739a3223199ecd4e96dabf09fe1d78ec9c7,1
001044_rot90.png,train,db9ba990b1a2bd9251ac518fa42403590c66d470c22e39f569033465317fbf9a,1
001045.png,train,d27c176a2478fbeaad0703df3430f0c1987d1520f73597195f2d444ead748af6,1
001045_bright.png,train,3120f01276528798b919bdba7da963f2195d3a97d719d960be1766488f624bca,1
001045_clahe.png,train,fbebb8a7ba836f63aab0b22f098c39745c25131833f80fa4202b461ad163e646,1
001045_fliph.png,train,30efa7585c21d204b67d08cae587d5fb84b837355732d6c55701718952e3531a,1
001045_rot90.png,train,76dae197503909b7990e737f54b0448c0b5d591e4459cc72b6dce2bb90d0ff39,1
001048.png,train,25c282b7bde55518dec46f71697b7080ab99d65821659d94a1825286d10d334e,1
001048_bright.png,train,f91c5ce115f257638c328da32ab2d9276ebfcf099768f67ad2803d60b28c6c53,1
001048_clahe.png,train,a4664b540772361f0ccda0f012572804620a81b2b53c4f3bc43d70bfc64bd1a6,1
001048_fliph.png,train,cf7e4fc76e3a8348e80181f634bac631ffe2242819cfe7fe39a6654d42365cbc,1
001048_rot90.png,train,0568130bb4549a6c0c98c732dd1708825661ea1ec800ebffcabe563015747f3a,1
001050.png,train,d0b2d0dfa425ab8a776e23ef7ed1b030a961c5565485a768c713c7a66d4ee0a1,1
001050_bright.png,train,5c105a50721fec3f087f40056f37336fa2a839836a590eeaae2605b2ccae0667,1
001050_clahe.png,train,2dd5564b4d4b9e52d4a9d687c4acfc7ec23a5864fb15a4c8d4209305b0d49adb,1
001050_fliph.png,train,a1dcf33a9b82506fc70991b28486a6b340ebc366a3a11bba5835ffa1c9ea304d,1
001050_rot90.png,train,dd21ffbd03c059779b4b008cdb28fe205194f4ead135ba114c41437ec6d38f77,1
001051.png,train,45567d529661e13d5cea693d3b24ec9ecd96feafe3cc105aaf87bf1f0b95143a,1
001051_bright.png,train,6df0d571eaf1b9b0a17605944188ff9ad8406696ab34b6d32fc570bb3f252ec4,1
001051_clahe.png,train,e175710b5e40a1238f5da866dac548c84a842e27cb58f06e70cd8b77531c9b95,1
001051_fliph.png,train,5e6a3e6bcba83d4cbdebf5c052109737470a106eff02df503cb2aac2b77795b3,1
001051_rot90.png,train,ff50c5a901176f0dfc0ff3408a01a4deac9a7d6bab30e74b6bc3019d81dd6dcc,1
001053.png,train,0e68c00b33bf02dcd8abd1c3a3558dbfe29a413b57d4618ddd37d3b0940fbe49,1
001053_bright.png,train,cf6f1171a702a269c1624cd607e10f6c7e9e5eb6b76137e33c0e85f2fdfd65ef,1
001053_clahe.png,train,a69e31c109a43eaa9c9afd107cd22d8024a71f4086fe6f85c67a32b73184a49f,1
001053_fliph.png,train,7c2201b8dcf2a7fb7a87ff9cc0850f1e3e466a552dacad9d1a844b9b3a41aa00,1
001053_rot90.png,train,9a50fd9c7b3473aace36772fc003400ff8c6cb2a3c2bdde08c65232db699c08f,1
001055.png,train,bf7d5e0f3cd9efd0936741b3b9bb9bec5d72ba060d4304625182afa1d9a3eabc,1
001055_bright.png,train,1bcdf7d2727ecf61460029e71f745b828f49b6d561c1552d6200c3970a02ea9e,1
001055_clahe.png,train,143713a7e8e9139b0bdf1667bde9df09e21c7f1f61783c8e7cf0acf092628308,1
001055_fliph.png,train,6bb21cc06263c00e18e296d14dbf3eb3cce73f85e13c75a086c908a167a1905c,1
001055_rot90.png,train,7a87b35986839a495879c000f5973877175c571e1f90ff99bc9cd87b41a6302d,1
001056.png,train,9194e1c66f68bb21fd2072a188229196e6777520560e24960d65c99689eb2a82,2
001056_bright.png,train,86016e55907adf57895fcf2edd054c0c7209ecfa3c3074573653dde9e2bbc4aa,2
001056_clahe.png,train,271f032948eac793bd5b3ed39d3ed0336103732bd6ac456886544ef17534c071,2
001056_fliph.png,train,10976fd83661e42bd76bae768dc84eff41af44cbace6f6824a585d0bbc016d3e,2
001056_rot90.png,train,b3eb71638776b0676f4d1e3f85c64cf760df1f06da64f0d226c4cfcaf123044f,2
001059.png,train,1b6ffdca554c978aa134e72b518e744e382b4f9f2c1e2b68b4a96840743eb444,1
001059_bright.png,train,a97a86e62eb58b4ffc3560a929074258a9ef9bb6ea7fabe1c1f171bd62881c58,1
001059_clahe.png,train,d60f8e7b74b35254d6159e5a7c3b9aca6bd2d8129c4dd8fdb1dc63a199dfa362,1
001059_fliph.png,train,078001d20197888dc951ae4b84fe10fbff326838745cf659982d2049a65fa652,1
001059_rot90.png,train,0ffa8ddcc9833b34e176bee170d3e98796292f5fa6feccb6b01bc8bbed896ca9,1
001061.png,train,76d7522ed93787f47c1fd20b18caa859e232e5c83e6841d7519f63564bc12834,1
001061_bright.png,train,ceb3c38e4dbee6dd62430c4b552e0631e29ed3462a79ddbeb704b5144325875d,1
001061_clahe.png,train,3d947d8aae42e57e4e432bfdea5399ad2a3c068501862a8df7d41b5b7dc021de,1
001061_fliph.png,train,97c61e39eabfc2cb62cd09a4ab9489324ca755b938a7b1229290e476abbee207,1
001061_rot90.png,train,86db662a61c18ae1dea636f9d4cf966d0f3523eedf2c44345e649816e6f7fedc,1
001062.png,train,4a877ae49ceeaf86c9b1d785ecf231980aba0b19d6827c849193fcd82aa33aa7,1
001062_bright.png,train,784ee0b058631ada725ca6ab37c98016c5ab0fd035f3a3f3364154db27a3e4a7,1
001062_clahe.png,train,f98dfa03e9cf901a2aff9a29027ed86c75e88230ada78e9bd51854a7a2c9dc6e,1
001062_fliph.png,train,2ad2790d2aeb106c3aa1fbe84e0ea09dd3a65a5382d772009abc520a87d86964,1
001062_rot90.png,train,0a0ca1514b81a50698ebffa1f85dd8e63365d8c9f05d05d38bb217ddf568cc3e,1
001063.png,train,54fdc8f461a0a77450a90b07de2bb084d986b415216ac356808660e379e8de90,1
001063_bright.png,train,b93c55f2ff20bab2c00f4f162b5d775cb8d2fa990a0824abf59b2e42b9a7acde,1
001063_clahe.png,train,82633b08492fae23f8675b9ffb58b8132eff33faf46b77f92e757e7af15427ef,1
001063_fliph.png,train,0efc668678f06908ba13dfebd299b1301d805aabda7f28c81f0642b8e8a950c7,1
001063_rot90.png,train,8d4069a92f3522446191cbceaca1589fbbcb25d9fe55c2f632dd0d5254d4f8b4,1
001065.png,train,8789b65f8d54e1b84caa7d50a938eaf3381b144966901056a63aff6f46123461,1
001065_bright.png,train,a0e28ae0cf7c56906a1a33fce46b55a737090308eb856f95f4de86886d9a257a,1
001065_clahe.png,train,da7b3ca2287f089ca3319440d309548418f07a410d7ca659603e735ee9dd837e,1
001065_fliph.png,train,f0e4eff36fc514f2cd41bb562344f2055c3ae76cf04e65515fc70121f3183310,1
001065_rot90.png,train,0e6ef2a5976f7276a901db1cc8ba6788184be5d38b569a7c789ed534fca2b42d,1
001067.png,train,2b59dd21d33bb32661dec047f212b3769f782d0cb9fedc3b7038b39041e057ba,1
001067_bright.png,train,67ca52f3db300993e07ca7b5c27c57a9c795d4c71a1b8595b44962cc37457260,1
001067_clahe.png,train,44a18f71870aec40f02297163a906a506b9663c2c83a22bf10afe76c6ae73814,1
001067_fliph.png,train,a48bf220da77baddcddefbb17fa29eed3b8c6fbae44b00c632619e2192ea3601,1
001067_rot90.png,train,4ac5c8b3e76e5017251a0b104373075018d865707f456d3e95711c4a1a1c8616,1
001068.png,train,7b3f59bfba5fc73af06decdb08c2ce051e4d78ab3e1819e6dbc395b8ba187fe0,1
001068_bright.png,train,e9b1bbbe503e195b61dc82b4c327631f295f4c773bcceca6b57029d420dd6085,1
001068_clahe.png,train,485b4727cc20327432c3b982f72f9fc35d7757eec75019b3818f1a6d0f0811ad,1
001068_fliph.png,train,6f19a4acd1bb5b9a08387c4b4274ddbd16b16d73a2393c01ebe154451c4a9d5b,1
001068_rot90.png,train,bc328cd78b22d96d942b975a22e2f19999e8cdc7acb36ef9ac1ffa553376a0ab,1
001070.png,train,56abfa3d6c033ccc103b1379a4bbf2d2fb2378ebb35255d747c0175d8177289e,4
001070_bright.png,train,8084a3fbde0f6a580a9e0e8a9d91b89eda7eb086102ed0b95746328155d4884e,4
001070_clahe.png,train,74014a1403032fa63bfba86b8d63c233e48db3eee829abf53a7ec18894d50f4a,4
001070_fliph.png,train,b721964ba1cb2ed1d0b54a39b1dbc5eb9d0deb7e08390e05f5af77467f45df93,4
001070_rot90.png,train,4801e487f3506203aed36371eb3dd78f1fd07593c6e941ec7d6dedbeb91facf6,4
001072.png,train,887eae900ff17aae74bfcf69ec04bae1c5a3ff7af0867f49aaed0009e8765fc6,2
001072_bright.png,train,40958d52982cd456b9b96ef92cc74aa444b10c60f04aac4cd4528d60614c036c,2
001072_clahe.png,train,c2f49bdecf4c2564433c5b73eb437425c9a3abf9eb1c3a9cc1b625de5243af92,2
001072_fliph.png,train,3af3527822a6fbe35cc09231dd371b5ad0cb4dce93bc8c1630d09ef380110164,2
001072_rot90.png,train,c8a94a389f127fd65e500e918b1913d8d0b390882d9db7f9a085e75af6fd1ffa,2
001075.png,train,cec88668fcba84ce91dacbf5606fd646baca17f66b6d7a5afd5018390fd3d988,1
001075_bright.png,train,0c3fc9e6380859b968d25665976dfb965c584c652950b2bf56212c3e3a4d7816,1
001075_clahe.png,train,3fc5bbfc7248d3aa72d97b5242c4e0c593fe091dad32efc6d11dc1ecc2734b56,1
001075_fliph.png,train,94258285e7eb016b56b533b12289b8deab2869bc0313f3c0d05523335bece0fe,1
001075_rot90.png,train,e372d710a5b20c23bce80df4c4ceb5e63b0bd748e0a61b5d7eccdeb547510905,1
001078.png,train,fff3b627a08facbc965c105553f668e225c138d78a29ab2388e89ec11dd4b02d,1
001078_bright.png,train,1bafcb187898c5fb48378aa4e7338510ee20eb02ec05d76ba8e1eb9a5189a486,1
001078_clahe.png,train,7cb31597f28f9d46519d459b837f591a4d309cf4465341e1886a2af491047b95,1
001078_fliph.png,train,2675dcb2fd210e189fedb0c0f51804c4e48e4907057ab4d334ce5a369e48be1e,1
001078_rot90.png,train,377cc88292c1be67bdd5db80508ba7a12ebe5a84188cc158a12a5295b919b695,1
001080.png,train,87f5ef116d191e8a42d823b5589c406271a4fcaffa38c813412612f2fe768a3e,1
001080_bright.png,train,33fe79bf02f0d6545a2b0bf65f4aeb694010ae683eb6d7330141f9cb099b8118,1
001080_clahe.png,train,e558da8676440d5802c383b54cd5ca5dc7848955378e083712cdea7b7db729d3,1
001080_fliph.png,train,7f6306d8273046abe135b85b516bb8f0fbed47c9e5f679bf85b68fc4771126cb,1
001080_rot90.png,train,7655070b7d9e45e26a55e04e7b4dc558f7703bcb9ae0f225cab924b8875760f2,1
001081.png,train,f0e5a35bf261578729ad91beb463154353e82110b4cb801a49a6c505d52a20f3,1
001081_bright.png,train,cc6156a75e18a90bf39c4dbb22648741885d0661574c6b0aad795c69c584124a,1
001081_clahe.png,train,352a6534b1b855c54b94238ba8044ce7ecb0c360730ab3a2e2aa948d149ba022,1
001081_fliph.png,train,17b4ca683fae111f5baeb93d74cf628d1645095a15d997898fc1cb4c2c4aa920,1
001081_rot90.png,train,03eb19dde686970078914f1a9ae5dcedd6edb289975faaf81fb41722784ea6d4,1
001082.png,train,b49c5d2f7061003b817c20e5627deb6a2b2e0d8e5bd2c5023ecaec0d0cc86dff,1
001082_bright.png,train,f7eb8dd9c0b5431251729f664b06bd372bef3e1e5c5b707f3d5866fa4a7db7d2,1
001082_clahe.png,train,a88fab71641946cf9ac9606c99c63ab822cb047809371bfbdf2ba82c3658f271,1
001082_fliph.png,train,0707b43199b18a3f24daa052c49bdb5a637edad1a1a08a8da57db94941e54f87,1
001082_rot90.png,train,6ecca420ebc5160afa8089c595ed05bd86e281ca4514004ff5e618778e18e537,1
001086.png,train,2e3ccaa0d985ce4ed81b6b7b2c75abe39bd9d8e42ae9cfa7b44e4ac49c59592b,1
001086_bright.png,train,862160e821f3f31b663125b24efa481752e27b67badcba22149f62c0ac0b83c1,1
001086_clahe.png,train,a47f73f64a03be9610c9f5bbb672430cc615286e73b57cdbe54f816c20f7090f,1
001086_fliph.png,train,1c8bb4130cf75f374a7f0dbad8b173f583febece54620bde4973d426cc659bc9,1
001086_rot90.png,train,6651b04499e60b11fdf6d851846282f620986bdbf31dd714308610cbba31be70,1
001089.png,train,7ef5200fbdd79116ccb9931a094e5c5a8468d4331cfee5577cbb4920d5a305d3,2
001089_bright.png,train,f3aa1f98e327dcb5494737eff90bd88950bd3670d692824ceb010579646ebc4e,2
001089_clahe.png,train,277059d8583d41328bf97375ba364a77f6ba0d38a76932b79868231270b9b03d,2
001089_fliph.png,train,0569a2d7d421705e281346d6a3184e8f3a534f9327c92f74512af16fc8fd8738,2
001089_rot90.png,train,7ff30d8e096e3d55c01a487f69870a45c77968d8cc62004fcbe41a6f22ed8073,2
001090.png,train,6ac1c59b50a4ac3c7c966c723a7aeea955221b11c25d0b59d0e372cbe04e23d3,3
001090_bright.png,train,c7153f643f92b89995bd2bba3505a757b28c45bdd096c8be3d1ba20e50dcf961,3
001090_clahe.png,train,2c6e751b8dea76b8bc7e0ec973e5de795c18d7038b98907f4ab84505aa67abd3,3
001090_fliph.png,train,a69c33ee399fdca611451f6e9580cbea14405a2a5811fbc6f2d094a0da84730d,3
001090_rot90.png,train,24b4f63013fb1a88f859bd762ee2167e75710b46431b395e2cfefa67443ba2a5,3
001093.png,train,0f1c9ef8496950d8f0e159831a066ff0bea58ed0d516613c7180ced285910474,3
001093_bright.png,train,a14cdd20057ff85ae0d5c9a096c791c2d638e2789d42d2f184629e7518d7681a,3
001093_clahe.png,train,f724b31631499f680baaf6e72383c0ad29e8a857726730c4975d212100bd05f9,3
001093_fliph.png,train,3e40b1b2bac507a31f77908723fe06f06bb3257c9a4ae92b5f4c08b0243d7c31,3
001093_rot90.png,train,70b0c5409ee836bc8bff1a9593f22c235778c9b4d8dcc65073c2e19edd71e40a,3
001094.png,train,515cc8178ce5d56a0798d04fcf1b577a2f03e71ba925d426867d3d1b17cefb3a,2
001094_bright.png,train,98a19c191e5e05f617e1fafc7d63a9f27abe76416998d0c01919098f3c69c3d5,2
001094_clahe.png,train,4d38b96fd67e067d74212b261f0e3f578884750ffb1f7cbb5814a009c064d999,2
001094_fliph.png,train,08835b2ca19b8b526fdfa5e24b0a2af3109762faaf5cfd9aa30fcf4be28d746d,2
001094_rot90.png,train,6656d244b8f67c35240fd4e0e2db757bfea2d7644e23cf6256ef074d239e256e,2
001096.png,train,a5d47c0c1d278fcc489e681da1fbc335676c2cabc64493d30ba34a0bb319e2c6,15
001096_bright.png,train,973de2056435f145effe11cf1912ae128a0ea8d99001aca52dbd6d960ade31d3,15
001096_clahe.png,train,d9dca0160fd6aeac84d272eceb886b13121cfebc189aed5edad1ff8018c00caf,15
001096_fliph.png,train,5d568c15189f5b55589b868a7b7f5f76ec7ec81a05172c427a273f5daa39aee5,15
001096_rot90.png,train,2abd56cb37fe817d4b8e8c57788a932d23a28c56d2f80c115efc77c77e408a74,15
001098.png,train,a000005eced5cae12290f37085ad240b9c0f7cfd21035b618b0b7fca73408fe0,4
001098_bright.png,train,f8e520e32efd79e824360b1b061d4b1bdb85a9c4d8c8a977fa5eaf86eb87de3f,4
001098_clahe.png,train,6c772f072e6c40a3d57712c69ad39444c92baa38f43e3b2266222e2d60bb769b,4
001098_fliph.png,train,68677b244a54094dfeb7fe40fdf3466558ea0443a07c83d124abe3b711af7e71,4
001098_rot90.png,train,99d303912cb59f9b001664d4009a2604a83e649faaf43087be25d8acff3421b1,4
001099.png,train,dfe6d42b8ea1175ecb1443584ceb75258c07b6d286e106bb9b26de8b3f4f2e4e,4
001099_bright.png,train,33a48895d6c3aae920c18500500f2de99fc056d15f5077b93ea53c13f7d3e28d,4
001099_clahe.png,train,6b621db944d69592990960e5811d1b8402076c14b554dbe1b86ab81f49e274db,4
001099_fliph.png,train,deae6ade799eb5e028b53081cac8183115a90396817065c5fdf67021abb01fff,4
001099_rot90.png,train,f7b31a1037bd77551d2f1164f9641ccdf4f7b17e8963c71fdb8c39bd1665c888,4
001100.png,train,7ae34caea24ecba558b5ecf098324395489ecd21fb4ee980ed987e3e6589b7cc,6
001100_bright.png,train,6b66cec7673d22800847fa232b8e3b0a4e908ae3358ee3323b135ad3f5a13af7,6
001100_clahe.png,train,31b08f29a7c422e221d70edc620cf7b1ce5e866ec196c92c5289a65f2373ecbb,6
001100_fliph.png,train,b5bd4a5fd17edfbc1b62ece9b4f33d5122498ab10141aa58928ac2c27b7faa70,6
001100_rot90.png,train,af4c20e7e7cc87e4185fed1b4b174731f7a5a32e59d3d3fa03d84c4e242e1f19,6
001104.png,train,41478e6e1dba204c6ac445c2fd55c36825c2aa70537edc040bd1d10d97115dd3,8
001104_bright.png,train,ebd309689039342782b36598d0460c1a507b232545fc92da0720adf2b4d410e8,8
001104_clahe.png,train,dca5815aa81aea7527e84be02c0572e2f3612cadf4a45871105bdfc98f8ae0bd,8
001104_fliph.png,train,13ed3856e45b6b8feb1b6e181df326295c86e44fbd6813f38445a655d5481869,8
001104_rot90.png,train,b7ee483941471fb90a4d8ba58d843d726c5379a93426758bbc55df545c0f2c77,8
001106.png,train,2e504696e614b4f47712cda45e00061ac6f134a69ead3570d29a76e0d0846ca5,4
001106_bright.png,train,be1af85159baab028a07bcfccc1e1c82cc1cdff8b7524715b1f1e0f01e342df8,4
001106_clahe.png,train,8061797f9077f1973cc20e4389b9cf22344d862071d55c1aad7b42e84437adb6,4
001106_fliph.png,train,1e510dd01d706d35380d22d0f17a7607c76729df50215b34fb9f872b9e197a9e,4
001106_rot90.png,train,9ff25b57f04144f0e641c7e65399f6bc7b44239d6d2dc9408f92835cbaf5b97d,4
001108.png,train,1de6bdf124838cc01bbd055a323dfb5a52d3d1654ef74becc7d8a1ca0bd44dfc,6
001108_bright.png,train,6f6e810bafe308c01c39e4c09f46998376a87e42729eb669e262f2f505cbc5f2,6
001108_clahe.png,train,2c8587b88e33096814527449ddf0150ce823660ec8ad04820fdf0747a4ff1cdb,6
001108_fliph.png,train,85d607675065365113099de5124292723f594b6a726e628adbdeb04462dd9104,6
001108_rot90.png,train,7f2c0dac8610e87ba7ef7b6edf95b1690eda0f3466ae011b4e31e3bbf5498aa6,6
001111.png,train,b8e3952be15e353a1f41212f9f66ec27d87ff1f637da89071d2db87518f2011f,2
001111_bright.png,train,0455e754fd5636f89d709d81f03bf08b0b1eb53f4bf8977348e8c4a9cca97098,2
001111_clahe.png,train,b100c5d49cdce932a3ea3f80a8b494b9de47170211f8595a54f7e44541300779,2
001111_fliph.png,train,9f28f326e00876bc5921b4ea78c46dced67e8c72610fdc50e1a44c362e605f6c,2
001111_rot90.png,train,326fefc4dad1be0835a891dfce3e4d11d07dcf40a18ad83dbc04840111d289c9,2
001115.png,train,841af35a6d148dcee140b156c56a5f86cd0cd83d9ad7dd3cff6b00f306453260,1
001115_bright.png,train,fe704a041b3674876ba808efff7abec6938cff3035db31ed71a81e81929029bd,1
001115_clahe.png,train,a57e9ddcb045a3169b061c0f5a9da05ef972a3901fd711d5d1c55803bd236f55,1
001115_fliph.png,train,1366df1ae8dbf78ff4b50248339761b83bd07aee0c9684b1555d6acb1c9cdf44,1
001115_rot90.png,train,9c8e1cd44eb53a902b7bf19eccc21c29895aba114b4a1532063f7cd1ac4a6bbd,1
001116.png,train,aba7c1413ab5f13abd34868c104be614df9566014c428b96c868b58973472e5a,1
001116_bright.png,train,0da20d29316c099de260523fb9ebb89fe6b478c71f74ea5db95f2252346a930c,1
001116_clahe.png,train,fec63b1cbae3ac2a7fac747c432ac2c54a9b120fda7a86981a0eaf456cf49cb8,1
001116_fliph.png,train,87f2501d10ebc1bb5a4e96bfd93cef76fe10c8d639dce0a99aee9edabb2b69a2,1
001116_rot90.png,train,c40e5dbc39e0f6ba97c9d2436c7d8e48a11e71f20e8ca349ef41bdaa8793a6ca,1
001118.png,train,39d67ca44886ac2e70e477108f3a6692a2eb7378bfa78ca03d42bfafed5ef735,6
001118_bright.png,train,d923d09549a2c9410f7d00e6886e8eb5c14bcce7f36c830463ac3f411b15247d,6
001118_clahe.png,train,511b9288c9aa9b0f8fa53151e901b9b97c05cd6a3273af8edf6d5805d3a1eff7,6
001118_fliph.png,train,cd7122594cdfea236c30d6161497d62acd281990dd5044af83588d915eb4ee2b,6
001118_rot90.png,train,aa61104490b78bdfa2bcd3e66792f9931878a84bcb1b3d9a64a8e2238e696621,6
001119.png,train,f65057b74c48b9b42c41dbbe67c5e4c3cb6c48707420e99ea06c393ca07529c1,2
001119_bright.png,train,43b06873543de1c1827035df490abc861bcc52930fa176c5c6ba2a2f28673d0a,2
001119_clahe.png,train,aecf284a74d3068f8ee118531450e2b5d7d72e34b482a355effc7fae8f23cec0,2
001119_fliph.png,train,4c96b792077214d44ae564b7273ed9dcb7576832fb5ea54bfba4c52151b640e0,2
001119_rot90.png,train,be92313816784db656a1d55c5c67fe6cf390c2c04c4cb37584ec5742785a9ca3,2
001122.png,train,822d70c7b879746f93097605aab98dfeb949b4267381fd47b335cdf332b6b859,3
001122_bright.png,train,d9705c889945a17ef5c8094d3ccc5d02f52b80c40a585742bc0659fe8e0f5c90,3
001122_clahe.png,train,8c0f36614499cc0c699222400d7e856a236cb39fa1e812aaecd64974b00a5f87,3
001122_fliph.png,train,413fd5d7a133b93e0393637e1c7e370ea6912e0b211d0d33038f4e48ecf45543,3
001122_rot90.png,train,300f8800789d37672dfae853a6abea869a0accf18f53b4d33aecba5df671c534,3
001124.png,train,98fb8aa0ccbdbdd3dc56cd990a376f87e2de51a52c59a2726d9168fe82d2cf53,3
001124_bright.png,train,15364dbd7e35571844c7baca023640bb323f854bab27eb4599151b2ed590ed7c,3
001124_clahe.png,train,176063bdab4ab2cc8435e15008e51a51cb59c35c4f09b1fe8f47a9b0a448daaf,3
001124_fliph.png,train,20602d68280bef4cedd087f9b4474d0a5c0cafb3781564b2a7c4e365876f26dc,3
001124_rot90.png,train,34daf7ae2c388ed9f9599168debc10f66a2ea62bbc86f64b1c73945c5c6410b3,3
001127.png,train,c0fc26f958cc2acc9f2605ee3a1e539f2e64283c8bcb8a7e63f05c3e4f9990d8,1
001127_bright.png,train,9a00346f73193817e07cd7b76fd08d65935e7311750f4f76470e6992fdd52a94,1
001127_clahe.png,train,6021b03769b4e3ac5bd82edb21b82e247815dce182fde46a21b90398cf512a56,1
001127_fliph.png,train,36bd8b0beb93c8f9318caeb9b97b207fe225aab1abb934c3730e4e9cd53fb686,1
001127_rot90.png,train,727539ed1f15521c491492423a9c18bf8f6a2a664d09dd1e9e10376deea8174f,1
001128.png,train,fd84dd9eae5c4ad0752fca1dd677a73a10cd6090b06685a4f5fd278615c660e4,1
001128_bright.png,train,0046841203b35033806c9aa2b60daaef213f6def2f1815447c782395d2b26ac1,1
001128_clahe.png,train,24da0f0a3b7ab5fbe10de9714612bb004cc570b5f677a5b9de74a9709a3fd3bd,1
001128_fliph.png,train,661ab0a96616a48e390f3dcb821a712361bfbcf38f4a9391d58727afd992af75,1
001128_rot90.png,train,ce4e6775e45c7d48b769084404615b31593736a21b5e39bc66874b5737ee7d8c,1
001129.png,train,2b63e1496f790eab2afb54899819e627ae5c70c763ed5a75240a134fb563d788,2
001129_bright.png,train,6db2dedfa37fda0b639c7df5543faa94120a05b04fd9768f94bcf703340f7e18,2
001129_clahe.png,train,006ac5d7f8441e82b14a2af5eb05e45a642c0ff4a29791b590bd49c88de13007,2
001129_fliph.png,train,700bcba4b12eb6bc4e74c9943c2bb7c43fdf8291c6ecfe04ddb2696e0d0000d2,2
001129_rot90.png,train,736a7fb502897408bc357a62db56deb30ce1c5e7945f30f62cbe7627da612e05,2
001131.png,train,0000edcd8e9955a07de62b6b232fe7691c8c5f2ffaabacabf58ca890014fc66e,5
001131_bright.png,train,76512eea26ac5d2591edd9a2ef39a4b52f4ea2dc33cdccab26dbbc820ae98911,5
001131_clahe.png,train,a505e7103b3e61158fee9c60808ed6a1e3cee942ad5ad736cb4bebb5ebc59dce,5
001131_fliph.png,train,5c29dda7bc94baea05f06aa5c9f6027436365e97b3a7f7a54af6aeda7bf6bcb1,5
001131_rot90.png,train,0c1ff78a66f74075cd8a1c8063333b9357c00bd939b40b2a3950b31c2d98b11b,5
001132.png,train,471687f3715ccb84b958a824fa47aacec7ec53b569ee50fd67ceaa248d3328c4,2
001132_bright.png,train,b461ad51e87d4d0b722137137f4742e15565e1c94109733afbbc76a637e7e27f,2
001132_clahe.png,train,2cf818dc8173593fc3fac42e8b2593892b48dc19d85fcce850d125de1be56c80,2
001132_fliph.png,train,c5df3db8e5b6353a7b2487c72216f0066f0ef34b8a81d47f867462d101fd0909,2
001132_rot90.png,train,bb2587ab140c1c3a2719d8c35cea61eb91464c1f24c683395cc4208b1d841da2,2
001133.png,train,14fb350f3fc47736eaa46d3a07c01974b25485a0b85ab3e6dcb9491fbf6cf8db,3
001133_bright.png,train,4c6208bc13a69ab947aefff0fabda88dbe174f338f002797268f91df12b779ec,3
001133_clahe.png,train,194d6a3e0fc66a4cca52149a688bfdeda33477a6fbdfb618b0709ac91f42f7c6,3
001133_fliph.png,train,b58ca6047feffa38f94db3583013b0b81c404ca9ca120cc28ca49dc3107e2781,3
001133_rot90.png,train,13c327a5384e76885a8d764d7f96146992304d7de9b90e0074bc9956d950b3ba,3
001134.png,train,936ed8c8b525b5cee64365fdca9e5b7ddd120bcca46bba8b82c824a6eb14cca3,1
001134_bright.png,train,fdf75f403b04f9fb2bf37f5e5aa2ae35d9f42e3d99241a48aac66eaa76bc9e26,1
001134_clahe.png,train,59787ef0797edbe6f2a90e9f5200f22088f46ae62e1663e43f18a6ad8470be8b,1
001134_fliph.png,train,3855163eb91a68085b39ea3259032e9fed02d266db75bfd4e60c2e24b282edbb,1
001134_rot90.png,train,440f29a045a750152d28b87f01c773dbf5c109812f98e30001303efb9d992957,1
001136.png,train,4b8148e8da9a395f37fa5a5df0e11b5f5dee974a9aa30f4f4cc2f243ec0c1375,2
001136_bright.png,train,8365083cb9d4e50707276398a6a883d028560f01bc2bfb636d4c4e93c7d24095,2
001136_clahe.png,train,f1a63a43b2d1f09ff2a31b6cdd2e82cf798d758a233c35db5d176c410215c28f,2
001136_fliph.png,train,5cf3c83c8f81c4a5558aa5d3df193f2e2393d76f3336cddbb0edcc1e00dd678e,2
001136_rot90.png,train,2cfa20c507a8daedd78b444e1850f9067bf09a4621b697325fdfe65d4dc619cb,2
001137.png,train,c7fce2e171f936c313fbdff417f4473c623ab7e5ed074d1fd5b1d7a72efcff19,20
001137_bright.png,train,f9b7d35cf6e487c31fd4ee10d5d1af039104bc54258d45b20df69fb8645f3b44,20
001137_clahe.png,train,450efc7721a033fe786bc8debaede462936ff683cd5373425a5bef38de3a5785,20
001137_fliph.png,train,f2bd98f58707b222a31ad15027a2e1eea126b90004ca499e4f2fa2cf98659bb6,20
001137_rot90.png,train,be3fb2d5e2d599a2986272f746c82d4e8c3321a5702fdca041dd6172bba62004,20
001139.png,train,4cf05357f7fd6713fb4684aba557cfd660f089cfb50f90f6a70cd1cfc868c414,11
001139_bright.png,train,c4d9dcd2934c399c48dd02a84242bcce255f176a27f8491613a67671d3f5497c,11
001139_clahe.png,train,f35a935e0ed8b48804ebf2f4509103c8358bfdb8fc3010711cfe53a708deaf5a,11
001139_fliph.png,train,06d8bb4119e3f16eff1a2035cf5cba2791a48d5036484e146c86027dccf6fdf3,11
001139_rot90.png,train,88a6d6a273ffe477f8834f69b5c3de376e9c935f15fb3b7efd3059c900c6b0e7,11
001142.png,train,2746864d89a4ba60bd6ce0e448c38c66b266ba67575a24e6b999d8fb8dad7b3d,12
001142_bright.png,train,a44c809945307262386d59568894dae21de3a4aa6f643b6682ba3334d49e9c3f,12
001142_clahe.png,train,478f0cf80792106f43c241834d660f163bf14e4878770bc3e91bbc7ad3c1ec9d,12
001142_fliph.png,train,73c2668f5c7c81d89bac07cab6028f55d0b2682fecdc9ad8bb443ffc94f66ae9,12
001142_rot90.png,train,aff8a0ba5ab01ca9ee89f333e3675554c0215ff1dd49eae094a12ffead804c78,12
001144.png,train,8a1ed4d96b0925125f48dfc706fb9cd225205e98db131a3289a903cd68ad16ef,13
001144_bright.png,train,fa804bc00b2806b0ad5d304f71e721035ded44f5473087812877e8b8765f8be0,13
001144_clahe.png,train,cdf80c09922792e1326e377920802cc479403e3b4f06602a843e7b5925afa208,13
001144_fliph.png,train,1cbe9da56405e74943c05d0e0d5e4d33b2145ca278e7a37d858d59f49a9af5af,13
001144_rot90.png,train,e6f56775217852dc4a0452e349472942f7db67ee25df8ca3dda203dbf7e28292,13
001146.png,train,925130a46e0c86db7309865afbb1a5a51211f7047b8285ac001066203f1a4855,2
001146_bright.png,train,f27b596222cad3e7884e778250cb8532e6527a51a0a31171f7ab0ae615d67daf,2
001146_clahe.png,train,e9ea2ef86425d723446458ba59f7796bf7588346ecc41d37fa7bb026496d1d88,2
001146_fliph.png,train,08314af3f054b9b38e2152ca541015168977a38d11b96e1722c8cedfdcb2598c,2
001146_rot90.png,train,eb41e68902c85127fcc8a37633d756410085f1b460809b1676aec1760397c0f6,2
001147.png,train,a99d6ad186ce2b6ce079e2c8b778dcfc4edfc821f3f809d171217b552bf4c979,3
001147_bright.png,train,9d595561be20a98bb2928a444c56050f9e864acc1fc9865e5c771278365299e2,3
001147_clahe.png,train,157b1fcab57cfd726fb94830583498b5391571c80a360a747e5ff468f7950744,3
001147_fliph.png,train,dcb5cd477ddf09a7a575cfabcc44e8342102920e0610f067959c22925ec40e2a,3
001147_rot90.png,train,c8edb11278563c88bb084bfeb7fbfc9c4a3f729278cfc9457b620defcbaa72e3,3
001150.png,train,f9c91fd8f2d6560c0fa61e21d9442707f4ab3ca715c8fc480c2fb256f27be5e5,3
001150_bright.png,train,f19fb95dc12e922a0e598f958b9b48737259747dd418787daf70a7b123300ec4,3
001150_clahe.png,train,68610ebe0e36ff6b2e27dfcbf320f436904a11d64e197afbacf5a20f0a216a74,3
001150_fliph.png,train,5a4a827f0b572fea039354ca595a1d665e68a81ba26fd5db7dd07e82a96a5e30,3
001150_rot90.png,train,892c06fc268832c97a0005523e6392cd44c41df8fcef6a15a24826072d92a2a7,3
001151.png,train,63de098115ca5559bc245edfeccebaa83e1efc9bdc93afcba7eb8fe45e4dbe44,2
001151_bright.png,train,3da8694795818fe6369b1a079d61d986a0630ef23f85bffc28a9413515953d1e,2
001151_clahe.png,train,88aa421f1bf2ea4272aeaafc63aa6febd252684fbe9574e23bab097d32ed14f8,2
001151_fliph.png,train,c0cfe661212b45a93bb18319ebbc255653908348bd10d0dae95697863834471c,2
001151_rot90.png,train,dd7daef1cbc630e946453623f7889a776fb6ac842654411a80ab2e1c71e17bea,2
001152.png,train,f931a535803232e4e1acb3f2042bc17a7e94b83bd9ba4eae03953814e4f103c4,4
001152_bright.png,train,ad578304baf43ccd19dae46a4b430fc3b57806f125b00ac128a3e7bec9639f44,4
001152_clahe.png,train,69d8c814065374cf5e6e4a6ee71f3bb7518580991fc6faeac0ce63dd7ed3c598,4
001152_fliph.png,train,fcdf0214c4ce62f652d70dc8a307471857c1314269622544aa1669b1cd3eb599,4
001152_rot90.png,train,6a26fc115fd95f0636485be54bd55f87efa4c173fe21eccf60c8f6abd969c3d0,4
001153.png,train,e32f0766c5224376bf6662d896947ff433b8b4bac5199f1b4f2097d3e9763c11,13
001153_bright.png,train,e328dd59af29397f89c9779cd87cae6bc37daf1afd392dd393d54d31b8611967,13
001153_clahe.png,train,747ecdc5eb62c5f9ac2504785ffc7ee045030bd6f44f31759fd7c0c94ba98716,13
001153_fliph.png,train,b5f8b5fdc78f061a70cd8c842f87a1f3a01fb71349629d47878df1cad90ed92c,13
001153_rot90.png,train,b4d9131e9d2a5d7e24ab63b1429039bfe2e9c63aa5b22378cf26e5159dbd26c0,13
001154.png,train,22ebc1b9e9e0866b078c49fefc0917b35532a4de9c1eb5ef887acac58dba597d,1
001154_bright.png,train,ce2ca4286d68f13faf224e8aa4ce24a08e3f5a15d691122ad5fe8e751e158a29,1
001154_clahe.png,train,1051e2639a0ad83938e3ee00106e4f9e23a0b4c395de86797b3b1d24d33cf956,1
001154_fliph.png,train,3fe40fd632871a242a8e5049fd61cf61d62a5a4fccb347b9d77cf393d6453f38,1
001154_rot90.png,train,35b454890788c1081c0e82c5cc0a4f9e65e9b371613b405d4a7d2a474013bf68,1
001155.png,train,cad9e81ee5a082797211e04e07be01d64b69b56d5a1eb13e195daa8b63089f9c,1
001155_bright.png,train,d48645c22a02013b5800bbc4a7b366d35934ba4c8a66ea30d8f3f964d0ddb8d9,1
001155_clahe.png,train,2eae747b504b1f2ab45eab5f26f48655f6a21b81a76ee8e025dfb59e97cf81e2,1
001155_fliph.png,train,67cc66fb9591be22850461eba671a9c33cc344cec0b82d2bf5d893972c9aa808,1
001155_rot90.png,train,905173472bfaecc813a8f9c208433e3ed9d4372765938960f36557453ab4b406,1
001157.png,train,3640bc66913ef4561719aeb682ea5aac1c6cfaea15eb1c08d2f45780170b1b39,2
001157_bright.png,train,ac965caf28587af344736750142e5dd0331803031f62d223678f09fba8c4b8e0,2
001157_clahe.png,train,8c804ea7f5bdd2415e4a593e4f0d80efa129c67cedccd9b79199ac1173faa17f,2
001157_fliph.png,train,81b3e4d4620b67b5f4999802b5a7308597b4afe88c2666565a888e72ef94d53c,2
001157_rot90.png,train,0a4c46f5ec48877f7660da97102e87be6f0a8f0b1302ffea8ca6417737779de0,2
001158.png,train,077fb0c23453ca7af90b0af620c78c1657fb861d2017f864389e727069e6ec90,1
001158_bright.png,train,ad64b2049b05c7afcbd7b828756147d07d4689806fc30293114dbe16df500bad,1
001158_clahe.png,train,f3d1091978de7960b00785872c5b7cf70e86a7d540699d773dcd98aa8c4a5b44,1
001158_fliph.png,train,a7cc3ede48624757435d1d406ceef889db36ae5395865da0220cd15522e9ba22,1
001158_rot90.png,train,3019f85be764d5dd6198e87ca6f598b59204db74c66af076d2ea4117695ebe08,1
001159.png,train,e134021bb930be9c5fba6dd820011c5f606c9985e8301c5f8bb038f6fde5fb2e,12
001159_bright.png,train,bbb5e236da9a63473d0e394e7879136749700c4d6680c4248f9ba47f6f5f8a67,12
001159_clahe.png,train,9d74331def5efd2956c785487265ba9cfeec390fe211d444765425bfec555598,12
001159_fliph.png,train,25a7804570a324756189a5cbaefc2916c7064a028d7e978a9715e2fe71de305a,12
001159_rot90.png,train,729a892d022fe7bd2e051c00ba40acaaef4346fdf416fef0a882abbaf35d9855,12
001160.png,train,e2c93802f4892f21259b60e5a9385a9165020fd6cd23524f5e44dac337129fac,1
001160_bright.png,train,91538c3cbcd2098e572f4b86d02ee1456ab0c071594547bc4351996a9bd4b262,1
001160_clahe.png,train,9197c54d77328a378d5688a064adf778aae111779ba820672aab61fd4e2f8f77,1
001160_fliph.png,train,a15c672559121fda004e0d8ab0479a241da8d8c833f713c483e5877e7b64dc59,1
001160_rot90.png,train,4f19a9b0c7767c4e30f65f25baf00d855d15ce6ad74c24d799aae8f3227e97f3,1
001163.png,train,26188ad0d36abae03596bb2623d019bf50c0579e1af904b97958d3cbab8fe61c,5
001163_bright.png,train,6d548269a4008a2d3d4e13b0cb5e5a08d02dab41be5efc14e2305587a64c60a9,5
001163_clahe.png,train,394c3cc3879833ed262037007eba125a03d4f16619e4d834e3f09895baca971f,5
001163_fliph.png,train,8f63a967bc0ad97d3845a041295848f88fe4cf7d9c9c90c001f4e7aa8530a8e9,5
001163_rot90.png,train,75f4dcb15d4a075afea2032d35fc6deac6339646037c98167f24903281b29d25,5
001164.png,train,f8e7c26cb52a85281b0a5c0fe15a0b60478f59b21e2b763df425c9d1382c16a7,1
001164_bright.png,train,ef5f59467ab64f5ccf9e7f1587396381f56a4679cd8085dcc998e3fe6f45e75e,1
001164_clahe.png,train,4ee291de7c727be61685866a31038e36a6a439857f134efe9fca885e6e5b5d95,1
001164_fliph.png,train,eb17d8a80721c72a73cb651cc42161989cb5fdb0c1c258540d2ae16e340b115f,1
001164_rot90.png,train,ae0129cf6772f4315e5506e4a3352060e92c5c3dd46c18639e742f7e850782c9,1
001165.png,train,f235b92be856032ae923c6f40e7fdda88b45c2624835f82c7c1cc2987baf8c03,4
001165_bright.png,train,f79c9074b175819bde39160ca05b955936040a221b0185b67804ab1dffb80ea1,4
001165_clahe.png,train,8b0c25617003084f384d2ebcb66cec2e4b6393515e5bdb54283891566580d9fa,4
001165_fliph.png,train,2011eeee100ad3fbbfc3bcc468fafe30ed1e79b07b93082c1b756ce73c3430d4,4
001165_rot90.png,train,4b9f39b77b8fbd67f384773acf42334a93f3b3dd9afe13cae39ca2ce1c5e1365,4
001166.png,train,b94adc5b530a7a2686c1635d949bc484ff0d277a023f583716c2ac3ba958ce40,15
001166_bright.png,train,e123e86f3b8bb18cfd2e0139ba73ccb2a12ac06bd702ac60b63183d84139eb14,15
001166_clahe.png,train,4edfec01f7de7dc8e54317f44493b8225f37edc5962aa62f671b88e542730e71,15
001166_fliph.png,train,b6918796855f73df5cce121bb511258caf4dcdba312b38969c91f2aa4f0d44e0,15
001166_rot90.png,train,a5bf2af29c48f65e3a82cb92f2e21a60bff6d18b8a62932887385011a8cc64bb,15
001167.png,train,9356cf15d324e3800bbe75a676cc41e7637104642dc13aa2c25a04f5059f42ba,15
001167_bright.png,train,3e3b08940835ea2283a29a6eb1ce900dd1ea932edcad63252d628692fa150cfe,15
001167_clahe.png,train,6c411d53856f3d106dfcc60a6b5ecaa71969dee50504368fcee3569e7596ac6f,15
001167_fliph.png,train,b1879a3cea14ef0ede4bdf996d6da06cb2908ac07adcc3b0d7c2afa7baea10f0,15
001167_rot90.png,train,95316608da6415198fafd0359254706ad4d796b7dc113733ae07fbc99a7c1a25,15
001169.png,train,796711887f45451f21a542150a16cca3cbc3b29d6ec65828be7ed349f143e635,9
001169_bright.png,train,869fee0707bcc5ba609c0ef395d42b0fdff652067b9f0d7afc540cb4fa6facd4,9
001169_clahe.png,train,b19bfd240505245cb2236a1f4c8310b39962398b0ca6530306d48b13caa34625,9
001169_fliph.png,train,abe23394e5c34a83cecbbf00ce475db076a66e36c39aa3f39d38618914ed7b97,9
001169_rot90.png,train,7fd7f0c10c9e499ea47cf1b33895441d846568bc5e46744e6f82dfc028c1503b,9
001172.png,train,b52f5759cc3bbf73b424fb70766552aab6be4a14dfa3c307e0989070c2227239,4
001172_bright.png,train,ea64de0bd75dd9d3370abe2da062e8212b388c2543b799304b91f220aaa34a7f,4
001172_clahe.png,train,3ee44ebb6b1dd592e22257cdf6924a345dd24bdad9e238358b84e01b650bf1a9,4
001172_fliph.png,train,37ce2fde2b00121f7ffd48f1f398cfaae993619e9a08feb4e26510bf7b3c9448,4
001172_rot90.png,train,6fa76349415dd2992c10fe128e8db42472d177fcb7a4134354600104f5e955fe,4
001175.png,train,0200dd4954c64c13a4726443b7b81652b8e3bdbd9042366f68b43d4bbd7d1f2a,13
001175_bright.png,train,7c0067e0c280ad29440003a6bff9fb7706e4162e792557d7aa42a2e7f638cbd4,13
001175_clahe.png,train,88d828c9cc95b1cd9f30b1eb06ce617791f99371813327c2bf4a2b7aef438314,13
001175_fliph.png,train,61ce80d975f2ebc40b167decceb93e6ffe64cfec14d4043db78e19d8b969725e,13
001175_rot90.png,train,913f7158427057f76dbc636b84408b950ba3767384e54c41509fc07d3d516372,13
001176.png,train,741e538bee763aaaaaf97acc31ec17de3241fb02b3f2d4f2c97f4802dfed0fd5,12
001176_bright.png,train,787377e144c652536a9d94ef697f23445a5e7aaa52318584411b74ee734b211f,12
001176_clahe.png,train,90d7a6d815a27957c98b3c601059b41676c2a19d1da7e5eb4b62895fa8e2b689,12
001176_fliph.png,train,97f84c992627027b5aac54e287c87afb9f674fe3a36af7d3b24f1a1e68acad30,12
001176_rot90.png,train,800499ae70acd47aba7355b75fe0d70673683136bf9769916cfc17482ee363d1,12
001178.png,train,9a286c038698c815cc9dddc843ccc97513e84930df8a6f269c6e4c07e72ddcf3,1
001178_bright.png,train,acad480150cc4825b3508298e01e334332098d1e327e8096eb0e4caf2bb363ed,1
001178_clahe.png,train,4a6ac0f614ab2a21d19e6d7e4f0e8abcd4449bfd7cec78466ccaa31a88ee3ba4,1
001178_fliph.png,train,3d62257ea3bb44ecf4dc3fedb1725c3dc34fe9b43f81a05c58624ad35773f62b,1
001178_rot90.png,train,412a84994533842ea0b2a6065563aa0196e6cef8788477e21035f9a3219a41f6,1
001179.png,train,1d10e2d3eb13d73b6185267bd71109b350a9e37426662fb4c7506007d60a0494,10
001179_bright.png,train,90bf6c8111597c8d7faa4f0dc9fb38c911cdffb6c68c070b66763030b06cc91a,10
001179_clahe.png,train,e34980c96c17a0272af6d453978c3dfe9b5419696780fea2369a48d0777450e0,10
001179_fliph.png,train,e9dde9e79298ab4a49f765cab8e81690b830e4b2371649ad014f4817b2a7b67e,10
001179_rot90.png,train,c0db1a996ca871abdf89f455ff63ba34c571392dca0467353d564fcd04014c02,10
001181.png,train,32c8b0bdc90bfec226cdfc6c69c0f3bb7b34233d8c8aa822bf0eaa9bb895ab73,10
001181_bright.png,train,e5c651350f2d8523974c89714654ced7c6884b844445628223ace296bf243602,10
001181_clahe.png,train,5f81b65864b670cf13c5fe5382f63fb4d2f1df8adad56e504a19fe38d7e087e6,10
001181_fliph.png,train,880eaabc056df59f744a06430d1dafb155f4d5d50ebadf497bdc58d6df32eb2e,10
001181_rot90.png,train,367de722da297b934f12610e61a6f7be70922b0b77f4437f0587657e44b92d1d,10
001182.png,train,c096d0b141abf3ba3da28e4dfc9d9de2c49cf6a53e2a7b7431de7e2c88d86e92,21
001182_bright.png,train,8cb0a1aa5aab7a27c5fcdaeb6ff5e3f1811075478fdd6ea8c3bc8ead88c1d2f3,21
001182_clahe.png,train,c6cefc5fbba89fd5932a4d15989dd8cb37457f0d41451744cc6b9a0d72cd2f90,21
001182_fliph.png,train,9d4fed6aefb3306822343d94d369b32cb0b600a98021a0160a87e3a87183bddc,21
001182_rot90.png,train,684bbeaaaea60590c63d476353be85206972fff69ef9daca4ebf3eecb7a68324,21
001183.png,train,f5566125c7142660347642520cc22410ea0ae2c565061ae9da466f7f87fdac7f,2
001183_bright.png,train,33efc8fd235e0b4eb987b17afe2e2f0a1cb2cde345816f9ded231bc081ac9aa3,2
001183_clahe.png,train,76fd0a1210c7d9dc4e100ce0fe5a3adf0d8c6913edb301a1db57bcd3bd96ff38,2
001183_fliph.png,train,4562397225469b7ec74113d21cdff283ed00308227eec73d22978172ba460ee7,2
001183_rot90.png,train,ec8901c3eeb59765f33bb61a460fb472ca48292cf6dcb552ef782a0de81397c5,2
001184.png,train,844e8585f9d3b2a39e2dd489c4d1418f948ad985d47647b7a77a0b75c02405c7,3
001184_bright.png,train,9d2397aa48168275be0465d79a176de64e4de4b01689a8243619254e642a4314,3
001184_clahe.png,train,e8f75fbeee6def1180689437c132ccf8507eb4bdaa97c09c6b05ebe69a6fa522,3
001184_fliph.png,train,85c648a63aa03661df6c91cb21b10ac7c557ae0eb51408c55257b0cdfc678653,3
001184_rot90.png,train,4385311d5feaaf38ce19440514906cef536fd3e2efb0b1de649e8983c154122e,3
001190.png,train,ecbb3c84365725915d37de3276c092e8ae06c9c6fcf3b065320097d51663bb18,3
001190_bright.png,train,b0ab3db72c797078dd7cc5866a790ac3073c91f73d511f58250e1f692bcf4e6f,3
001190_clahe.png,train,5f7a24c444dbc11c20294d97842b2ab6bcd39694daf12457ec1d17e8f7573026,3
001190_fliph.png,train,1b37655fd25cf046bacb5f3bd7dc4ef7e687277bf73347a6cfc9e8d663489020,3
001190_rot90.png,train,4f91024946533f0c9eec7c5b5041748bf6567e5bfcaf5ba6fe822f2a24548cab,3
001191.png,train,778ee678df6407f2d16b1b9612ec47c8fe7693b315da3eb2afa4a9b0bc0235f5,10
001191_bright.png,train,7c9bca8d010b308f3d68c2abc56c1cb8ca3f14cac3b4443e413a83ff5d8fe3e8,10
001191_clahe.png,train,f7a26b84efaf05fb751739abd8e35a39f14aeb6a106967e38925d10304be51b5,10
001191_fliph.png,train,41800acb7162468e313caaa15f27e0605186b3a3d80f55c80bc6eb1f00e01940,10
001191_rot90.png,train,7c7f8eea4a8b12a74aca7476e2657994c97bc14a303674248d92089c076ec89d,10
001193.png,train,8109a47d437e50f44e847f85933d3a21577482ba580e2cd13733701a759ce267,5
001193_bright.png,train,cd639d4d74be1c79ba00654b40acc31cd2b145f46b5ec68daa53d94d557d5763,5
001193_clahe.png,train,02d1a25e408534996a68628bf7adbaa1cb9c2b586146313c1849e272f5295fa2,5
001193_fliph.png,train,72ddb9ded93b0cc70fadc758a28e774db3a15a4865c5c44df9320814568f2642,5
001193_rot90.png,train,688a7bd62b2e22e1f1af05ffc2f8b5617bc29acda3b318a051f719e5f7623acc,5
001194.png,train,03f79f527cc5ae7bf8522ba784f596ce80bde9756d13f71371a0ea0f27d8fc9f,1
001194_bright.png,train,bb2659bcf73103f17247cc0f722f324b5713828ff2f81ad86d3c01c3d09090e7,1
001194_clahe.png,train,b7170282af9f600d2a09291a216a01144ca3696eb938afc89b5ee432b4d421d2,1
001194_fliph.png,train,d90e69d4844a40b9d0628da2132c5f976161e22edfa06ba8289adbcc4a0d4837,1
001194_rot90.png,train,52b2e01b86c2125464c6453e0b00fef03d1fe7f304093f881b9be55b8ae45473,1
001196.png,train,6821209954cc9aa11bed91c4dacaa6f10a197a15c6905258179a37e41aa15c0f,5
001196_bright.png,train,57f00fe704707d1d852b66bf824c8268a8d2c12d1f5f4653abb8b5467d276ea6,5
001196_clahe.png,train,eff78cbe3782274420a8957b925c58405010821fbaa430b6d12240d23b17d2de,5
001196_fliph.png,train,fff810c9493c2b9ec1225db7a2feaa1f4b48e4f580aab0eb7a9ab1474c947a0a,5
001196_rot90.png,train,452d901cc788708ebda926ddadacc7cbc3bf5ae1c4ee7c372a00c722c1046180,5
001197.png,train,8b316c9dc68a437a955c657ca85746cfc1803526754b980f83df50a2ede6dd67,1
001197_bright.png,train,7ff4fe8377aa0439c58e6731bd751a8ce4230afbb7670beb63e37f1e2367cd68,1
001197_clahe.png,train,9a44cad7919f0d37b859cb8a65f8695e4006873d67b7646ad421e138169bd99b,1
001197_fliph.png,train,0a8f1bbc2cf66e2fbd66dbbf4d4363671c326077d0b0c9226492d6c69e6bac42,1
001197_rot90.png,train,4bd9fccc39be7e8d804ea1d7a34c566b48ac6bd02cd37ab250074e432dff82ed,1
001199.png,train,294c0ff0d3415f2776737906f799f8bc37040bc17b00f498e944ee604ef85f13,10
001199_bright.png,train,0da5269a16f83cbb2fe441f8c4d9356e64071daecd6ea95adb9391eb56824f09,10
001199_clahe.png,train,6bc3141a2d98e056873b094f736bfc86bb9100a5ad2d6c2798366dd76b201cbc,10
001199_fliph.png,train,ce46aeeb53fe71083d4abfeeedb4f3fb085feff7cf4b5a4493529974782668b2,10
001199_rot90.png,train,32070094c79a0d0c73dce2790eaa17ce93bc983aedcf88c25da3060aa48283f2,10
001200.png,train,34b2a86816b06845df15c07385f102ee2ab190f8ec5f277b426829bd6211d0f8,5
001200_bright.png,train,0c152f0f9fed7b4a51e7c17c3fa3b8fcad267c227ff46df9ea0c58f65c4a0ac8,5
001200_clahe.png,train,419ec158bcd5234280f7125bda3b8636092029e75ef8b6b3e08995c194827df6,5
001200_fliph.png,train,1ef276c9bd9e0fe42d936dc907a38e10873ada26e2bca12cdfe78942bf0f606d,5
001200_rot90.png,train,512e8c1d9bdc00bc40a69885157c13c8f5789cff5072fddd248ca6b7898f3871,5
001201.png,train,36705e377d940a2e617a71dfbacb5bc6df98235e2dff92082c57f7e735ac101c,6
001201_bright.png,train,f0a6f024f1d21758f07705e64f4528920233a1fd7953f60475c8312b7a169a8d,6
001201_clahe.png,train,3fc4726a473cf53498fb2d24c9d6622a6b3f986b36aa182cf3feca97f4b5dc40,6
001201_fliph.png,train,2f117a36209818ce1db50d0f1f878632a6472b7759744bb91deac628aa1e72d1,6
001201_rot90.png,train,a071a9eb3c4267f4ecb6b10a46cc3ae213e5518727923f308197f1bf34b867cc,6
001202.png,train,7ba4f2cfbdab2117daa66fcea273d955949975d4c4cd43376bd52e314a4e6397,8
001202_bright.png,train,bbc08ef86428f06890f5f5170b0790ad1bf06e7c40abafc48a1b16fb2fe24bfa,8
001202_clahe.png,train,d18626518ef6e933ab81a6466f0a09ad4b0ce127bd125ca2f17caa78058f41aa,8
001202_fliph.png,train,a3969b77f7fbeb2ff58152d675ce6b42d92f2b077ddda655c399c1d5cb415648,8
001202_rot90.png,train,af267591bb547e0ecac7504255f2250352030674a537b174dd8167ec7b3660b2,8
001206.png,train,1faa39b99f135b5c69925d5e6cd5ea756d3bb22c97ba002d6efc6b474dd46d99,4
001206_bright.png,train,a49f8761f462721fd0f7173a57f85f9c79bc326f14da482f9d9fd190095eb277,4
001206_clahe.png,train,1fa212ff0618d1c465b39aa0b4d6de4dc90fcf74455dfbad7437f1cc8186e22f,4
001206_fliph.png,train,080683830af9570677a2366313b5bd612c682bc9a139b84dbf4e58eba1d4950c,4
001206_rot90.png,train,a3daf8405cdf9d98dd69f652dc7034a02097f46a2efdb66d52ed95df9d793cae,4
001209.png,train,0fb961c2f942d9db71243beddd445b36b4b95adf232b515069af905e9ac063c6,10
001209_bright.png,train,bd6bfc1f46a97c2a683fd1c9a96ed7669ddcc8cc90ef281571f32059286af803,10
001209_clahe.png,train,f216f7e381e53d049a9ffbf692cad0832cd4939ae37a60a5173f7785c0f8fa1e,10
001209_fliph.png,train,2c75bd3a3ae3024706faa83143933a9090f0de1152de1a422d64083f0c3cd77e,10
001209_rot90.png,train,109fa1aa9b6135a59a5df9d45c78af24a79c40f4d61757c96b566871b128514a,10
001211.png,train,fcb7409f805981ffc203d4f6b446c2c54c86226a5539d6124a3f353245fa842d,2
001211_bright.png,train,a19c11dfc0b2c6e2ab907579e048554ede2c6a617696a9604bf6af107b3dd12e,2
001211_clahe.png,train,b2b9fc221f9acdd0959b56ba6da3ff9502145ea94b1ff7bdda274da9e62e48cb,2
001211_fliph.png,train,3a58c156ec863e141073f622e5589bc4a691bf7ef5fa4b7ca179ca21d2021021,2
001211_rot90.png,train,78f84b534fed4c4cb90343d2a5c10e120567fbf04f6c4738497f9f151ce8355d,2
001212.png,train,35afc226c57e4544506df72344f69126e9c571307a9b177f59c0df3915aa1297,1
001212_bright.png,train,852036553a50d58619447d0cd0a72505c43c4f90d8c40247f03a49f1b7ed9e23,1
001212_clahe.png,train,6ddb2d8ba47c755f709cde0acb8d5c58bc8c8ecde8b91d3e95a5123770eb1e6d,1
001212_fliph.png,train,59dc9101b5ef50c821b9e859bfa0461b4bb4d21fe51b08a44e562423a10b095d,1
001212_rot90.png,train,90a114f333b3b86dc8faeba1ae1318d046a94379a76fcb1fdf9cfa5250b04e3f,1
001213.png,train,860e3181728b149bb96b205f0881095fce216803be15c30c7e2a4da951a66dd6,2
001213_bright.png,train,d3751c07230eec4b20ed6cacf0b137a6f5443e9814ddefe6af60f7b94b8568e2,2
001213_clahe.png,train,43c67717fa3d4c868924343f621daad5bbd08eaa6f9bb88ac9b0d718e4c22a51,2
001213_fliph.png,train,965c5266bb6a4370bcbe15d9da2ed45b1c8afee453f6b260e31391a50bfd3458,2
001213_rot90.png,train,315b9a1b336d3c6f2c755c5c845d60b98393197661602af5581e0bd74cbaed8a,2
001215.png,train,0b0982c51ac37d749c8b937b9e8d06a71ae2a6ae55f9bc18197d07e3c81b5594,6
001215_bright.png,train,0457357061fc7e789f15d0f6211f469da3b46a2446be213103a1869343fbe016,6
001215_clahe.png,train,b164ac514359fc32c4c3ee01509c065da6e60ffaf6f8db7c16dfd96bf3338967,6
001215_fliph.png,train,9388762cc69331a28849097241b4b39ab07947f264263cd0db866bae7629c336,6
001215_rot90.png,train,31493d135a2e39e287f73123f49206f119c16d4922ec94aa1dc7d98803656e2b,6
001216.png,train,6f04d17313f367d879a6460bf2d353214a91779661c188b03bea23790437589d,5
001216_bright.png,train,f405eeb8572b68007f0e54310fc33caf9ea1e69871f1a843a6ccdaf257deb891,5
001216_clahe.png,train,ed3044182cea57a84cb1f1dc8a7b0ff87d2bfd1b9e449ed47100427799c1aea0,5
001216_fliph.png,train,1e6bda7f5eff038387cf7c82748a40cd33522eb5d33bf396ad4c67d63f6a5a78,5
001216_rot90.png,train,57d9987c98b8ae0a6b6f75465ecb94a8e0d569dbdf9e9e733778e2f0577cad5d,5
001217.png,train,17d6629ed3eca4ef68c618a07edebf12ff6d36168ca26f2a62bd8be0a9c41ed9,4
001217_bright.png,train,50125115831bfd399268b6ce9768e07cf6518792a928ac557c3d6de6e8bdbc0a,4
001217_clahe.png,train,99d3318b9c5ed8d049d542e06e944652b12e2bddfd785efccac665b3e5083dab,4
001217_fliph.png,train,ea2df9e7f5cbc6a3bc6f6b8ac022ff9da0b05386323363019a72fda9a9663829,4
001217_rot90.png,train,5ad6e917128efc51e8dc646275cbfc3c1e4ff60847b6d1ca27f057e18dcc336f,4
001218.png,train,033a964a33e422396e96f91a92ad197c727e5c7d8dabea657fa5e6933486a721,5
001218_bright.png,train,860b920a265f59a0b3527321bab5bbbbd25a03222d6e9d61c56779d98aa7138d,5
001218_clahe.png,train,2f03b2307f3d045146ea6313199e64324fa2caebc7480cf0acfdd7b558441fd5,5
001218_fliph.png,train,9b37be85c597da840e1b98657e95949e30dead6ff2a418d8955f5f87430cfa91,5
001218_rot90.png,train,c317b8b5233b43579fd85722d5262e8dfdc6c2f973708dd1f895371fe4403e88,5
001219.png,train,3af5e0b4aa3c26a6c46202d89c262081328d85a121666b9ba287572370d4600a,2
001219_bright.png,train,b06956951bc290f3efaabde0a92ae2dbaeee90b88b4dea7435422130922699db,2
001219_clahe.png,train,589638c056977322bb4bc559ce9151af2f7bc26473b7b19d3e273a08ec18accf,2
001219_fliph.png,train,e14c1c414546bde59416cbae5c3b40ef3a17cc2a335b550e4b7911cd32326648,2
001219_rot90.png,train,b4e4a85a97dc71b988069dfcc46e501e807b58889380767c180e4cc17193e40a,2
001222.png,train,ba1ee767c8029df14a64e18a980dafe3e269e95e9e133ffd54230f8711ddfd4b,1
001222_bright.png,train,f5671e7e591455bb29edb64b76b9e86b5eef23b156ffb47eeb83c1bbd7be470a,1
001222_clahe.png,train,384166c796a45aa8033ddb4cc42c9daf0c83bf3f09edb456911e30f12001bde7,1
001222_fliph.png,train,dde1fb13559a209b921c789c2f44879ce8245008da2db6c73f9d104d99c6db6e,1
001222_rot90.png,train,aebf72d673c5ac3bc8fdc6d5c1ea4f3bd65c394e6b9c66882f1dca17e838618c,1
001223.png,train,037e7891166458432cc81a72edd7fb334e645a613e155a7faf78a6da00566b6b,5
001223_bright.png,train,f4c01bd6d2bc01eed50de9207b206a1001255ba9da36e29e8617f56c443b69d1,5
001223_clahe.png,train,87c18ab0d28c282e9b1577beed3902a31c952f371c5255b099ba6a8382792e41,5
001223_fliph.png,train,e67045b2be7f416f6dd52799c41f85abaab28f05f4303d76bfbfc58258907843,5
001223_rot90.png,train,2c5fef791cc81b53b5e68e249307ca7b605d582547598d5765c7661a3ae32be1,5
001225.png,train,f76b9e801a15d3f339afdb0fabd477a134049f04e000b236fd437a99d0c58251,6
001225_bright.png,train,40457728e0d09c2c91077d668be4ad2bbc6524bdae34a67ace5e1525e0780d33,6
001225_clahe.png,train,e34f504c26117928cb1fed60a6e235539d28ba011c7aa1974e72e6d51cbb865e,6
001225_fliph.png,train,89c517ce2fee01eed12ee71cd69195de1f6aa9363bf24b67e8cc3a20e47fd0b0,6
001225_rot90.png,train,bc37cee0337404a3e6c26fbd26309e1ea5278948ad20b13ce885fa9b8efdbfca,6
001226.png,train,d38d445ff4c4e1c7aab6e45ed11ba48eea0e93791c0a674abfc72b5e1b91114f,1
001226_bright.png,train,edfbc48b2227c70ac2a54bf5c51c9a9f8cb4481da58cac04004633e448573283,1
001226_clahe.png,train,918090114280ed50c483ab831936d7a50d827f5eb440013ff5579a0563ef6bb9,1
001226_fliph.png,train,5375b5ef42a812c7d923bae3d6f5b22566eba9b38c615e8d782a0074b13ebacd,1
001226_rot90.png,train,f1c08a2cd1660dd2cf86e7b7db519807e7d295547f7d0ca9c2fb17cea949a93e,1
001228.png,train,bb65f86e1924b1615d9a0a61467e0cb2871e125b2d4b882edcb6d07d05cc669e,7
001228_bright.png,train,66d561e1e4bdc6932e7a9b4a375723ba7194eb7bcfb5e391ef4e4f3d2e042d24,7
001228_clahe.png,train,886bbc16fbfd3992ebe0d16897534ecf36b45214897dc805eb856008f4491e4e,7
001228_fliph.png,train,20a760b8d84ce6c665336ecb1012020e0401a4d1e60e000676c0e4a6d53ed0c7,7
001228_rot90.png,train,2f7ed3f221297435f303945e8c9a87331cc73ba6815a5455c14681e3b37dc3e0,7
001229.png,train,705839efc5d7e7ed79b62a4cb75b4f8041ada982a91734768caa178e3050010a,1
001229_bright.png,train,268df667d41b78790092d1ce484055906d11c9dace2ca500ee64aa8673214fe6,1
001229_clahe.png,train,1f34905280d69de00232da41e9ab86a05b824f60fcc720c06bc7feb5a9b4ae37,1
001229_fliph.png,train,818648c6cf9f4dac0e024d282135e93ca3c8b3b40b9184a40c405a6ce1cf7ce7,1
001229_rot90.png,train,cfde1d643bc249f649412de4c7cc77b9cc40b21ee7df3ff81110dff4ea54fa3d,1
001231.png,train,f353650470d7d957a066c0257f7dcff1f68666705e417b079efb3421be8d01b5,1
001231_bright.png,train,2bd828572ae2e043d7c924f4f5133580147ae8ce4c1ce9b3d5612ab0fcc317b4,1
001231_clahe.png,train,0014d0d36a5cb7db9f2a12b9ed8b98b741a9fb4febb93f9db8358a9192795157,1
001231_fliph.png,train,99de64938b4f6002e1bf94d2508e123df2399f78b6cf5028e76105de827d145e,1
001231_rot90.png,train,de120930e6533e8c7d586c1aeef723b73677c38e04f506e3b1184046acca419c,1
001234.png,train,21c7f5993d05c4b42565992d7e1cfc3ea8d5679d625a9c153cc1181dc49e7511,4
001234_bright.png,train,21ffa8ad1cde45c1859de3c2401abd91e1ce917d9e3ff2e9e24f1b7991558aa4,4
001234_clahe.png,train,a08d6038d36eb1c533a9cf1c31c16fcd210f1292e8480e9c5c196f610aef827f,4
001234_fliph.png,train,1fae627ba4069a1768c6e4b4ddfdb1900dc1642119dba870b2d89fe24da2acc3,4
001234_rot90.png,train,f92983a5b30d3cbced8bbf7b87ae17df4bdc0759f23ab3573ced76e6020406ea,4
001236.png,train,ebefee0465dbe3dde06f621803b1cc0157677fbaaea4c60ffda6642a26b470e5,3
001236_bright.png,train,e7cd1cca263fe546d7f72f5875473a0c1d1af256ad3e6f36edcaee02498b6d0e,3
001236_clahe.png,train,443cb7df17ceaa5c3b4fe276f85c81fef39da1900921a275ca63650cd23ee7a7,3
001236_fliph.png,train,7ac0f06b98a442bf571ff6dae4dc7c111a8ce4a7445931b356f78b29ec7cf0c7,3
001236_rot90.png,train,8e225bf6dcf5744a569edffc2fbf576d61a28823461ec72e1b9e6270f23fd534,3
001237.png,train,3a3ce3af355b59089805729cd5ef8e70fedc892f2c2eaf838c9f2ffb8999c41d,2
001237_bright.png,train,827933e485e0b81ab36ca9bebada061ae78a6627fb003751fe61a76752a4b676,2
001237_clahe.png,train,e161bb0f5a59d95761dd1dd98e5dfb21eb234e45b35c6af82ae42f6d1daad7ec,2
001237_fliph.png,train,622f852835af7d84ec9c95a422e681a47c1ee00651b2e50eb15fdec5b65d9c0a,2
001237_rot90.png,train,67aa6820045f437c64d5ebaa94ad7baadb56ee7805b8b9ee32b28a6325609fe4,2
001238.png,train,ff9eb1bd079e7b8c297a186a266949d9da449e09d61418fb6723cf16f324ef9c,3
001238_bright.png,train,c504665d67071bff2bb1fc8b4b75e172e0f0192bb835040b1457bb51ed0240bb,3
001238_clahe.png,train,13402b2159afa628ffb79bad417ddc434d5cd173537f60b58398fe1d714577d1,3
001238_fliph.png,train,740d7aaeb7fd4c0e35a3e693c9542e783e78de97c2f8406bbbe2f6b79d9f8013,3
001238_rot90.png,train,663695f8c496c87ed66ea25cdda1de08acd2e573d328b9e13e5e25732b41a64f,3
001239.png,train,fe32ab5edd76bd7da4b526b4f63ad6c9add8b452026b50e653fac994a31f892b,4
001239_bright.png,train,266f89e815dafd2c68eccd540e6187dfd7e1099193f9e8fbd362adae9c006e1a,4
001239_clahe.png,train,34759c39e8ffd862a19e7a6cf31d39069fd391a4f609911e03a7f21e95f09c4a,4
001239_fliph.png,train,9f507a576dee173ef602b28988179b4d673c28d6ac5ed786b0b014c7531e35b8,4
001239_rot90.png,train,3a60046731ad30782c3e9b6d56ede6be62861db7dfdbfed1366b3176080d7a5e,4
001240.png,train,e394f856882fdbabe447b159f8ebbce7b2401558072b32ecdd2850c278c41430,3
001240_bright.png,train,8944f0f983943ca85f3eda3d55941c6e036149dd38033513f1ec656193a8ca47,3
001240_clahe.png,train,21ea433d5b8d09f7248e65ee5c22a1ba3e282cd7e2529b435439761f87e733aa,3
001240_fliph.png,train,f7c1fd9b3dc41355c7165b2a9f7607d3f7412d9810dfa3ae59f4ac4362a22dfa,3
001240_rot90.png,train,0a58a272c75bdc4bf3def1583d415fec7bc8c0eee6e3534a4aeef25bc2e7a05a,3
001243.png,train,c4d8b413138dd42dbab75ce195602a2badf49023925e80b898605ff621527e0e,7
001243_bright.png,train,f554c32f2188fca0eb19a9abd9804854296e0c5c2838e4688601eb3e4cec6d01,7
001243_clahe.png,train,99556641af6e2f0f99831994551540816717cb66e27f01cf3ee85d64a0c158e5,7
001243_fliph.png,train,7ba9edf5b8c83269fa85498785a54c2f064f3afac4e86303244efa9e09b95fdb,7
001243_rot90.png,train,fda67e34a1df814dc329ef280dbd9c436da604b68c3a275ef06ed8a327a1e132,7
001244.png,train,690f5b45c33f990d060ae7c38a5910c41bf2868f6f57487240d337c1c4900477,4
001244_bright.png,train,c4b99ffbc9cbd3fe189cdf6f80d13ba7aecbdaf137b2f72c8e7c491dd0b7965f,4
001244_clahe.png,train,1f8de30de59a36ecc7ef944cd91126f75d276b1d31cb4ebb6ce17aa73d9a1d4c,4
001244_fliph.png,train,e616cbf479c7967c35b6e3ce34434d25e43b89d5e2959ce2a82961c71aa432c3,4
001244_rot90.png,train,3c5e0cb7c5f2e6e1958e08784d33b10bc6ccc53e826515ba878b909685d1e278,4
001247.png,train,f28d38f65fce91e242a826f6f044a3771414397722bca0a0fcee31cbb1871262,4
001247_bright.png,train,7dd66f0ed59e779ba35a3c15854676044ff8f137af5b5fe4ae3a2b76f57a17cd,4
001247_clahe.png,train,54bc9dcfea2799baefbe0ddfedb669a121507b137e6d9922393ae86bb52be717,4
001247_fliph.png,train,0152ce09b0d0b3aa40af288fdeb390cded31590f6dea2938fe1ccc79ca722196,4
001247_rot90.png,train,364b149edce4adb107a433c9c31bc24d96a3a937f7705144c6e09232b1eb0078,4
001251.png,train,73a1c98f1acad9634037af87bf489e93c56d59c4b2d3a370c965d6c33b2e2fe6,7
001251_bright.png,train,c8205954f7a2ae0fe127bbe2cf6e056f2a3f567cd72898089ae97c2ce7d65380,7
001251_clahe.png,train,17dabbb52e0e311dcc3d751ddce8ebc1f403dde804f434d912f9d093b945a568,7
001251_fliph.png,train,f03e5783fcbad8a2f1635c9291c3f002446e7dd9068352aef86ab004d883d566,7
001251_rot90.png,train,b352f1240ceb10426310089086c5b84339ccc818b30b8b459275ff52667c334d,7
001252.png,train,262724745b1755c4901fc0c491c3f89ec3c61d553a80f1a921c60a566f665e02,5
001252_bright.png,train,97a8f6faa56e4e70d7cfbf96f6b5cbd47f9f71076c0a2c5046be67ac1c439421,5
001252_clahe.png,train,8219c6f8710f337a1d1ae7163f893204c5bc70465b4ae3bf04f34bda4cc3bc55,5
001252_fliph.png,train,57edfb1af9b02d3bd8eed59ecd16f7300da03152d51df15f1d9b78cd25c4b673,5
001252_rot90.png,train,97eeb023f163f4f24b39a4d794e31960712236430534d67868dfad3dd8e0f6e3,5
001254.png,train,c5cfb201fffff4b667ee80fa95a362e9291ee7ac6a81649a26d65ff4c5224741,7
001254_bright.png,train,cb322eeff3e0f66a38640bfcf016d90f745bc64346c0bd978b4edd51ede2e945,7
001254_clahe.png,train,acbe17fb2cc8089dd9112a28275db03d31d01772db7bdfba55c1f9c4ca3b23e2,7
001254_fliph.png,train,8d3d7c9cc2585c5bca0ab10030fb4dc368d32dd8238431bf309409c54c8ac096,7
001254_rot90.png,train,6dfaba26e2ac5deb1eb44273a4ae262c28fcf86e441448ec4a9aba1a18f3c090,7
001255.png,train,59db75a7242740feeb2be6e59c515738aa80aab80f63cbc25a58404c73bdd1c8,5
001255_bright.png,train,d92e6c36fa6b5696856826c20efeecfc20efc83fd44969c1aeee0cd32bed5e30,5
001255_clahe.png,train,71d870d42e780d2263395ee7dd63d5d6694f42a9018fdba1a6f00be7b467237b,5
001255_fliph.png,train,c5c89e45987711cd6e73ad3313149f9610970a080769ba173192a6c61ebcfee4,5
001255_rot90.png,train,571fb8646e5d95984126204b0969ea8a81add2581eca63149a50de778624fe1f,5
001256.png,train,53ba090faa78041b7a4be1c6f8b2581f9a3b39d13c470196fd08f69c4665f412,6
001256_bright.png,train,5a139bcf5c82f2dc5ebc1c269b27abfdb797c5b051348a72c7979b4f48c1fd68,6
001256_clahe.png,train,a1846ef511b193548a53aa9b7d05e5410e7709dcb7d9d6dd0ff683a24a05cb2a,6
001256_fliph.png,train,70366ed25ef829ad3e91c3b58d529b36b0855fed142392582fa54235709f8c53,6
001256_rot90.png,train,1f4e76c46e49efb70f166b2d01ce417e9fecdae22af625cf82dea6918b8ababd,6
001257.png,train,22a160d8802818afa1e77197f76296ab613ab95ac1b34f865476b22cf9a1e02d,1
001257_bright.png,train,8a1de47ca7bbc0c88d4b9a9eea7d175b402808aaf677308c5456a0e659fa4004,1
001257_clahe.png,train,d83006484b7a41964acd9e9e3d033b4b10f591be9e021ff401e91d89b1dbe847,1
001257_fliph.png,train,5ceff8565e3bb61ee80f0a4b4091adf74c2ff1332c1e29e20be1ee621a1f7bec,1
001257_rot90.png,train,432c5979b2b9c95c949132e767466fe849a3e0260c4a8b4ffcb592bd3f979e19,1
001258.png,train,102844dc679e025b8624df60f770a31e94c5cdd1d0d82bee9b910c66de2becab,6
001258_bright.png,train,d0d898acffa1b8d3c5a6d568368d776fb4f3e29611a425577b255e6b1dc801a3,6
001258_clahe.png,train,edb8e7e381d715b3e29fb6e68249890e14e5d1be895965f63a007542cde0d099,6
001258_fliph.png,train,46020f1aabb731da5538765c3f2a4f84da8f86db95f31a5130ef18c81a12173c,6
001258_rot90.png,train,792e525052ffef6f2e53452319ed3e0735808df3e9caada3bd6d57ddf59f7a4c,6
001259.png,train,8b38f05b1c42dbb9ef187e343203f8880d0a5413fbeda7fe69cc7570465ceb4e,4
001259_bright.png,train,f7bd57d4ae6370e6ae85f1d13912c5a471997f3e5168e224e02e39c53a7fe9d2,4
001259_clahe.png,train,82d254a00cc10256298b84e3eba47b015d4ae60a49c527f3e06ee83020751946,4
001259_fliph.png,train,50394f5c4cb49bdac7ec184402e009f9c1e9205a7bb55965e52df3e324cde86c,4
001259_rot90.png,train,819abe414d145ee758e8c0c2389ce43e224c0184013ef132a7f7ce46c0250ec5,4
001262.png,train,1fe30312e6daf173110c0a2c779e32d294958f5d0a9dfee8eb25b3160ff087a2,5
001262_bright.png,train,878433cd1833341c20be7299f75d8b6420bafb3b861c209af11b122b45ce9c76,5
001262_clahe.png,train,b319cc4f619ff366d3f74f7dff985a69231870de227e7bcdf1d5c4d7914056e7,5
001262_fliph.png,train,ea9019e458ac9158f322b8bdd26dff712dde7a971f6d5499a1f11ccbcc7367ad,5
001262_rot90.png,train,acfe87ebbf7d1aa8dc97b3b0a69fe840d2a03469f6839982c067fb9ecdb5b68f,5
001263.png,train,c88d145454450989b7849c412b2fec740da3fcbda111bc3c8941c820b4797520,2
001263_bright.png,train,8c84139b7a770630753a204899230d1c5ac5ad59b3c08f1e5d08e940ec030027,2
001263_clahe.png,train,3494ace86c024b6351e9ff77b5a4f7907c4ea76446bc788e9a9674cb95d61b2d,2
001263_fliph.png,train,6a359bf7f903bf7f01eec30293eff66fc9a11d1de7d5a5767319a72aa917b212,2
001263_rot90.png,train,a85c63e521fd98a4076acfa5bd91ddd858415ada29d429fc485d203897459974,2
001265.png,train,79a84eb3df18535a82f7e748875f275f430a44726411738619a8e4c9164eb76c,1
001265_bright.png,train,aef4572b9ffa429d11ff296755ae80ae87a53fb2d4a20737fc02b633c75c0e4e,1
001265_clahe.png,train,8b956e80fb85c334b914ea0be81d457424a8d97783e59f655b712f52a3cd3f1a,1
001265_fliph.png,train,d4bf0742626b7653f65cd0ae10aefad942da09817a09a60c195dc492e3a97c28,1
001265_rot90.png,train,4e3de644ebb52b96731d5bcbcd15c4462446d5674348717c89f3564a09ea7e97,1
001267.png,train,283463750c0a3275c29434b13916f75070c62f64b1f82e0edece176f7aeefcb1,3
001267_bright.png,train,5f71445546935bec2c4c2f334c880b691e03139779f3b94752e039496d68c267,3
001267_clahe.png,train,0afbfb5f9ed20b96ce70ebc2dd70ed11706b952d5c95836947658465d4897de9,3
001267_fliph.png,train,87f67582d9cbe9b755226492b6bbf7984cfa91e03dc6e607bf0a75be7db36df6,3
001267_rot90.png,train,5828b52eeeaee96b8c778b584fd5493324ce524c911afe9e6d63d602543bd779,3
001268.png,train,28ceca891b474a18d6d6d932386ef577584e00a3f76c38c4d76abcf7635a5f5b,2
001268_bright.png,train,869cdcd17dfbc503fd7212a56da56d111ab89be5d60fa46ee02845b71ac9a92d,2
001268_clahe.png,train,020bf01ce29db0187157263780b3c42fbdcbc5f8d55f9e0178b3c9afb74589b2,2
001268_fliph.png,train,4f29084640a22a300b83b4b6c51bf9adeac4fa9a3e2caa75c54e5c5da3acd506,2
001268_rot90.png,train,6cdc6fe01d921babf7791455e2bafa9a982d422135d4c139589e7f3024d50e54,2
001272.png,train,7d249cacce9d6412bc724cd72accd6f4a7e81bb0d0aa8b2ecb10615bb6d950b5,4
001272_bright.png,train,d764ae4920fa2d38d9ac33b584a1530b723265d16e659d0a8578e23a48565a1c,4
001272_clahe.png,train,67a3eebd854c8a08d6f717b6997c4150e0b80254325328d236f7bfa70baf2f68,4
001272_fliph.png,train,729efde8e2c18ad197b6cddb8cafaaf0bd5e0381019bddf56d05bd2f08e8034e,4
001272_rot90.png,train,b41c679250102579706c7bfb002900aec7ab9d43eaf07f84122fb47b9e3bc1b6,4
001273.png,train,3fa0541698d112e6cf85e7085509fc090fda6d29bf389be543be46340c1a5d11,5
001273_bright.png,train,10c3b153c7f09bd48b29acdd43244a9267ad392692f8a979bbd005d0ed44cd13,5
001273_clahe.png,train,3d637dadb3cc435409ae428c75dca6346f625cefb13d92566329c60627237f41,5
001273_fliph.png,train,41b65a986faa8ad8613fe70bb42ddcec17f8bce82bc6a93182bee3911c1beb70,5
001273_rot90.png,train,6dca80f4ec29c38ca00be9ab9f81e2bb183ef6cb25ba969f2d6b353b3d1414f9,5
001277.png,train,6a19c176dcc0bd4dc3d548a67da1a228e6aec5d6e8db52dc3f51ab15f029d36e,1
001277_bright.png,train,4847187a0d5fff2cfd5a0165f69fce30d1603ee0587cc0e46c185d7e0efd52b2,1
001277_clahe.png,train,a34fdd34ab74dc7fd5277331628e083fd48e00c658f356075657153deb52dc00,1
001277_fliph.png,train,d0dce32575f7308aec120374f1455aaa76b4d0b94562c91e588a8324e3a52a1a,1
001277_rot90.png,train,72de6cdd7bdc52e9d100bc136095132f1127e16ede734dd4cd5eab51c3daa084,1
001279.png,train,fdcdc87a8a131a8f5c1d16e7aa9324b04b7eb02a75b6b6fe6971eabc893704c4,1
001279_bright.png,train,2229278f9dc2171f36da464d86cf5abab00f4e90443f1ca98cc7e35cc3135e38,1
001279_clahe.png,train,9b48033cfddc77acccb3715b1a170912ee31c8602b6e8eb04f6e9e48f08c99aa,1
001279_fliph.png,train,db609c3eca4b6a4cd573ea3c2019fe239f7c842b43344f4cbcdbdf2101d28867,1
001279_rot90.png,train,9c16d6790398b91c57c94dc855598e55cf2f940c5c7b0e3dca3229455d402e60,1
001280.png,train,70fc37848e8a18aa715234cf23e52b2df486d2eaac6ae0fa831051fb3f585168,1
001280_bright.png,train,f03c1625cc0f2fcb768af855c912590dd8da8021122bf74b1b593c2398685e47,1
001280_clahe.png,train,ba341c15dc95f31c0e81d111529169fd83f122dc5f107c34ad2098a6f5c4530e,1
001280_fliph.png,train,eb70ad70fb8e3d14f3d75ced6513e0ff0abdb1d76b39ddf458ea13cd07b91081,1
001280_rot90.png,train,1c60de584e4a439ba14ec6e251ca95a0e45cbb161bb220bb7582039d82ba86c3,1
000002.png,val,6579bd15a7e26660d5cda8dc2ac59353062847350d3714827b8334612a43eb19,1
000005.png,val,2b16491eb161a48a91ac72f93681b45a0ef7a284f985be3c216a0b2df9d45647,4
000006.png,val,d1e81791ed2f2b1d9f79d2fc0c0028a49565e84f361519c7cc7b6053df66c3dd,1
000008.png,val,91b277a0c8311e1e7001f0c6a16c85eb057273a793b1f4df664ddc53886475bf,1
000009.png,val,612f0f7e8ac64331e598a3bce16f8f3804308fdc706e56aaabce9f7fc1e78ea0,2
000012.png,val,3d4eb68b49ba1f7dd9be8095bc05c94334acbd887f8f700ed3b6375c26352b2a,2
000045.png,val,38182411d74201b6f829a25d68ac1e74fb8ba35c996f4710f6438c1754e71341,2
000046.png,val,494fbf57841978fa2b9a0b568f27fb070b3348bdc439a5b7093a94f8b84d0ce0,1
000047.png,val,05c3bcff3ae822cb7df23bcaab7e3f48272a0ed52171040f70c87c923ed26960,1
000050.png,val,edff218fbc6185d40b7838c8a82d0a6f245d381cfb1afbc67a328473829a82e4,1
000051.png,val,48f7700df6f1837a4154d3701d0395e6c114a6b5adae1ac1303fe9844ec57cd4,2
000056.png,val,a0a210fc5b630ea884ae3b58d372e00dbd0216666ac0eec53d60a2c85b721bc6,1
000078.png,val,edca1394049be894d6a32edc64bfb1fb0ae18acf4cf5f6d4abc9960237e40022,4
000090.png,val,1853e53294ee6190db839096791a6b97b08fcdd9a2fe871b3ef57539633a144a,1
000114.png,val,d664c8ac8ca69ac9fc5b491391c8e2a3eb817b8e78d9638812e12ba253e553bf,2
000124.png,val,2eeb1cfe4d7f7eea66bb392e1861bcbab33ddf95db0fe96a54ac827411062675,2
000127.png,val,c42a928bd6002053cfc2b7edf44d28be77d11c64599e4ddbc6c0b07de9669945,7
000129.png,val,5b2abf9e1d0cf8b8757b96c7056bf0ab83c9f0025f31569b68d07952325a4c6c,4
000131.png,val,64f0305be8c5eee773efae091b322f4389bda7df2e5359da52fde5a9f1849d52,1
000143.png,val,f819bf938394b7799fda55895ea7b30ceeba764d25b538c9a978c12e9269ead1,12
000156.png,val,986fb1e990aee30806d0453e9618a5828056f17725d5ad8a87530ce6b139cd90,6
000203.png,val,b0ef914cb8ceaeb1077cea8d0feb6738e3f963a42836b1fce390099e71ccecc1,2
000212.png,val,4bfd5cec8d1a827d28838b130e6d99fe5aaf61fd7bd3f939d938068192b96ff1,8
000260.png,val,027bc1da5de2bc7482ffc30e1742be7fbec55e13bc09efd0a9b7dd54416c1c84,2
000267.png,val,9308a6b5ef9b0d8bf1bd5286bd80772218e28f89662d9063a3bc105b349f0ef2,1
000271.png,val,22891c9986313121c032829744043b5260e9895cc80bf254bc179d3d2c57fc91,1
000281.png,val,8426b9fbf6fdd909db642af53141c86baab2dbc87337fad4077b7c10a04d193e,1
000294.png,val,b7331dae965214c1f8598feab4b14fc10d1953aca10e50225580270f2a3d00bb,1
000295.png,val,536edb5ce97a2901a0799f9ecddea088bd09a9d5b1a7512edec9baad896c8592,1
000309.png,val,f72eb59e2e966b8e3a4beace979ac1bc37a72bf4d6d9b20c5fe40a10900e4fde,2
000347.png,val,b15836d0c84b93b37a2acaf4892bb9a4dd04f4eafb2bcbf8dc2e7a22ba16010c,1
000385.png,val,b12a7ad48b212a7321a4febef0f7a359d2f71f0b762e42542e876991aa471ec3,2
000395.png,val,dc851164b617f89e7527e3a38df7fb58b7ed33da310f00cf231d5893bc8bffa2,2
000397.png,val,9c18b6e12ef358dde11d2ab46b0caff5ff427d79d34cc15d3ee80205abb0ce0f,1
000401.png,val,5cfe1a5c7e1b0ec9738e2509f0d5cd34f013d0f58b5713b2baba0d2a14224161,2
000410.png,val,62eff7741478072ba0d6a80b15e2d4c777e5702d61a465416d8da6a0ac84aefc,2
000414.png,val,13cfc8322fe08069966d48e808348091ab22f32154cb591231fa5a7bff7bdda7,2
000417.png,val,441d07218e8b4ac6f420ed4578b263f7a5fd4b44d984104d9639563dc082284a,1
000448.png,val,644dc0c188691b17a00e725b9358dad3e1cbcc8b8110942eb3cffaa8d13a04b5,1
000462.png,val,a65bd55cd141341e5286db6438f0a446aa4172fb728803b5e38aa0f594fba651,1
000465.png,val,4587a03614e449fa101ed6b4dd6da918f0f8759a2c904381cbbdf6ebceedf589,1
000466.png,val,1a11dbffb8f092ae5f9e6836969f251d4869cd5626d8d3e6d4631e44a60ee1f1,1
000485.png,val,e6744bd6767c8b7de548f3140fa9ab3391a47d3cdd6607cbc2fde84caab7bc17,2
000491.png,val,cf917959caef90e2bf56a53039e1691abdc584c8ab4fd0f1ff449a0905b00c0a,1
000495.png,val,c1de37b6dca383a2b4755660488dfa66a7105401958c3838439052be6fd6debf,1
000499.png,val,a740e1bbc5c1f730598f80bfb116f3c908cfd92096a5821d0fdf48444df9cfee,1
000507.png,val,c0d9a5a0a1d159b7ae35b6b2dd131bb5e6e478bc9677fd7413aa79dac0d91ea9,1
000517.png,val,59c667ce9e80a63651e645b3c94b68dfaff14e1b6d72edf64b0811788199daa7,2
000559.png,val,72988a1cd3ae9af2620498e214acba8b3ea9aaa478cd4d6d31cc9a6e4f2132da,1
000576.png,val,31aed3fa6eae3f86746d80245abd912c5bfff96c76441eff8bf147187ff50d1d,1
000596.png,val,7c3e074aa903dfa628d784b6dc35eee5bbfbfe609644ebf215b2a7827456de4c,2
000611.png,val,28eaf1e7582ca6423181fdc4d6ee2db5b3eeff8207e836ebcfc39b2827719f5f,1
000619.png,val,1bce2575cc05621b56c15e4994299d6adc9055f99336966a6b19392c9f167020,6
000625.png,val,580d8f27d9b2fd2f68636aa2778c8859c0db0b788f485334876b2da2639419f8,1
000646.png,val,0ccaaa2b25c71e457f81a7369f28013a72563f5341da8e83fb1e7b0be9cabf10,1
000663.png,val,1fa8d569c99d9908484f60852352f8713f487371ea8c5a53f4d7eeda01aaf062,1
000665.png,val,e0aa514ba318d7f89d24b1f7b0c52a52292a8ec9f276145ad022a7b6ae1df8dd,1
000669.png,val,b9d84ce6047b8d4e85b66fd0f373894b86d76fc72d3eee54cf99e13ebab4e4e9,1
000676.png,val,0f7893c1b4a134d8aa88ad46eb1bbeeef159fad9e35b1b09f9e7ca138b8fa3b6,1
000690.png,val,9a4de76e43318b5e631e50d4a8e07d2b60f7f1ed1d7cbd0c36d4127ff87a2ec4,1
000693.png,val,2e5b0e81272bfa542326c45abfffddb0a7fb19dde28270f1b25283995511def2,1
000701.png,val,ca0241eb4b437176963705cbea2ffc9166e54aed6cf399b9df73c8b9f8ba350f,2
000705.png,val,4fe979bc52ded2ef9e6fcab42d3599ac2037d64156469c6ea2ad6965023720e9,2
000707.png,val,3782167842ced783381754398877279e9de99dbb164360d357a351b82c2ffbcb,2
000720.png,val,0027a2c84605ea5a4379ec0391ad66d02c6cded73b0296969a47da291b90920f,1
000724.png,val,6b7564f267b08220ea6ccf41499efad06970be7e119f38b42478cb8f14c57368,1
000732.png,val,a56ed729601fa429953c53bdab807b4fa37f5bc0aa2d7cba0c15af24acfb7174,1
000740.png,val,febbb04d40742583a3372264dc0728289fae4da27cc904cfb24018bafc509291,1
000742.png,val,4af254c463ca29fc6a9d63ac7aaaef2dcc88d759f646a64a4491c75f555ed8b3,3
000755.png,val,8fc9db8f22e6c786cb7397f3f225d0221dfab0504aa972ad4ec6da692762ae2b,2
000767.png,val,e2f9deb05b0ad3403d8419d215b151e68ec71217f34c7cf60cb787b52eecd939,1
000779.png,val,b539650097d54d05b9abde17a16535d748a6261982e27adaae1cefb503ff79a5,2
000783.png,val,fb55611fbe59990308d932499ef60d4c11d66210f06c2744278b2527d2c0db1e,1
000798.png,val,dd25c79b8ad1b282170101243de942f8e93b6f3f4d06195bedb5391d10505edd,1
000806.png,val,a0e9ce1bdd4ce341e486d864c1d43df1a23e165871251cd08e38df7132640f84,2
000807.png,val,d357124b3799e82011169aab2fc2867a7823e10dd6b988ac43da038c1d012fec,4
000823.png,val,bd2610b4987eed624eb874952eab2877c8df6d01e24c7737be4ec7effbf08141,2
000827.png,val,a54ac747a82e9bd7bbed9a1d92cf1101059e3cce8710f0e2b41018a8b7420e65,2
000845.png,val,47a3de45d99a275bf47361cd050581ec4ad99758b7b74de2f3d1372fc92b87de,1
000853.png,val,7379816dae318d52ae888989113022c2b91959531d2f6b3449c29a3cdac3a30c,1
000854.png,val,1dbdbf793eedf83f308ad79c544062626583247da69e861330ecbe9fa8fab70b,1
000862.png,val,01db0fdd3006b5ec4844c8edfa8e0176343634e9fce024790dd73277af3a4638,1
000863.png,val,3099d6620d45392dcb083b6e69e69081eeedc71c4f9753291431d395870fa511,1
000869.png,val,a5025834c1ab5a394d99ea6dfd1b5cfef8ddf78d87e447f3795dc9b437eef659,2
000872.png,val,aba394528e85614f9737409fe1ed78b94fe340ee56a37ffeee55c56262500a66,3
000878.png,val,64b17d58f08cf67d4ff55155cb78d0014891b363b14517580da5d9332681cc82,1
000884.png,val,55aaeb85081014045de78ec1f0db0d60ddc425c960b128de2af6c9ba7df4f8e0,1
000886.png,val,6a74d130f7e1abc5f4391104076d5cb6fb90fd759eaa98421e38aeb1d898a889,2
000888.png,val,672b986cea661d31e357e67bde3c896e1787d0b776ce821deba7de70c15d8962,3
000890.png,val,cdb54f79ec0f5e9506438b0265eaa4d7e4686e38e4323082ed40e965b286dee9,4
000892.png,val,f54c7cf72b5be8006ad59c73c933a7c25c6f5135a5186a658e87dc50e012c30a,3
000917.png,val,356739676b49eb20807bff36d4517703ba2de3dee1f5678556ae2ad96757bd52,1
000919.png,val,0960b055becb4f132b253c437162441181b45985c0ba1a7f23dcfb321793bad9,2
000931.png,val,bf3edda91ad4398f864f92bf0b665037373987b964e6dc0693755e4ba303886b,3
000935.png,val,0c7190e80796a3f051677c91b24c01404c421b6ac7874973ca4688b5d266012f,1
000940.png,val,581f75323a7f352762a0519e47f001388f57fff6d16e0fc44100b11779fb208e,2
000947.png,val,4972afbd7c4fe279aa60737a9389131f8031cacbfb6f4bba67fa7a6cb47ef1ec,1
000968.png,val,0310d284cbc27d0f26ebd96b0ae8f9ce4ebbe367a221d980ec6fa257bc4ea8b7,1
001001.png,val,d281ec5327bc35d5b09d8d9fd4cffc627a13d6b5d978cecbf1dcb64d17920d03,1
001004.png,val,30865eeaf4efaef38213d3ee971a22cdb6c05fa631d1828a44793913e0a82809,4
001007.png,val,5140440e0af1ba284a06207d14fcc86fdd06ce563f7033960931829b36c1c989,1
001012.png,val,a2942e2de82bf18d0b0ee170c3a598228d9e9aa12a8f8906fb7b4b98764e5e89,1
001020.png,val,4ae1ad14f2bd77d13c93f2dac0f3d3de0137830144572a998739b3b04ca515b5,4
001022.png,val,45e9719de7bbea7f2b9a07a11f01997d61e3b681500a4be3faafd95dd5408aa0,2
001049.png,val,b742ddb92459f4d5b8e91552ba26e88d1f7ebfa61da45e6e97659eb1e47eabb9,1
001052.png,val,4ed4acbf929ee2176f06a22d21c5977ac084cb9a77de4e5717a7ee32082b0c89,1
001060.png,val,99d3f81e29fc8e8fc6f72e547d1d7f2fe768828087115fd24fef2365fcccc150,1
001066.png,val,1f0be6be7516c4b98d90a0846a863b1480f437d7b42aa484f3c22fa780efdb3f,1
001069.png,val,b638b10c39f8fc381dd343d21f9c9b49f6534f527cf785ae2f5dd93f67d80870,1
001074.png,val,ec19a36f6984d381f343e5a2fe5a98989452a074c72ccea13b1c097da48f055b,2
001079.png,val,469a97d1062d61f75fe5f2a9da37e56e2d2d476fa400a2c30415deb06d6a682d,1
001087.png,val,41a415f3776d3b456ec30b7249b5146b5c39334956cf2eaacc6783737df3f0d4,2
001092.png,val,9819c1e80083078a0d563f623c737c83d04533d76af06c7fb701fe0cba6c66c4,3
001112.png,val,42305344113fb3539e717819ebf983c089eb18921a2a118c9b9fa2de96a52020,5
001114.png,val,75836a30421cb1f826b5daded408dc4f73b44102894415c50981beec60462b1d,3
001120.png,val,f462f42768af83267efab682c883019b4d4e183700cc8c3c90969316f50e5def,1
001138.png,val,b64a29ed1b66ff9022fae4a2d0967750db1fd43addbd67a35324a1822cf3e089,5
001140.png,val,0a33e6011570a9538e7479f7c324d9943417e7d832b5723219cb7b715fc7d2aa,16
001141.png,val,158c28157e5e41c40a50423f8d4ae3e62d36090f2b9afab97a3e3e5697d4c990,9
001156.png,val,af208f06e24ee136eb163653845485cea0bb2d5636757ba417cfd2938bdf66e8,2
001186.png,val,d4cc44b3f87f73cb56f58e4c8019771338b5d99248a7d91f37482b1742c8cbff,4
001192.png,val,87396572a0efee840b1ea0f31b437f3927baceef0ce33c8103294102e3f9c08f,3
001195.png,val,4aa56c2e53c047c4b3917d6f28cd3d526d5d204858754e8750d1f147b5c956da,4
001203.png,val,71d4cbbc77a9c0fe0377eaa4fd3385eb2b42a5d9349d9dc2f8d6ea473c78c4ae,7
001208.png,val,92138c33f766ee7763873149c4d4062ffdd0f5955461eaf6c7e3d2351368e5c3,2
001210.png,val,496b64b32de250ccaa07dff2112188b2e302948eb1384721b6f21236e35234ae,6
001241.png,val,1f999fb81df5f0413035d4d73e7c9521198e36642e837cbd734b43add48c3448,2
001253.png,val,734e1336e550a1eeba42e7b9d851a60026a07100ac319cc44eca75b56a858852,6
001261.png,val,b4612fdad8cd6321751443283dc04c2f78bb2c44b2f9c46370b34deddf034c4c,6
001271.png,val,2d113a04dc4c33595afa4b112f95aaa7cb8375ed5a100d04c378fb492a8485eb,6
001275.png,val,fb9d3c4d1bebbf851c015d9d11ea0b013491d4e8affc9c1d95cd33e87552c8b9,1
001281.png,val,5b593ce95de93f22fb3df5288b76f8e591faa71cee48f01ad62ad58b2f68d9f9,1
001283.png,val,a50c84a6b322e523e014887a56169293f9125d5e02eecf31718b3ff746253f1f,1
001284.png,val,340805bbdfacee46ef24f4cab3f18b7900362c94dd104505e1e07e6c91821a50,1
000004.png,test,62c601146f5d4de9a9c25f916b60e431811c7772a8de165c5c3199105b9f309d,2
000010.png,test,cf482a14148a211f4bc9570f796104b01a58d9f8ce6fa868642f0981777aa98e,3
000011.png,test,c17aa9a80a541cb34a3d6eae4006a0a6aa99a88defedc3cbf36ccb5db002b9d1,1
000017.png,test,d25ddf110ae8d538001597a2740e4457a021b1ba572e6edd93639eea02098650,2
000018.png,test,3a6b9a25ff0c05e3f9e1936c897796dee0bc484e21a5b031e69a7175ce640c4e,2
000020.png,test,367c001471e4466df2040df1190a9192ed18680e54433a4b53dea93a764ca56e,2
000026.png,test,c60edf83c1c664078c45627fb64086876aba823752dff76d9ae054c46eb4b887,1
000028.png,test,04fed129ef5478a67d5c1093ad8fb82f86d6d265a478b226d1a09b1840dad6bc,1
000033.png,test,ebfb9510ba502dec8437baa8233b8373ede04022da47b7031199e29c95048c41,1
000036.png,test,9d1724d29be236ec304f03b1a9a14c3075feb9ac4ecbc36f1b39a7eb166eb01b,1
000038.png,test,b1a4662797fa633e5ddbaac8a149915e30df803fa6f9054d0729c4eba5e26097,1
000040.png,test,98cf3db210110ae16f4734f3e516b594ee8a83055c69e218239953599bcf303a,1
000048.png,test,6ac2af0f1728b3f59e014d46dea8b731aee7fb27c691439f1dd341b300a5c7de,1
000055.png,test,1b9505d73a5671d876987ed2c8cdfd9a9b864bc03879bb9c459db6d2c09a5ded,1
000059.png,test,fe08b812c6a8b15ea92acacffb3fddfee3d206d64329668df4dc1c24882e8dae,1
000066.png,test,d330353a763e2d9a9a1251b5d722dee78223d24cb67607152ce14c9e133dcc5a,2
000067.png,test,ecdf1941395f713898dec46f8f5fd64a6395c500fc9ca8053d455f62432594aa,1
000068.png,test,bc55ec9bd284f9ec54c362da5eab1ecbb82262a45b64808287e84cd07bbc8871,2
000069.png,test,771142541d3f25caad4711186f9379f41aff36472699caa8458c7e040c2544f3,2
000070.png,test,fa4cf2861a6f1307c9bdfbefbcb840b0a781731cf474beb30272ac8e92170a76,2
000071.png,test,dfc3cecc487558e23ab8c654823f38528d34d418016a4626e3390f83985e6a2f,2
000075.png,test,775738e5d6adb933e9bfc506ec5520dd1b88a3df926fba178f34d54034328aff,2
000079.png,test,fc54850f48207f0c9df3731b7fbb79e3c3e6bbe2faa39030be1cb96e6b415204,1
000081.png,test,1412d76ff2666bce521fd1703825f2234220ba9af1e8525ceb00d0c9e4265a5a,5
000082.png,test,126539b27dead6e508a1dc5ec095f7810153a1fca202468fcb00a7e8844248e8,3
000085.png,test,81de689d2ac8b2381344acb10c618dbbcc28bd2913251082a9c39fb9e5b18451,6
000086.png,test,3ad23e3513752f475253390006118a506733f7e3bf6a7b8d1b530b474c2e30a7,3
000089.png,test,db5738960defa67b6b897f65600288012a3ddb4d720f6678462b9b7b7a783c76,5
000091.png,test,978438bee1fa3addc553d31ee7f1855cea385911d22e3a41b16cdba69b329414,2
000097.png,test,1e75949c84a9708d163808e25940bf2e28fd7b0c96a5fa68eff3a9a90b68c4b2,4
000105.png,test,5172ea109aa4a70ebe6acf2086db937a6cc43a5bdf8e6dcd44fb77151211bd17,5
000113.png,test,952f87c3ce58a5531b776f7e14c97d1f50155b35ad2978c0e6ea75c70a4225c2,10
000115.png,test,761bfe3cfda516a673432e7803a1e6cfcac3fc5ed2f6d0bfbad60486ae461ea8,3
000116.png,test,5feb4eebcd0a7f3524ef217d323e1403083c0ed224868de89e19c4af2d673002,5
000118.png,test,fad6b61a257456fa986084bca9be1b07c0b0b0a4637ee74cf54f896a6d3d2727,1
000122.png,test,da23e654694064912f498d1f5bc97cfb40f527abdc0d7785f732d6f013a97ecf,4
000125.png,test,2d9f178199257f3a588bbe4690e305d2ef9227dbcba3837ae4aff6e2f9fbfffe,6
000132.png,test,ec8e1bd7a87fda01ed0a0e7fd2f692a60c15e32fefd4a48ea8fb061b476f5c3a,2
000136.png,test,c5e3cab644de456493b1635999c00b8c7311065ee2fe26365d59028a34867f49,2
000141.png,test,e6db9e24c37db1f212459ecc15194b0064805806f6a5cee5d2261801b64146be,5
000144.png,test,8b5ab7f9956139a70d526c74977d93c31ef035490de4beb3fa7cd7de200fd440,1
000152.png,test,7ae5c8948206e6e3a17a659b02ede5f233e35704be685855f89f6b2d904a9c67,2
000153.png,test,7f534c6300bbfa42dee2da00ea6cfc561010a8c518da396e3c10e80b6de4ccad,2
000154.png,test,578bd671b6735864182dabafcf3e21d31aedda364543bd33c2fb05e1d653bf22,14
000161.png,test,edc46b5a858b39a0222aba50226c6227f1285839a18eccacab003c2cc04556ff,4
000163.png,test,33ab0f2d4f984060a8b11dc61b6da81d9902229184584b0b3377b11b59aca51c,1
000166.png,test,57b1b2e5ab1babb54ee05c35681f278bbd46f450d3b34d201d955bfba5ad04b1,7
000170.png,test,c88feccfb2b33309d33eb482fe0b39ed12cc09bd2b0f5994d9afc458ebbd10c6,2
000173.png,test,a50ee3c3d474e007e27a82e83212e5d098157ab9c307ae191b1b3c191882c542,1
000174.png,test,f95813e6cfff31dd653ca667a77ad95a335e4a840f01979cab1cf9d8f4302c47,3
000181.png,test,83a0b1da2b6505d6b03c8c2b8f855f5ee9ed0466fee00bb5cda7672241d12f65,1
000182.png,test,f96b2465224c586ae74c46122b405a877964c013bfa8daa008d170b9477c3733,2
000187.png,test,6d305a9ff0836b8e9e2700c90472fe44e76d810d29656bd1fa45843f8addd7a3,1
000189.png,test,e67020992355b60f0052b8194e03c937a6dbc38022a06fdd59e058b9bd0bb177,1
000191.png,test,298865a509a9d4a14709aabfe64b462b146092ff2e19947fd829b82785e1499a,2
000193.png,test,b7d0f864c88299a931c9dead97be1b03c614ce09792345e0b0570e6406c8830b,1
000194.png,test,72c19aaffb2b3f98430470d919d2c81bb87d15a49e1739d2aecdc182c9a332b5,1
000196.png,test,e837f99167ea5dfe1324ffc389d12d6adc4ca00613dde910ca978766183e0043,2
000197.png,test,14159dcfbde5492f6f2b9b4f51cd3856db2bc74bfb0405d7420e7c49dd6fe2a6,3
000198.png,test,e08def95d493e67f6c11702875b2dc2044c3b2f03068c72c08b549cdd068f6cb,2
000209.png,test,afb66e1997d509c7156038d36bb23e62b3afd22754f56c574b97a27c5ab6309b,9
000210.png,test,611e9f6581e1bd20b9a3c4c7de1acaefe14df651ff8aa6e9e92a7802ee0c7365,7
000214.png,test,c72eb6f2c5e8e2efe6c5c1ec3543cdaf86dbb1c8bb600e0e3c12e9184124f70a,4
000223.png,test,bb4628133bba62ad4e387da125f5cf951887caedbd17782f01f0e85f208f8b46,6
000224.png,test,73adaad6c666e522682a790a535f45e42286298377fdf77a4262992b5f1d7d3c,8
000227.png,test,ac1a1afdf1b1ffaf92e957d9ef3fd747d8853a56ce3503c5efc0bd98f7b1e904,3
000234.png,test,0e6e4132a7e0c961550d50bdec2192827f03d6c42bda4a1de19e0679620284e9,1
000236.png,test,697bbbec40c57faa81a0302a0b8afad196dc6d90c9d4425875d9db7673c13457,1
000239.png,test,5048916c26b166a4dba119358a559591217eae61c7a5492fe8a7ad20b95588f9,1
000242.png,test,ec2c09d96c72d94726c28a0867a598e0eef2e10c2115f1f911a409e02bc1ee55,1
000247.png,test,6c2c1d849a1e260e442a09ccc6e1bcb037c97ab9173809e382cb019ea80ed618,1
000249.png,test,9ba48b074eb22aa480322c237c4654923a6248b3013f3968b52f6c0ce90d7a3d,1
000253.png,test,fd129b38fb5d203069a210175c1c4b113562f34f8b6b351086a230d7eefde091,1
000256.png,test,643c42b93637cbe98a32b5d37826ecbcb7a80abcc972200a11dbe1a5f97a45ca,1
000258.png,test,77c71fa019872fb3eac2e5e6a6e0ee7aaebed6c424f5ff08221098428a182adf,3
000263.png,test,0566c77811ba7afbe4e525831d050c13c38ca1a1c209c8f109ac3c485ff7b39b,3
000264.png,test,5282c241171eb433ecb7f2432c39137cb099845e1203f80011ace81af1a03ec2,1
000268.png,test,948cad4428f24d7d2931aa2b90dbd6c27f32c15b7f0e6aee3ff672ec71282453,1
000272.png,test,f714bf249a1d8e9cc314cf64060893d61761e93f9ce87581230d9eeb67626d5b,2
000276.png,test,15f9101f720a65f459cf495902c7f75e4ab019d967b45187cc2b239109662df2,1
000283.png,test,8be722ee2e3d39536cf811af8d3c99c4adc471bda7eb7d913e6497ff5cb139b1,1
000284.png,test,5bffd1086b63d1a4ef5a7d6e5d83cb2c2de606f57c44009feff5298989b99f40,2
000290.png,test,88cf3b751881edd6418f7031b20e1963b0a859972402d5a51bcea0a7c4b34125,2
000291.png,test,9053de7ca536e3b4d5cc8669e1ec07c5f12c703426d733a0c8649f5128f3a52f,1
000296.png,test,516c0632c6b0fafae489346df28bc695211f828a44c2c461f18053ad03a9cf94,1
000303.png,test,09eb352ddfd54b88be8756a65c969f19c3a7c176f19586b06cea32ad2be6c8f2,4
000310.png,test,2712ea0a928a62707c2b012d8ad53f7752395e3ebd84cfb06f9c3ba1945a635f,1
000312.png,test,62efb9786e67806beb9612e8be5fbec1561549db63d627abda63abe82e52207b,3
000315.png,test,2c13ca982780e06ea958f6974d939ce4cd9fcb58653a4bdc4b6b65fd3f4d4252,2
000317.png,test,e22cbfa3b19bdad97888ca2db86ce3ff6aef1d32bbffb0d7697d55752bef94ff,9
000319.png,test,531f6c23136532d8ffe8b2459b2eb422eedf980e68d348bebecce579f193b8e6,2
000320.png,test,d43f711abf5761ad8035964467ca95533fb78bbb8df280ce5584d90209add501,2
000326.png,test,45ce6e07a63d6787b02ee9a662970a8062da47dd294a09cb04934050ef1e2c7c,1
000329.png,test,656a8a7edfd9744d89562727a60f9ef07a76fa91736dff40a76c886c9fc89958,2
000330.png,test,0561e5b7b572cbf90b743d914624c8880a0483458ad84ad8cf827553b1269c2c,1
000335.png,test,c02cec5fae04dd19b3612add1c39d019a450013e040d65c5068fdb87ee397836,3
000337.png,test,5dd11b932a3a92dabcf602627bf51014a039f93fffa2bb514eda2166f8312edd,6
000349.png,test,31ca23daa5be2f54890b1ab908e63340e5543cd9b72fdbc8e14d599e86b79b1c,1
000350.png,test,aca16e640b9dae7776abf2ede0ebc413c257c4f9c0e1c401672a66bfddd3b0ab,1
000351.png,test,2a67e7da0923cae3553a06d21533e3901f62cf72bb3333b69d499d69c1e03f01,1
000352.png,test,f7e9e90e1207d791f45ded7d175f9a85c052b8ac2744cae6c49f8837863c7bae,1
000353.png,test,c864ba9b17eef9c3dafd1f7a0f6c8e7e1ff4ad788d60732c06b3c9a48c0fe81c,2
000354.png,test,4c1fcd84cdc17aeca051da5d6c663cacd55afe7b1772656b16b7530dedd76ebf,1
000356.png,test,4d54fb41afe1c36f67b820cd7d46702ab5a289b75d4b58b68769d71e8fc50a00,3
000361.png,test,399cfb9d05eb3decc26ea839634c6a03fd94e7cde149c0b1e7e2bca53ef02170,3
000362.png,test,1d63d5800ad881bccc2394cc3afdea73c70fa21cfe79677e53b536e4008daf93,1
000363.png,test,a060a41602415b74fae4e70d07f21f36b43740c70bd0f67bb32a7a4dfab51be4,1
000368.png,test,d538f3b1ee73f8d141bf58e80f6978a21ce4acf1b65b15d6cc144119a6b3f666,3
000371.png,test,527433761be55d21b2c8341b611821e5e7ed1316030287f4058dd20bca3b0ed3,2
000372.png,test,80877498f6c0eb3bc5bcc0178c1a711eae1e06d5376d13028d754c7bd80fdc13,2
000375.png,test,9a14a62da0264c71ce3bfb724b31cae25cb069c515adb852c468e7cf099405e0,1
000376.png,test,b8256fc3eac7c58aab97d802525aa541131de1da6f436a88eda5a3bf1f6b8517,1
000377.png,test,3fad41b3c084b11df0333fd7854c2d2480e1a11a0c13ceb2a9b006010e6a5af2,1
000380.png,test,ba4b926b0e4b7c2ca32fc5e01b52500f14bf0011d2facb1466ef8c52f3ef8801,2
000381.png,test,52a6d1a1355ad0e1aff69c4f38d00a2681ea8e5f05308c1279a1cb7189567f86,1
000382.png,test,2df1b11f65a9eea1c23a3bf5a4c1355627bcf2962093ad3e0dae2fde93e9ec4b,3
000384.png,test,7dd05fa8c8cdae56eeafbe5257f37c37d3dda841170661805773aaf53b17ab22,5
000386.png,test,696727a5aea42aa0b1d847fabd8771c76bdfff4ff12c2b72fef3fdbe3d3e663d,1
000391.png,test,b8d012f3316a0c9696cf2108ed87fca540f3418a154ea74b46a61425d2c23695,1
000396.png,test,d0e10e7c2ace86a03267f9851ad24a3097e7abd39a76513f22fdddbe498457de,1
000398.png,test,5e21868d0144435a1708e66f9301efed5052ee4faf804a4c8e3dd116e267b5a1,1
000399.png,test,61a54ae9e5f1483a570ec586511cfce888a9821730effd90650228f9d2cb03e7,1
000404.png,test,a79fd7aa2b65dda1dc45c8f8946e3f6526919318ea7892b7a1059cf7e398e8c1,3
000405.png,test,c663072996efc13b444fc4468db15c230da22c794a729948054ee616ef11d264,2
000421.png,test,624c2d09e5d2e7b8b7b5c555b91d087f98376955d9b59b33802d6237429b1d16,1
000425.png,test,d39600b524bce28a85d63a1ecb7591b1e00c6cae9702ba209db78b4401195a18,1
000427.png,test,2c756225e7039f77039006faa7d46dc29fa4a752e98f042091bf79e6b5dc275d,2
000428.png,test,4fdd79c5301ca97bc86169e49d2ae6fd8d53858875d31a6bf1d37fbb09e5bcb3,3
000433.png,test,5fd66a137198d397798496f5bc4ef98f07ecae9b44d60ce88bcff4c7ae50b0ef,1
000438.png,test,b5391fae9a52b21d0ea9cb58e54671af631c5fd26fb310d91f29fdc5af692a7b,1
000439.png,test,e81b2058bdab28885720593d4e43588d55813b7bd36bbc81c819e6110390184b,1
000443.png,test,d0c2dc0c4004d5d9370645a9851e5be97e23d89d48d36b43502ca06c1062f250,2
000446.png,test,d69c3b2bdce239432a812b43272dad0a4bc8eafb4eada575260d85347f30c1da,1
000450.png,test,5b0596f84bc7264eb3c49de3c253d91bbfc387d1d3c817fbad8eb8a46cc767dd,1
000451.png,test,f02b40910a443801f100108427a00c47fce1fe246f4fb05dd4137e4c64cebbd9,1
000453.png,test,8fcd2c69bf9a8776715a8c8ad6509f7705d7c0266ca65b36a2fdb5f914e5e947,1
000454.png,test,32e7462a18f521d9d6527c390cc7e3562286886d8df6e36b56b4c89dc0fcbe9c,1
000455.png,test,ead4cdbdf9a078f0c7c700e5451510c89939c6c390ac6e7014690d8a0b6d09e7,2
000457.png,test,d27624cc0c4630d347b2a5c6a3eb3ffeca6f216659f47810fa69a670aba057a3,1
000459.png,test,522eb4415386b85ea6bd010b2c382b1169c7a73e3047c5de91b6afc87f095f9d,1
000461.png,test,4b2e7d38de49768e17a01e430ee3a6e7433e389a5f2ebb97871b13b073afb6a0,1
000469.png,test,f4004b80abb7f0930c41281e7e46b18357ebe5c780ecadb0bb827d6ccd127277,1
000474.png,test,cdc798e12382dc0fe347820c987235987b948c96e749a4ebae12916f3929e1be,1
000475.png,test,a5803a7fa92b8053b4867d80b38bfadb27de900f2123c7ce55596af2ede6dd04,1
000477.png,test,f8f57e7248c646ec5ecc7b0b35037cb26a3c8c1e04d1e785fda57564548526b1,1
000478.png,test,8c890ec072764b34b1b62d402a1c8cf17b811164d197bc968790f0098bad2a49,2
000483.png,test,6a9bc09c92cf1cfe8861c6b62d188d9c0c8ae13e250fafeab752fec1216e338a,1
000489.png,test,15aae65f45fb9216dd4d1fa1da28e3ff0384a7930d17cc3f9d4c07ab94831855,2
000496.png,test,ff3dfd5a4c628e1f6a9196f3fdb59341cff5e577f252ee4d31e750c0e56166c2,2
000502.png,test,dc579d0acaab7d3f7f8c241d4de24a1d53d0589ccd36122385a50736f0a3126b,1
000504.png,test,617b820d309332b85c8ff8c9715d36741af125e690ee16e992016bf001630d0a,3
000505.png,test,010461563d7b9cf087d03a427fc21ec363b12b2653816e865799dcb72fab5d3a,2
000506.png,test,4d4e505249e9994cd05773d7e7aed3788c1f0081115cd58c7395dbe0319bd056,1
000514.png,test,ca548f916827f57ccaefb912ae1ca2413bd7d26a347972b345dbd095335b3aca,1
000515.png,test,e02c547644bf32e0311f55acd1a0bba774df7bfc99648a6a99957ccd4b1e54e2,2
000521.png,test,6c7cad0598f8ac24ec6e8f3f4ffcc3f46a1fe990a8fcbb8733f124188a05aaec,1
000528.png,test,9057820a37fb1c63fa1a565f33d1a18dfea924a45e96c8ca02848ae49065bc5e,1
000531.png,test,8d1d6d72c387a6098dee1b9329918fec12abd4b804f7e624f67864c699f73f4c,2
000533.png,test,33626a8d447f181d04c389ddd3646bbd09cf04ad4ae6edfd10106cf6d3202826,1
000536.png,test,316257ae151d354a0c38b4c17eb15ea32e558aff58f28206b1f56ae436957e5a,2
000541.png,test,50a9a7362ab085c22493caab6d86e517627d7283aa14b8710e95c63a3a137539,1
000542.png,test,b273a158902a90c42cf6d7d4f213e9247a0f4699387be851df4088a0c44ba709,1
000546.png,test,6ca4ce7142a3e8ae073ebb915904b74e3fce474cc2fee1635c6005f56eee391d,1
000550.png,test,fcf64447aafbe6bc9e6e5f7b77f1e7df840b4df9023e6a406e4dd46424ce8e95,1
000558.png,test,3ba15d376453baecf9e7bf858e99a3abea7dff2a5b9939fa5aedda7ff83cc5d3,1
000564.png,test,0ec5b749552dd045c543f9e3eccff2dc32d104a90adb1883b34c7d2aa086d225,1
000565.png,test,741c0b8147a5c34befdaa308fc344cb869ecbc5b608049694f142b84e246c1cf,1
000567.png,test,168e4703da3fadcde8e2eaa2606c946343d9cc5b086599c1b9a6ceb7b19d4be1,1
000585.png,test,3ca9365af0812b93e3150a9fc8f8d89d202cbb11959bf0d25a35af893055883e,1
000586.png,test,d980c5ccafdc55186c6720f9aae0883efcf59cd695e16ac9f8ed89dd9e7e5c70,1
000588.png,test,6e49c1ff51943093ae77e87134c08387e760ada415be499a104419d4df7b5194,2
000589.png,test,a972567d6160052332191dccd423a22bca84561866945f79580db425d1e13c3e,2
000591.png,test,8bf591339f351940707b4b3f108878d220e6f81e2b3d2cabfe84ae6e4d677d59,1
000593.png,test,61eefb47495284ebb2749ab21cb054c8086d3bfdf93c8461c2c81adec14400b0,2
000599.png,test,7dfd8540105d95a2fa0e8bd86988d4cd905a25c612f2e1f23b18497abf16389b,1
000603.png,test,daddc9be4b26fb3c4f2ed7a9c819977508fd20ff104eb2408dfa98007d5077dc,2
000605.png,test,4ecf6f0952ccbe3a769ce35ae7b0460337c9e6a93adb2434279608094b66e221,2
000613.png,test,26987fcc4fc82f6787295c09ab70e170e2ac92fb22d30bd1e331a9a94b380661,2
000615.png,test,a15f0d946d145f00843918a1aa3de0ed9f14782615192f8fad227309070bac24,3
000617.png,test,e65c04bf6c77826b137eb40532e4b9c1bae8063abc40cae8ba62a37b3be5b69b,1
000620.png,test,6d2a59b4241e262c69fb3340a6f2c87b484d35d6401cb0638542c15c78267f93,2
000624.png,test,22191697cd17d819ce1e07ad6e1d01e30f52df2d69d05683bdb294564b33b4ea,1
000628.png,test,aa32e59090f7bb99619183e48bfe34e9296b094f2693d953070e8a450c1613be,2
000629.png,test,32f645c35cd09646538ef5e0c3667f274ac9c890637c1f34ef265afedc5d0d0e,2
000641.png,test,782c0585edb4c58477a240ebe0e1f7b030c9a2e6d1dbdc088b7de114f156ddbe,2
000643.png,test,5bd5ebf83cead411504f3c7791a75500d11357fb76bd81ac4866ef608e129431,1
000644.png,test,edaab41c92ee764d5dd855dc9a2a16c6298165db3530e85875318fe23e4727a6,1
000648.png,test,e44b3c99f58ca6680af91b21a33753ea4b92d3c5e7a63857c952408d05ce0ab6,1
000649.png,test,0ed3551aa3bc2f71fc6c1aeff9a2165b3961826073a50c07cc4a0c75a0077239,1
000658.png,test,d9f6d5218314eb6a93182613cdd749daab2c7e17b7912064e48f38884926e60d,1
000659.png,test,ccb933f39273227d40514467bb0f79de8d439cfe2bf4ce80ef52b7da39bf82d1,2
000673.png,test,501919eea3f9a3a0f697b447c984497e9c3ddf21e03ee624ac6680e415c4f84a,1
000675.png,test,9769f673e25a073745eaffa4d522cff2dd41e0491fb588ccb2fae195d2ffec7d,1
000677.png,test,4fa47e819c6d8a7502387d2be4c466f64d3da759811e08d24474c8077f4d3694,2
000681.png,test,db693e113f187432e0850ddd1d871b42bc2e33040634c97232e07215210851e4,1
000682.png,test,39ad1b7907e7a434bcebb0ca463d598ac58b28812258d05af5568a10bcba610a,2
000683.png,test,c982cceadc9a84a54f940d21e60e50083d1a60486dd2ca4e7d6aacd9bd208a66,2
000686.png,test,842674bff78e14d20c49c4788104c087a72b745a769120530054726df569bd4c,1
000687.png,test,e1ed01d57df86514ed4445eaf02d31ce04f9c663d4045d78e89fa2899f7db0b6,1
000692.png,test,a2faf1f971b66471f483ae4df61643c39ce93a5cde266d0e6768a9f57525f7f5,1
000709.png,test,71b7b0c8da9aa0fe88e11964e4de23bbd4c3f6d292df78ffe68f3574a5c76613,1
000714.png,test,d1af3b18391f7e21731d88b18898e68b5690e733890c81920d39ad59954c67d2,1
000717.png,test,5c21eee55c8bcee831b071d821b8ff1c0a47e0b5ca9922b085171f92683dfc1b,1
000721.png,test,a326704126fa07bf4b627a9ecb18f48afeeda4302015d786823c83d63edae869,1
000722.png,test,5a0f88fd03d52215957cfabc36f4305e0378aebf36a04724e9b98510552c91e4,1
000725.png,test,a486ad4897bd0f32d6610b8bfecb45e50ce0950911856fe1649795e70c23c81c,1
000728.png,test,cf9fa5a8d1127170f10688fdf8fe2007923a9266bba46870c055ce4529375ab9,2
000733.png,test,6f03e270c63a910549457b70e54b09b245dbb7b50f8865eb199c4cdc96c4088b,1
000734.png,test,8c49f44ebe9467116c5dfd636d97be46b800271cbe1e1152bc11ad7bbfa98c07,5
000737.png,test,6ea6dec7aabf60fee0d3d478e3f287cdea7639d65ce9751f7437311d112d36c8,1
000741.png,test,8d24201cf72022ecbc0668c15091984ac6da760cbb800083f41f0a73eb41c84c,2
000743.png,test,ca36ec87b1800be8c6db5065a8c69054efad2400f32b72ea20a21a8935f2f149,1
000748.png,test,7f50be189eb91df5ab835c0f2d9505100c91ef4f32190e79d6b76d343ef6b3c0,1
000749.png,test,2549784454e56cbc7120794eada56e7072e901bb1b8eb0a67c985b0974dbdfce,1
000750.png,test,f4f66cd7981466b8315e4bbd4d932923fd616b4398a96a0dac6eb05721868440,1
000753.png,test,6a3998dc2f4b439759fa78547c1e16c83f53a706954228e58eeccaade62d2765,2
000756.png,test,679937a20f0a33248a3c4c6604c323f5d31261d2920ad6768ab6882d969d10e3,3
000758.png,test,8face60837e836c55bc8b883663ba80f9b7906a2214943b880c97286e3593c70,4
000762.png,test,581356ce1524bd79922a91278620807e3f4e05e3fddf0f15b207ad533727d375,5
000768.png,test,ada85f342c6463fbca7dcfe7d609a07cb69d8618696a772752d7333f11965c04,1
000769.png,test,16abe7b2dfc735d6fd04352a60d6345dc9f52ace9bb78df77e12a1c48a36cd02,1
000770.png,test,d7e01d65013033e11e5bd1ab1ab19f4be98ad483b67768418e8bbfd3d53b7026,1
000772.png,test,a0175e8d59e4d789ac761e414d807a25fdfb72027d252c9c79b59314f7151340,1
000774.png,test,6b5d17a27583e202697a82e97f1baea663ebc402e5efe1fd80bf599acf70b62e,1
000775.png,test,73225efbd90d8b24eda5881de577f2e7f0d8f1d1902f000f42c93b2173a666dc,2
000778.png,test,5a63c421905a99ce4c6b355e9fa24f0964660079cf4fb1b8311eac9215524852,2
000780.png,test,764f68e97df9f03bb2303c3bd1885aeccea1e936cac98efab60af7b3aa8130f9,1
000781.png,test,01de4cfdc03333bc740cf5d88e367c67fbf88f243697b2c1684eb857b54352dd,1
000784.png,test,289caf64300774cebbdf142cb1340bd2e7f5b20f8a94c8115ffcc54999e011e9,5
000792.png,test,214054fac6db2d412344a24c65f458ac893cd46ecf27b55f0306d1dd978e3a13,1
000793.png,test,b9a58f15ad7d9298bc5670b6030be4435746b50444c1e048690c7bcfa4869bcd,1
000802.png,test,4571bdf38cc40a76429e436853c03cceab5e05ab903df9ff9033bfe1510effc4,6
000803.png,test,e995364172928ce98384b02b72943e15428f5130badc4d000cb20cf86e13e024,5
000804.png,test,dc9888005a76a02b959bc13bd9f3d24f5c821a5ae13e89ef4db259bd8d6cab82,6
000805.png,test,deeffdd0e39c11cd2cba1b3c84e5e3e3d3d749ac7493d5390db8f0994748058c,5
000810.png,test,a0358c9bf5c81ece1fede275ce9ba106619139ff8e6f62ca21cdaa2697bda3cc,3
000812.png,test,a90f611e1981edb4617c637c3e36a427acf8b2818ed10d68a4155a9b9dce0701,2
000817.png,test,7a07beb74f60fe0dbfc863eabd206b9244223a6bcef4c8ac866e2cbdca3d74d8,1
000819.png,test,5ff78f05df191a2492e8c07193cd0c7db08e023c9f4456b3e304ff1a3c00b4e0,1
000821.png,test,2de0e3ac716ce0cf4ff6436f80a9cc6b7110a7c23a964539f2a3094c562b2761,2
000824.png,test,e67dc011af2eeeb7dbd3297bf82a30544213a2312c66b9cc94a8789bfb0925cf,3
000826.png,test,e6883578c5c5f3addfc2fa7b9233d66f59d7712a1ce1b0d723eae463c6bc9f57,4
000831.png,test,767a690726c340cd7465f78cd85c469d0c3c5725c43c919889def47af867f075,2
000839.png,test,7bccea1424975a112e974945e3453d66150e4d98285c1e9eab44e0cf4c2b98fd,1
000840.png,test,ce34e83ce8113efe64ba5f65c96cbd35db118afe4d4a06b9b7a3f36839178092,1
000842.png,test,a7d572e0a94c08d219a8e8a94b485c66ef4a00ce9e94d6da2364c16036333a6d,1
000847.png,test,358945350b0688af9a775bdce11ee1ff7e057918815628ff4dcb6ee2bd7f17fb,1
000848.png,test,18db5aee1c9adc206b117d8d7d9a5f452e923cce41caf7a5856e05386d24644b,1
000859.png,test,6769beebce7b950a88ff0fd9d75aef9f762dc914dbadcd65fb281e6781be8932,2
000864.png,test,41258b3e4a9053f7b9ae4840df8ab88553e502bcff89560256d6cdfd4d543997,1
000865.png,test,856f8379745dac77d2b8c3be73b03217929782821cf0edb44dbcac3cd43b6b07,2
000867.png,test,965072b2b95fc4e2513f044c18ae33c5f8ce7f80beb8eb990645fe0d8ca36d62,4
000868.png,test,ef25c4165718e607dcea1ef35988859eaf5e196aa9376a6906ebb1186eb109be,2
000870.png,test,8f0e7dfa65748368cc337ed3fd24fd5a0a683fae278633d96bea8c2c2f1eb685,2
000871.png,test,aead527cdd1df4aa92b67ed9b390e4992db906c6c25c90a5e40407625ad36d21,3
000873.png,test,ae30dca74872e79cbadb4d6621677b11aa01fa9894c6e27723ef511eaf4dffb5,5
000876.png,test,dc326ab083ac37fe1fce871d3bc1a31d3bc708df47e99d6dc5705ea4a9aa7696,1
000880.png,test,d63deea25e56ff57db26d5cdf189b9c5a1f6f96876fb8c66b93743b96162ee4d,5
000887.png,test,321abc87ba4c54ae97f8a0b860a170cb3b34ab9927f1c8774bec8820482d806e,1
000889.png,test,2d207b96c896c01ff8f989b383ce8ded1b48b2fef26b23f79c4d50537a1122dc,9
000893.png,test,0dcb2c5abc0ac103dddcd1fc847e7599b341ac991524759b6ca8a4fa67174169,1
000897.png,test,3ca585b6a3ffd7263e51400e9eb8c020163e032ced9d01273560fd8d35e2c484,1
000900.png,test,fb943948098b72bc3a0b9291b2516fc736c9a2cecd2f45bd89d1fe3676e2eb9b,1
000901.png,test,536e47475c036798b2b58f44e21179eaef733335e0f893cf79d9e24d77b03947,1
000904.png,test,14a76a784db10d1a4c4723b31ee47c1f9b0186b6cfdfdfddb076337b530fd552,1
000905.png,test,b9b6271a5d8d276a101fb42e64cca251ef748004ea200fb1389487a46fcf2ea7,1
000907.png,test,d97c67ef4c891ee95eaf19c592d9f85142ea9395a658fa669ff85f3dc993f09c,1
000908.png,test,7dd82641618caf63bfc8710b67ee06320d54ea2988c48e37781a3b8768cf9410,1
000911.png,test,236c47e3f40515c70372030b893e6c98948b2c101b3b1a25b114519778969ed3,1
000912.png,test,d673467169533917931dcc79e6ff1c961d4f63d4b89586e4db399ab2f667bc21,4
000913.png,test,deb1fc639c7b1aaca14c089143966d06cac17d0b401efaebfa3fb537e27d9652,3
000915.png,test,77da911df123dd4ec30666b89e5e291dda12cbe2d91d5bc8161cd3d118e18985,1
000916.png,test,44f301b80c369779d029635168c6ce6c04121aac8b83398ff28d9917ede53eb9,1
000922.png,test,110c81ea6ad350be529067ba3c7c36aeb9559a3d70fe28599a3807a1f9de078f,1
000923.png,test,0a027ab0f771dd75ea01ab4e8515ee62e33281db39c9dc5d4a79f796cb697f0a,2
000926.png,test,01634af9a498baf830dcab65b658fda34ce71952cba0ae3dde6b46141514dd1e,1
000930.png,test,377a76470dc88dd0d2007e75f44dfc8fa51c08270ad4173e8b89086b7f97dce3,1
000933.png,test,df2b65690594fe1cfe0041031e1c6e08f8b59df84d026a070d1c4dbedd06b02a,2
000934.png,test,4de5cba9a370782ddc9ef197a580c4ba8b213094e425d4e6e04d15eaee39bf69,2
000937.png,test,ef1ef5d4aee4efac7aa2d6572ad810886fba70cea60f4e8b2b752d4ebc27a37b,4
000938.png,test,2244838895b0e78f8458241899ed829a82926a8fd7799eebb9f2c27f92202aae,2
000945.png,test,27bac91e709ed8519af6aa35c5deb36461f43b20eafa5ff5a0715e014c598638,1
000946.png,test,98eeec8dc113b70da3be304d097b241eaab1ef39d204ac49407f9af9ceca1c50,1
000953.png,test,f8edb2f901f797690d0ce0ae9f9a757a9f94b4d718d480194073b7e9c525c9f4,1
000956.png,test,1a9ccdc427d3fb8019abe25b03e9449c6f08b2253c637d4704ef5c914418e137,1
000960.png,test,e47c2d59b22ad2b0a4b173bcc31aa7387a7be581cfeba49dde841a1c55136d38,3
000963.png,test,7f34173f52e989c2e2bd664de6086de4f210f6660c97be0537a66699b30c6e93,1
000967.png,test,f88e37edf6ca9992131552ffebb2d884f5ca062d901baec398def45cca8675ab,1
000972.png,test,4569bbbf0b5d1e482d4f544e7be71b39719d10bae3721a8f7ad4f39abcc1c00b,1
000975.png,test,38f015e60c6dd4456422c0dee1002b0a8e884d18047c1f6719c80c577c1c1af2,1
000978.png,test,d85fc46116d62c04c18f7725499a1b8d2a9331e3a358ed2ecae2844338f49bd0,1
000979.png,test,c459ec5a5e5be0ce1f54219656e35a8ed1bf76e8c1443b6f5ed2f61b930a5a9a,1
000981.png,test,08dc812f2db515a907427ec2d82d8a96a47a9605c0d5d72ac7d6c6716de03016,1
000982.png,test,418bf934472b4c62070b3499f133f7b43f34ac852388d01ddcdf2d9ebaf5f206,1
000985.png,test,adf9f9ddeac9184187abae60a1fb31c4ddfafd054db8f019e6ff95a2e0aa54dc,1
000986.png,test,afab7fb45d8ffef0e35e16c9fe9bb568532b1832ecadaf2879af6c0601ecf8c0,1
000994.png,test,a79868fbe22f595a607c6f184242e0f8addb782af580b18e4aff9cbab94f4e0e,4
000999.png,test,02aa42374f17576635c6990c249bac68080a902fae80291e2b62c848874b510a,3
001000.png,test,32911781d7fbc84f06159cae1bb51fe25495dd3418cd2ac94fd6585a3e377230,2
001003.png,test,fd00b81b8135bd42de781e80bb9afdd7a053a351e099cda371a8530c1ee349f2,2
001013.png,test,3adf81ea4e9e3c6319bc9f4984c3e303ecc3f6210df21edb92c691584380af93,1
001021.png,test,d0231f24429d5686a441788ecd124cc7e59d05d85176aefaac0029d1c651ee91,2
001028.png,test,2942242e43eeb1c9b62197ac08e2148767e6c97635511101249bb12b3f035b2b,2
001030.png,test,4730b122c0a85b41b9cf89a201be2dd267b7b3cedd6108cbb40a1849b8ef83f6,2
001035.png,test,bd53d83b522b0c9c367385e607ad46b512aae017b522831ee6d91e18044378de,2
001040.png,test,3de2929da118a7eec860a8d7ada2ae122b5df2e7558d59bb6101095b05c312bf,1
001042.png,test,64f3277e7fc55fef1fde24d936b0a1c01470a9dc94419fe92b2af0990846898f,2
001043.png,test,0a7a6f4864d6be32399fd01eda197a695e9453476191eddbac04ea6d7c85f82a,1
001046.png,test,756326bb8a16e0ed4e87a5f333104f90f0ba662d6c72f7253a849f40d3ca0541,1
001047.png,test,e2099f8847ec29d1c34e6ef7f2fccfda8d8a4cfce441b508a08b557b15968f52,1
001054.png,test,21577fa507b3e3477e618876e6b587625c8e9aeb2d45539cdb1d7afad35d1c78,2
001057.png,test,a196ebf3dad4ef5c63e36d3676efabb42dbdd4602f31ea8e662fb7717d189ba1,3
001058.png,test,22b4cd9fcabe2772d58cf4a48a02e5eca10d0c3772ac0ca99675c613c8d4964c,2
001064.png,test,1fa9f21c3072d54a52faa0eacf9befef6cd9a3b202721872f27ae41ad6179aed,1
001071.png,test,940f3fb2ca92cd431da9e40f8b585799bc2366166039e9aa005d18341581a389,1
001073.png,test,a6f67caaa6297ce1bba6416594aff662f3f9df3add2b660e924ce139b18448a9,8
001076.png,test,537e3f2081b687998ae2935f1892da5a8ac698297e25fcfb3c30d6e61e4af455,1
001077.png,test,695d88242d2826281ed0fa877a7818561c4c754637e467353e8ba8903a8b4d8d,1
001083.png,test,2814b738cc03c98168ea1c265b7edfa6834af8a9d369549b6f633589f798aff3,1
001084.png,test,24b63662d2e39c8135c7334f927b7faecab007ce62ac1b46e740d43fd900ea1d,1
001085.png,test,362cbfb390380a3a76c0857d3fb8372b007853db795ee041af2cba395d0db34e,5
001088.png,test,bc117fbd0e945487a22af51eafac8713fcf2ee1470794cb73878f82cba9eade7,3
001091.png,test,1b7c5bb157b56a6224f740111f52c4733f2b58edc2ba110a97aad0fc5d9e7129,3
001095.png,test,ffe08f69dd3538bfad5244d15e47dfddff9c9a82a2fadd50c409c0ed767df5bc,1
001097.png,test,fdbcd6cd3a46344cadeff3b7ba2931b87b6c3b7d9a083f2a437b45d1ef371b43,5
001101.png,test,f2efdb199a22e1656a915f3a249999d299310b830265cc923642afbf6a5668f2,1
001102.png,test,8cc030d80fa93fcff8f5cccbc234804689259de7f190be2a7b27ccd3579d2462,1
001103.png,test,8643c9cc380158998a7a73240b2b17cf5edfbc7fe98b3effb29e3e55773a7e77,1
001105.png,test,218cce44fd08e0658c27f0c7d816a6af1eddf05930f03455efd0f2baa908261f,1
001107.png,test,25f39d2225e3a4028c26c8db99f4f21f8661c6225f51130cc067cb0c0bebf121,3
001109.png,test,cb4f5927b1f506e8a83391813f365145291dabf816a536a3eeaaac0f516b640d,3
001110.png,test,52555888a7661f6d246b31aae91622639b1d73d40622efd0d4ea222520a0954a,1
001113.png,test,f7bfeeb6f8d0db6a2701636c520fa823444f316c622aa6ecc572df75db35aeda,17
001117.png,test,2b9c7efa4f4eb392087c6702c5bd75f05b879217453227ca8676a6875a77dc39,1
001121.png,test,9ad83d8a48425999c283eb3398fdafc10a1fb704f0d4e6aff92a37afaffaa299,2
001123.png,test,8a646fbb4404091396e28576a5a93f99eeb0cdc7945ea7c888a38a4f526583fb,17
001125.png,test,b93308bbd431a524fdbb0f50a1e7b04d3af3d0af012c8009af34ccc97813bf04,5
001126.png,test,fa4a5c27ec3b67ad49b918e1b159b94d01b8d48773910494b43dcfc494de01e4,6
001130.png,test,c85c708cd89ecc7aaa6f8600b0cd5462d8a7982595aba69e3117df8952d5a657,1
001135.png,test,22b9d3f773d7a809f029cdd24304e8253cf5d4aca4864ba15ac082ed24046a77,2
001143.png,test,cdf3bacf1e530a2be11c1f571bef3fdb3e96007e56ff8ff2bc58303960a4a003,20
001145.png,test,1cdac231bc2ecd0e11fcf66743a394566b0d2d6cbba6cf2e8c6fc4e399530dd5,9
001148.png,test,ed68280b7746e215f498001d5c70bd5d3c253d73a99b78537398b4023ae1a095,2
001149.png,test,ea939b96e8ea5b464ef59a4b99bea65164e1e6a5c658b15df3fe3e763ed26249,5
001161.png,test,51d2b34ebab507d12a1d1c86dbb4e75be10f83d09e9dcb4667e408905cae46e1,3
001162.png,test,efdd0b772cee912ca6e9478c71d0d9009377aebafdc57dfae7d4803fea5520b3,5
001168.png,test,f6dd41ae8ee7d96bbf98fd2e944b5158204ffc8a026185a894a997ee4293d827,3
001170.png,test,3aab1639f9adc7cf88eeb6d53bc8fd3622cd583b51e759bd7e1b6000041319b5,2
001171.png,test,ccc9efe1d04265b1ab97156f86c9ec88e842651e0c4ec90a755b259ac34fa56d,5
001173.png,test,475637776e8cc88d5f7a098221cf31811aefd2d2c952b005da97fb13522dce83,14
001174.png,test,cdb470113ac5d6cc0632989e80e3c3d9fda81a50050b1ccbcfd6513c0356d99c,6
001177.png,test,a2ea619e7ee5455079e129326c3fe01da1bb717ad3cd5709523489f6a0a5b457,27
001180.png,test,0492d6e9ea0ef28df3856ee331c140424ab00dd5f47a0d6d8eb396f5a310d30a,9
001185.png,test,ae7a74c5e35dd62a2198437ec796feb94b7bdb004cdc6b812cd370e90bab0e71,5
001187.png,test,ee84512ff5d20486c365a4ba1354bbbf73fecf2b78ea476fcd1ae0d7e8db698d,5
001188.png,test,11af4f956db03c8a672cd3f5caa5e2feae43832f4b52914e40070b31c02bd902,3
001189.png,test,bd829d529a0e6520a62d0d4950afa71f6bbf646280f7e69a1425220b680d112c,6
001198.png,test,27d6166306704949b192e033536eae2f05ffc0f4caf7336b4d21cbdc80dee836,2
001204.png,test,ef09cfcaff0de87f8e6bcab0f27d63e9d48e41dae15fb1e788fc9ba211d20d0c,3
001205.png,test,c10cee9a1cf7feccee8b804444f000d7164f3e4810d968f7cea411f1aa6c6ba9,1
001207.png,test,ba747e6c974eac4415011038052621dced79f5ff53d2254e9a4cbfa7755afc67,5
001214.png,test,c71f1fea156f4c8b2120115916a5975406d906672c217bdb5841d18196306f67,1
001220.png,test,707b444a4270f0148a1d693b033cf3dfb1e70e21b23c653c4032744f48292da8,6
001221.png,test,92bfad85cba676d7b7c210915b9afa2e8c4c1c5124b1bc373d2b74c7ecece50f,2
001224.png,test,927dcdb2244542806c31a8b6ee5c923021c573dea92ec843a2711dcaca9d4eda,6
001227.png,test,94d600b15d4dfb3784d8685d10c5c2dc6991a292c0d8e754dc0ec2561a0469da,5
001230.png,test,906dbe203484b29aafbac41f7294bee77101a679ff59e9f66bc8a732b67a0572,1
001232.png,test,1c8927d91f73030029599c9f42cb1d465920a82c85b1274b8065e9b6b8d22604,2
001233.png,test,d6587285b8e03dc38b539da1520ad5ed6066e5f06406ff27b18defd349ada115,1
001235.png,test,a02f5aced057a216e04702d14e62559de2a298da5c7870dae724f6d38b16616d,7
001242.png,test,16c4ce38f2e65ab3f1962bc59067c95f49795af41f962bc60695fc483545684f,2
001245.png,test,a14e1ee0228c351c2e4e004dfba039c5354a06520e80fc75ec16c5da2eb41016,5
001246.png,test,eccc8f532291b575877b123554254e1b9b3e8009e27726cc9a95350ce66c4b20,1
001248.png,test,d7bdded1e7f0c39445473054aacc53b4520cba0af751b82235497a727cd475d6,4
001249.png,test,8b4f4bc1071aa05eef465d88d9fe916a73e431251e6d2d9aadaec5dcddc043ba,3
001250.png,test,627d1578b9519d33da937ffd64c0a61762db715de9f9080aeb3dfb4aafee6a6a,4
001260.png,test,972379defee7ae68bb73af9fc77f14f42e63d89c363d080bff33551d3a63a23c,4
001264.png,test,1f395740651c35ff43d7cc92ecc2201b056118a8c772efa28e5af93e1a71eb05,1
001266.png,test,2cc5a9c5cb99f6a27ae3f8aecae201436b15b1e4d16d590f7d76cf57437b818a,10
001269.png,test,f9fc1e353eda2da6d3a83458be8555b03c7a4199da815859057f2611cae9e3cb,6
001270.png,test,8b1b28c666ebddca7bb2a5d1700bc773446412b52a269a3a00f61aa5f787330f,4
001274.png,test,a13ac1abc05b758d247282092e88048f8faf5e07c891f41e30b5dda2402b0d18,15
001276.png,test,54a1322c1a109f224ae891219b5f0d8d2b43a025e4c983e74061e3e8659f3b76,6
001278.png,test,1d98bffbe9e644d496412c04130ee9aa78ff7e6a009996f8e9b40628bef594fb,1
001282.png,test,140dd556857a700eafb3766d739f0b8db84179694ec70660b7debede956703b7,1
